train_window,ticker,factor_cluster,sector
2004-12,A,1,Health Care
2004-12,AAPL,1,Information Technology
2004-12,ABT,2,Health Care
2004-12,ACGL,1,Financials
2004-12,ADBE,1,Information Technology
2004-12,ADI,1,Information Technology
2004-12,ADM,2,Consumer Staples
2004-12,ADP,2,Industrials
2004-12,ADSK,1,Information Technology
2004-12,AEE,2,Utilities
2004-12,AEP,2,Utilities
2004-12,AET,1,Unknown
2004-12,AFL,2,Financials
2004-12,AIG,2,Financials
2004-12,AIV,2,Unknown
2004-12,AJG,2,Financials
2004-12,AKAM,3,Information Technology
2004-12,ALB,1,Materials
2004-12,ALK,1,Industrials
2004-12,ALL,2,Financials
2004-12,AMAT,1,Information Technology
2004-12,AMD,3,Information Technology
2004-12,AME,1,Industrials
2004-12,AMG,1,Financials
2004-12,AMGN,2,Health Care
2004-12,AMT,3,Real Estate
2004-12,AMZN,1,Consumer Discretionary
2004-12,AN,1,Consumer Discretionary
2004-12,ANDV,1,Unknown
2004-12,ANF,1,Unknown
2004-12,AON,3,Financials
2004-12,AOS,1,Industrials
2004-12,APA,2,Energy
2004-12,APD,2,Materials
2004-12,APH,1,Information Technology
2004-12,ARE,1,Real Estate
2004-12,ASH,2,Materials
2004-12,ATI,1,Industrials
2004-12,ATO,1,Utilities
2004-12,AVB,2,Real Estate
2004-12,AVY,1,Materials
2004-12,AXP,2,Financials
2004-12,AZO,2,Consumer Discretionary
2004-12,BA,1,Industrials
2004-12,BAC,2,Financials
2004-12,BALL,2,Materials
2004-12,BAX,2,Health Care
2004-12,BBWI,1,Consumer Discretionary
2004-12,BBY,3,Consumer Discretionary
2004-12,BC,1,Consumer Discretionary
2004-12,BDX,1,Health Care
2004-12,BEN,2,Financials
2004-12,BF.B,2,Consumer Staples
2004-12,BIIB,1,Health Care
2004-12,BIO,1,Health Care
2004-12,BK,2,Unknown
2004-12,BKNG,1,Consumer Discretionary
2004-12,BKR,2,Energy
2004-12,BLK,1,Financials
2004-12,BMS,1,Unknown
2004-12,BMY,2,Health Care
2004-12,BOL,2,Unknown
2004-12,BRK.B,2,Financials
2004-12,BRO,2,Financials
2004-12,BSX,2,Health Care
2004-12,BWA,1,Consumer Discretionary
2004-12,BXP,2,Real Estate
2004-12,C,2,Financials
2004-12,CAG,2,Consumer Staples
2004-12,CAH,2,Health Care
2004-12,CAR,1,Industrials
2004-12,CAT,1,Industrials
2004-12,CB,2,Financials
2004-12,CCEP,1,Unknown
2004-12,CCI,1,Real Estate
2004-12,CCK,1,Materials
2004-12,CCL,2,Consumer Discretionary
2004-12,CCU,2,Unknown
2004-12,CDNS,1,Information Technology
2004-12,CHD,1,Consumer Staples
2004-12,CHRW,1,Industrials
2004-12,CI,2,Health Care
2004-12,CIEN,3,Information Technology
2004-12,CIN,3,Unknown
2004-12,CINF,2,Financials
2004-12,CL,1,Consumer Staples
2004-12,CLF,1,Materials
2004-12,CLX,1,Consumer Staples
2004-12,CMCSA,2,Communication Services
2004-12,CMI,1,Industrials
2004-12,CMS,3,Utilities
2004-12,CMVT,3,Unknown
2004-12,CNP,2,Utilities
2004-12,CNX,2,Unknown
2004-12,COF,3,Financials
2004-12,COO,2,Health Care
2004-12,COP,2,Energy
2004-12,COR,2,Health Care
2004-12,COST,1,Consumer Staples
2004-12,CPB,2,Consumer Staples
2004-12,CPRT,2,Industrials
2004-12,CPT,2,Real Estate
2004-12,CRH,1,Materials
2004-12,CSCO,1,Information Technology
2004-12,CSGP,1,Real Estate
2004-12,CSR,2,Unknown
2004-12,CSX,1,Industrials
2004-12,CTAS,2,Industrials
2004-12,CTRA,2,Unknown
2004-12,CTSH,1,Information Technology
2004-12,CVG,1,Unknown
2004-12,CVS,2,Health Care
2004-12,CVX,2,Energy
2004-12,D,2,Utilities
2004-12,DD,1,Materials
2004-12,DDR,2,Unknown
2004-12,DDS,2,Consumer Discretionary
2004-12,DE,1,Industrials
2004-12,DECK,2,Consumer Discretionary
2004-12,DGX,2,Health Care
2004-12,DHI,1,Consumer Discretionary
2004-12,DHR,1,Health Care
2004-12,DIS,2,Communication Services
2004-12,DLTR,1,Consumer Staples
2004-12,DLX,2,Unknown
2004-12,DOC,2,Real Estate
2004-12,DOV,2,Industrials
2004-12,DRI,1,Consumer Discretionary
2004-12,DTE,2,Utilities
2004-12,DUK,2,Utilities
2004-12,DVA,1,Health Care
2004-12,DVN,2,Energy
2004-12,DXC,1,Information Technology
2004-12,EA,2,Communication Services
2004-12,EBAY,3,Consumer Discretionary
2004-12,ECL,1,Materials
2004-12,ED,2,Utilities
2004-12,EFX,1,Industrials
2004-12,EG,2,Financials
2004-12,EHC,3,Health Care
2004-12,EIX,1,Utilities
2004-12,EL,1,Consumer Staples
2004-12,EME,1,Industrials
2004-12,EMN,1,Materials
2004-12,EMR,2,Industrials
2004-12,EOG,2,Energy
2004-12,EQR,2,Real Estate
2004-12,EQT,2,Energy
2004-12,ERIE,1,Unknown
2004-12,ES,2,Utilities
2004-12,ESRX,2,Unknown
2004-12,ESS,2,Real Estate
2004-12,ETN,1,Industrials
2004-12,ETR,2,Utilities
2004-12,EVRG,2,Utilities
2004-12,EXC,2,Utilities
2004-12,EXPD,1,Industrials
2004-12,F,2,Consumer Discretionary
2004-12,FAST,1,Industrials
2004-12,FCX,2,Materials
2004-12,FDS,2,Financials
2004-12,FDX,1,Industrials
2004-12,FE,2,Utilities
2004-12,FFIV,1,Information Technology
2004-12,FHN,2,Financials
2004-12,FICO,1,Information Technology
2004-12,FISV,2,Financials
2004-12,FITB,2,Financials
2004-12,FIX,2,Industrials
2004-12,FLS,1,Industrials
2004-12,FMC,1,Materials
2004-12,FMCC,2,Unknown
2004-12,FNMA,2,Unknown
2004-12,FOSL,1,Unknown
2004-12,FRT,2,Real Estate
2004-12,GD,1,Industrials
2004-12,GE,2,Industrials
2004-12,GEN,3,Information Technology
2004-12,GHC,2,Unknown
2004-12,GILD,1,Health Care
2004-12,GIS,2,Consumer Staples
2004-12,GL,2,Financials
2004-12,GLW,3,Information Technology
2004-12,GPC,2,Consumer Discretionary
2004-12,GS,2,Financials
2004-12,GT,1,Unknown
2004-12,GWW,1,Industrials
2004-12,HAL,2,Energy
2004-12,HAS,1,Consumer Discretionary
2004-12,HBAN,2,Financials
2004-12,HD,2,Consumer Discretionary
2004-12,HIG,2,Financials
2004-12,HOG,2,Consumer Discretionary
2004-12,HON,1,Industrials
2004-12,HP,2,Unknown
2004-12,HPQ,1,Information Technology
2004-12,HRB,1,Consumer Discretionary
2004-12,HRL,1,Consumer Staples
2004-12,HSIC,2,Health Care
2004-12,HST,2,Real Estate
2004-12,HSY,2,Consumer Staples
2004-12,HUBB,1,Industrials
2004-12,HUM,2,Health Care
2004-12,IBM,2,Information Technology
2004-12,IDXX,2,Health Care
2004-12,IEX,1,Industrials
2004-12,IFF,1,Materials
2004-12,INCY,3,Health Care
2004-12,INTC,1,Information Technology
2004-12,INTU,1,Information Technology
2004-12,IP,1,Materials
2004-12,IRM,2,Real Estate
2004-12,IT,2,Information Technology
2004-12,ITT,1,Industrials
2004-12,ITW,1,Industrials
2004-12,IVZ,1,Financials
2004-12,J,2,Industrials
2004-12,JBHT,1,Industrials
2004-12,JBL,3,Information Technology
2004-12,JCI,3,Industrials
2004-12,JEF,2,Financials
2004-12,JKHY,2,Financials
2004-12,JNJ,1,Health Care
2004-12,JPM,2,Financials
2004-12,KBH,1,Unknown
2004-12,KEY,2,Financials
2004-12,KIM,2,Real Estate
2004-12,KLAC,1,Information Technology
2004-12,KMB,2,Consumer Staples
2004-12,KMG,1,Unknown
2004-12,KMX,1,Consumer Discretionary
2004-12,KO,1,Consumer Staples
2004-12,KR,1,Consumer Staples
2004-12,KSS,2,Unknown
2004-12,L,2,Financials
2004-12,LEG,1,Unknown
2004-12,LEN,2,Consumer Discretionary
2004-12,LH,2,Health Care
2004-12,LHX,2,Industrials
2004-12,LII,1,Industrials
2004-12,LIN,1,Materials
2004-12,LLY,2,Health Care
2004-12,LMT,1,Industrials
2004-12,LNC,2,Financials
2004-12,LNT,2,Utilities
2004-12,LOW,2,Consumer Discretionary
2004-12,LPX,1,Materials
2004-12,LRCX,1,Information Technology
2004-12,LUMN,1,Unknown
2004-12,LUV,1,Industrials
2004-12,M,1,Consumer Discretionary
2004-12,MAA,2,Real Estate
2004-12,MAC,2,Unknown
2004-12,MAR,2,Consumer Discretionary
2004-12,MAS,1,Industrials
2004-12,MAT,1,Consumer Discretionary
2004-12,MBI,2,Unknown
2004-12,MCD,1,Consumer Discretionary
2004-12,MCHP,1,Information Technology
2004-12,MCK,1,Health Care
2004-12,MCO,2,Financials
2004-12,MDT,2,Health Care
2004-12,MGM,2,Consumer Discretionary
2004-12,MHK,1,Consumer Discretionary
2004-12,MKC,1,Consumer Staples
2004-12,MLM,2,Materials
2004-12,MMM,1,Industrials
2004-12,MNST,1,Consumer Staples
2004-12,MO,1,Consumer Staples
2004-12,MOLX,2,Unknown
2004-12,MOS,2,Materials
2004-12,MRK,2,Health Care
2004-12,MS,2,Financials
2004-12,MSFT,1,Information Technology
2004-12,MSI,1,Information Technology
2004-12,MTB,2,Financials
2004-12,MTCH,1,Communication Services
2004-12,MTD,2,Health Care
2004-12,MTG,2,Financials
2004-12,MTW,1,Unknown
2004-12,MU,1,Information Technology
2004-12,MUR,2,Unknown
2004-12,NBR,2,Unknown
2004-12,NC,1,Unknown
2004-12,NDSN,1,Industrials
2004-12,NEE,2,Utilities
2004-12,NFX,1,Unknown
2004-12,NI,2,Utilities
2004-12,NKE,2,Consumer Discretionary
2004-12,NKTR,3,Unknown
2004-12,NOC,2,Industrials
2004-12,NOV,2,Energy
2004-12,NSC,2,Industrials
2004-12,NTAP,1,Information Technology
2004-12,NTRS,2,Financials
2004-12,NUE,1,Materials
2004-12,NVDA,3,Information Technology
2004-12,NVR,1,Consumer Discretionary
2004-12,NWL,1,Consumer Discretionary
2004-12,NYT,2,Communication Services
2004-12,O,2,Real Estate
2004-12,ODFL,1,Industrials
2004-12,OI,1,Unknown
2004-12,OKE,2,Energy
2004-12,OMC,2,Communication Services
2004-12,ORCL,1,Information Technology
2004-12,ORLY,1,Consumer Discretionary
2004-12,OXY,2,Energy
2004-12,PAYX,1,Industrials
2004-12,PBI,2,Unknown
2004-12,PCAR,1,Industrials
2004-12,PCG,1,Utilities
2004-12,PEG,2,Utilities
2004-12,PENN,1,Consumer Discretionary
2004-12,PEP,2,Consumer Staples
2004-12,PFE,2,Health Care
2004-12,PG,1,Consumer Staples
2004-12,PGR,2,Financials
2004-12,PH,1,Industrials
2004-12,PHM,1,Consumer Discretionary
2004-12,PLD,2,Real Estate
2004-12,PNC,2,Financials
2004-12,PNR,1,Industrials
2004-12,PNW,2,Utilities
2004-12,POOL,1,Consumer Discretionary
2004-12,PPG,1,Materials
2004-12,PPL,2,Utilities
2004-12,PRGO,1,Health Care
2004-12,PSA,2,Real Estate
2004-12,PTC,1,Information Technology
2004-12,PVH,1,Consumer Discretionary
2004-12,PWR,1,Industrials
2004-12,QCOM,2,Information Technology
2004-12,R,1,Industrials
2004-12,RCL,2,Consumer Discretionary
2004-12,REG,2,Real Estate
2004-12,RF,2,Financials
2004-12,RHI,2,Industrials
2004-12,RIG,2,Unknown
2004-12,RJF,2,Financials
2004-12,RL,1,Consumer Discretionary
2004-12,RMD,2,Health Care
2004-12,ROK,1,Industrials
2004-12,ROL,1,Industrials
2004-12,ROP,2,Industrials
2004-12,ROST,1,Consumer Discretionary
2004-12,RRC,1,Energy
2004-12,RSG,2,Industrials
2004-12,RTX,1,Industrials
2004-12,RVTY,1,Health Care
2004-12,SANM,1,Unknown
2004-12,SBAC,3,Real Estate
2004-12,SBUX,2,Consumer Discretionary
2004-12,SCHW,2,Financials
2004-12,SCI,1,Consumer Discretionary
2004-12,SHW,2,Materials
2004-12,SIG,2,Unknown
2004-12,SJM,1,Consumer Staples
2004-12,SLB,2,Energy
2004-12,SLG,2,Unknown
2004-12,SLM,2,Financials
2004-12,SNA,1,Industrials
2004-12,SNPS,2,Information Technology
2004-12,SO,2,Utilities
2004-12,SPG,2,Real Estate
2004-12,SPGI,2,Financials
2004-12,SRE,2,Utilities
2004-12,SSP,2,Unknown
2004-12,STE,1,Health Care
2004-12,STLD,1,Materials
2004-12,STT,2,Financials
2004-12,STZ,1,Consumer Staples
2004-12,SVU,1,Unknown
2004-12,SWK,1,Industrials
2004-12,SWKS,3,Information Technology
2004-12,SYK,1,Health Care
2004-12,SYY,2,Consumer Staples
2004-12,T,2,Communication Services
2004-12,TAP,1,Consumer Staples
2004-12,TDY,3,Industrials
2004-12,TECH,2,Health Care
2004-12,TER,1,Information Technology
2004-12,TEX,1,Unknown
2004-12,TFC,2,Financials
2004-12,TFX,1,Health Care
2004-12,TGT,2,Consumer Staples
2004-12,THC,2,Health Care
2004-12,TIE,1,Unknown
2004-12,TJX,2,Consumer Discretionary
2004-12,TKO,1,Communication Services
2004-12,TKR,1,Industrials
2004-12,TLAB,3,Unknown
2004-12,TMO,2,Health Care
2004-12,TPL,2,Energy
2004-12,TRMB,1,Information Technology
2004-12,TROW,2,Financials
2004-12,TRV,2,Financials
2004-12,TSCO,1,Consumer Discretionary
2004-12,TSN,1,Consumer Staples
2004-12,TT,1,Industrials
2004-12,TTWO,1,Communication Services
2004-12,TWX,3,Unknown
2004-12,TXN,1,Information Technology
2004-12,TXT,1,Industrials
2004-12,TYL,2,Information Technology
2004-12,UDR,2,Real Estate
2004-12,UHS,2,Health Care
2004-12,UIS,2,Unknown
2004-12,UNH,1,Health Care
2004-12,UNM,3,Financials
2004-12,UNP,2,Industrials
2004-12,UPS,2,Industrials
2004-12,URBN,1,Unknown
2004-12,URI,2,Industrials
2004-12,USB,2,Financials
2004-12,VFC,1,Consumer Discretionary
2004-12,VIAV,3,Unknown
2004-12,VLO,1,Energy
2004-12,VMC,2,Materials
2004-12,VNO,2,Real Estate
2004-12,VRSN,3,Information Technology
2004-12,VRTX,1,Health Care
2004-12,VTR,2,Real Estate
2004-12,VTRS,2,Health Care
2004-12,VZ,2,Communication Services
2004-12,WAB,1,Industrials
2004-12,WAT,3,Health Care
2004-12,WDC,3,Information Technology
2004-12,WEC,1,Utilities
2004-12,WEN,1,Consumer Discretionary
2004-12,WFC,2,Financials
2004-12,WHR,1,Consumer Discretionary
2004-12,WM,2,Industrials
2004-12,WMB,3,Energy
2004-12,WMT,2,Consumer Staples
2004-12,WOR,1,Unknown
2004-12,WRB,2,Financials
2004-12,WSM,1,Consumer Discretionary
2004-12,WST,1,Health Care
2004-12,WY,1,Real Estate
2004-12,XEL,2,Utilities
2004-12,XOM,2,Energy
2004-12,XRAY,2,Health Care
2004-12,XRX,3,Unknown
2004-12,YUM,1,Consumer Discretionary
2004-12,ZBRA,1,Information Technology
2004-12,ZION,2,Financials
2005-12,A,3,Health Care
2005-12,AAPL,3,Information Technology
2005-12,ABT,2,Health Care
2005-12,ACGL,2,Financials
2005-12,ADBE,3,Information Technology
2005-12,ADI,3,Information Technology
2005-12,ADM,2,Consumer Staples
2005-12,ADP,2,Industrials
2005-12,ADSK,2,Information Technology
2005-12,AEE,2,Utilities
2005-12,AEP,2,Utilities
2005-12,AET,2,Unknown
2005-12,AFL,2,Financials
2005-12,AIG,2,Financials
2005-12,AIV,2,Unknown
2005-12,AJG,2,Financials
2005-12,ALB,3,Materials
2005-12,ALK,3,Industrials
2005-12,ALL,2,Financials
2005-12,AMAT,3,Information Technology
2005-12,AMD,1,Information Technology
2005-12,AME,3,Industrials
2005-12,AMG,2,Financials
2005-12,AMGN,2,Health Care
2005-12,AMT,1,Real Estate
2005-12,AMZN,3,Consumer Discretionary
2005-12,AN,2,Consumer Discretionary
2005-12,ANDV,3,Unknown
2005-12,ANF,3,Unknown
2005-12,AON,2,Financials
2005-12,AOS,3,Industrials
2005-12,APA,2,Energy
2005-12,APD,2,Materials
2005-12,APH,3,Information Technology
2005-12,ARE,2,Real Estate
2005-12,ASH,2,Materials
2005-12,ATI,3,Industrials
2005-12,ATO,2,Utilities
2005-12,AVB,2,Real Estate
2005-12,AVY,2,Materials
2005-12,AXP,2,Financials
2005-12,AZO,2,Consumer Discretionary
2005-12,BA,3,Industrials
2005-12,BAC,2,Financials
2005-12,BALL,2,Materials
2005-12,BAX,2,Health Care
2005-12,BBT,2,Unknown
2005-12,BBWI,3,Consumer Discretionary
2005-12,BBY,3,Consumer Discretionary
2005-12,BC,3,Consumer Discretionary
2005-12,BDX,2,Health Care
2005-12,BEN,2,Financials
2005-12,BF.B,2,Consumer Staples
2005-12,BIIB,2,Health Care
2005-12,BIO,3,Health Care
2005-12,BK,2,Unknown
2005-12,BKNG,3,Consumer Discretionary
2005-12,BKR,2,Energy
2005-12,BMS,2,Unknown
2005-12,BMY,2,Health Care
2005-12,BOL,2,Unknown
2005-12,BRK.B,2,Financials
2005-12,BRO,2,Financials
2005-12,BSX,2,Health Care
2005-12,BWA,3,Consumer Discretionary
2005-12,BXP,2,Real Estate
2005-12,C,2,Financials
2005-12,CAG,2,Consumer Staples
2005-12,CAH,2,Health Care
2005-12,CAR,2,Industrials
2005-12,CAT,3,Industrials
2005-12,CB,2,Financials
2005-12,CCEP,2,Unknown
2005-12,CCI,3,Real Estate
2005-12,CCK,3,Materials
2005-12,CCL,2,Consumer Discretionary
2005-12,CCU,2,Unknown
2005-12,CDNS,2,Information Technology
2005-12,CHD,2,Consumer Staples
2005-12,CHRW,2,Industrials
2005-12,CI,2,Health Care
2005-12,CIEN,1,Information Technology
2005-12,CIN,3,Unknown
2005-12,CINF,2,Financials
2005-12,CL,2,Consumer Staples
2005-12,CLF,3,Materials
2005-12,CLX,2,Consumer Staples
2005-12,CMCSA,2,Communication Services
2005-12,CMI,2,Industrials
2005-12,CMS,2,Utilities
2005-12,CMVT,1,Unknown
2005-12,CNP,3,Utilities
2005-12,CNX,3,Unknown
2005-12,COF,2,Financials
2005-12,COO,2,Health Care
2005-12,COP,2,Energy
2005-12,COR,2,Health Care
2005-12,COST,2,Consumer Staples
2005-12,CPB,2,Consumer Staples
2005-12,CPRT,2,Industrials
2005-12,CPT,2,Real Estate
2005-12,CRH,3,Materials
2005-12,CRL,2,Health Care
2005-12,CSCO,3,Information Technology
2005-12,CSGP,3,Real Estate
2005-12,CSR,2,Unknown
2005-12,CSX,2,Industrials
2005-12,CTAS,3,Industrials
2005-12,CTRA,2,Unknown
2005-12,CTSH,3,Information Technology
2005-12,CVG,2,Unknown
2005-12,CVS,2,Health Care
2005-12,CVX,2,Energy
2005-12,D,2,Utilities
2005-12,DD,2,Materials
2005-12,DDR,2,Unknown
2005-12,DDS,3,Consumer Discretionary
2005-12,DE,3,Industrials
2005-12,DECK,3,Consumer Discretionary
2005-12,DGX,3,Health Care
2005-12,DHI,3,Consumer Discretionary
2005-12,DHR,3,Health Care
2005-12,DIS,3,Communication Services
2005-12,DLTR,3,Consumer Staples
2005-12,DLX,2,Unknown
2005-12,DOC,2,Real Estate
2005-12,DOV,3,Industrials
2005-12,DRI,2,Consumer Discretionary
2005-12,DTE,2,Utilities
2005-12,DUK,2,Utilities
2005-12,DVA,2,Health Care
2005-12,DVN,3,Energy
2005-12,DXC,3,Information Technology
2005-12,EA,2,Communication Services
2005-12,EBAY,3,Consumer Discretionary
2005-12,ECL,2,Materials
2005-12,ED,2,Utilities
2005-12,EFX,3,Industrials
2005-12,EG,2,Financials
2005-12,EHC,1,Health Care
2005-12,EIX,2,Utilities
2005-12,EL,2,Consumer Staples
2005-12,EME,3,Industrials
2005-12,EMN,2,Materials
2005-12,EMR,2,Industrials
2005-12,EOG,2,Energy
2005-12,EQR,2,Real Estate
2005-12,EQT,2,Energy
2005-12,ERIE,2,Unknown
2005-12,ES,2,Utilities
2005-12,ESS,2,Real Estate
2005-12,ETN,3,Industrials
2005-12,ETR,2,Utilities
2005-12,EVRG,2,Utilities
2005-12,EW,2,Health Care
2005-12,EXC,2,Utilities
2005-12,EXPD,2,Industrials
2005-12,F,2,Consumer Discretionary
2005-12,FAST,3,Industrials
2005-12,FCX,2,Materials
2005-12,FDS,2,Financials
2005-12,FDX,2,Industrials
2005-12,FE,2,Utilities
2005-12,FFIV,1,Information Technology
2005-12,FHN,2,Financials
2005-12,FICO,2,Information Technology
2005-12,FISV,3,Financials
2005-12,FITB,2,Financials
2005-12,FIX,2,Industrials
2005-12,FLR,3,Unknown
2005-12,FLS,3,Industrials
2005-12,FMC,3,Materials
2005-12,FMCC,2,Unknown
2005-12,FNMA,2,Unknown
2005-12,FOSL,3,Unknown
2005-12,FRT,2,Real Estate
2005-12,GD,2,Industrials
2005-12,GE,2,Industrials
2005-12,GEN,2,Information Technology
2005-12,GHC,2,Unknown
2005-12,GILD,3,Health Care
2005-12,GIS,2,Consumer Staples
2005-12,GL,2,Financials
2005-12,GLW,1,Information Technology
2005-12,GPC,2,Consumer Discretionary
2005-12,GRMN,3,Consumer Discretionary
2005-12,GS,2,Financials
2005-12,GT,3,Unknown
2005-12,GWW,3,Industrials
2005-12,HAL,3,Energy
2005-12,HAS,2,Consumer Discretionary
2005-12,HBAN,2,Financials
2005-12,HD,3,Consumer Discretionary
2005-12,HIG,2,Financials
2005-12,HOG,3,Consumer Discretionary
2005-12,HON,3,Industrials
2005-12,HP,3,Unknown
2005-12,HPQ,2,Information Technology
2005-12,HRB,2,Consumer Discretionary
2005-12,HRL,2,Consumer Staples
2005-12,HSIC,2,Health Care
2005-12,HST,2,Real Estate
2005-12,HSY,2,Consumer Staples
2005-12,HUBB,3,Industrials
2005-12,HUM,2,Health Care
2005-12,IBM,3,Information Technology
2005-12,IDXX,2,Health Care
2005-12,IEX,3,Industrials
2005-12,IFF,2,Materials
2005-12,ILMN,1,Health Care
2005-12,INCY,1,Health Care
2005-12,INTC,3,Information Technology
2005-12,INTU,2,Information Technology
2005-12,IP,3,Materials
2005-12,IRM,2,Real Estate
2005-12,ISRG,3,Health Care
2005-12,IT,2,Information Technology
2005-12,ITT,3,Industrials
2005-12,ITW,3,Industrials
2005-12,IVZ,3,Financials
2005-12,J,2,Industrials
2005-12,JBHT,3,Industrials
2005-12,JBL,1,Information Technology
2005-12,JCI,2,Industrials
2005-12,JEF,3,Financials
2005-12,JKHY,2,Financials
2005-12,JNJ,2,Health Care
2005-12,JPM,2,Financials
2005-12,KBH,3,Unknown
2005-12,KEY,2,Financials
2005-12,KIM,2,Real Estate
2005-12,KLAC,3,Information Technology
2005-12,KMB,2,Consumer Staples
2005-12,KMG,3,Unknown
2005-12,KMX,3,Consumer Discretionary
2005-12,KO,3,Consumer Staples
2005-12,KR,3,Consumer Staples
2005-12,KSS,2,Unknown
2005-12,L,2,Financials
2005-12,LEG,2,Unknown
2005-12,LEN,3,Consumer Discretionary
2005-12,LH,2,Health Care
2005-12,LHX,2,Industrials
2005-12,LII,3,Industrials
2005-12,LIN,2,Materials
2005-12,LLY,2,Health Care
2005-12,LMT,2,Industrials
2005-12,LNC,2,Financials
2005-12,LNT,2,Utilities
2005-12,LOW,2,Consumer Discretionary
2005-12,LPX,3,Materials
2005-12,LRCX,1,Information Technology
2005-12,LUMN,3,Unknown
2005-12,LUV,3,Industrials
2005-12,M,3,Consumer Discretionary
2005-12,MAA,2,Real Estate
2005-12,MAC,2,Unknown
2005-12,MAR,2,Consumer Discretionary
2005-12,MAS,3,Industrials
2005-12,MAT,2,Consumer Discretionary
2005-12,MBI,2,Unknown
2005-12,MCD,3,Consumer Discretionary
2005-12,MCHP,2,Information Technology
2005-12,MCK,3,Health Care
2005-12,MCO,2,Financials
2005-12,MDT,2,Health Care
2005-12,MET,2,Financials
2005-12,MGM,3,Consumer Discretionary
2005-12,MHK,3,Consumer Discretionary
2005-12,MKC,2,Consumer Staples
2005-12,MLM,2,Materials
2005-12,MMM,3,Industrials
2005-12,MNST,2,Consumer Staples
2005-12,MO,2,Consumer Staples
2005-12,MOLX,3,Unknown
2005-12,MOS,3,Materials
2005-12,MRK,2,Health Care
2005-12,MS,2,Financials
2005-12,MSFT,2,Information Technology
2005-12,MSI,2,Information Technology
2005-12,MTB,2,Financials
2005-12,MTCH,3,Communication Services
2005-12,MTD,3,Health Care
2005-12,MTG,2,Financials
2005-12,MTW,3,Unknown
2005-12,MU,3,Information Technology
2005-12,MUR,2,Unknown
2005-12,NBR,2,Unknown
2005-12,NC,2,Unknown
2005-12,NDSN,2,Industrials
2005-12,NEE,2,Utilities
2005-12,NEM,2,Materials
2005-12,NFX,2,Unknown
2005-12,NI,2,Utilities
2005-12,NKE,2,Consumer Discretionary
2005-12,NKTR,3,Unknown
2005-12,NOC,2,Industrials
2005-12,NOV,2,Energy
2005-12,NSC,3,Industrials
2005-12,NTAP,3,Information Technology
2005-12,NTRS,2,Financials
2005-12,NUE,3,Materials
2005-12,NVDA,1,Information Technology
2005-12,NVR,3,Consumer Discretionary
2005-12,NWL,2,Consumer Discretionary
2005-12,NYT,2,Communication Services
2005-12,O,2,Real Estate
2005-12,ODFL,2,Industrials
2005-12,OI,3,Unknown
2005-12,OKE,2,Energy
2005-12,OMC,2,Communication Services
2005-12,ON,1,Information Technology
2005-12,ORCL,3,Information Technology
2005-12,ORLY,3,Consumer Discretionary
2005-12,OXY,2,Energy
2005-12,PAYX,2,Industrials
2005-12,PBI,2,Unknown
2005-12,PCAR,3,Industrials
2005-12,PCG,3,Utilities
2005-12,PEG,2,Utilities
2005-12,PENN,3,Consumer Discretionary
2005-12,PEP,2,Consumer Staples
2005-12,PFE,2,Health Care
2005-12,PG,2,Consumer Staples
2005-12,PGR,2,Financials
2005-12,PH,3,Industrials
2005-12,PHM,3,Consumer Discretionary
2005-12,PKG,3,Materials
2005-12,PLD,2,Real Estate
2005-12,PNC,2,Financials
2005-12,PNR,3,Industrials
2005-12,PNW,3,Utilities
2005-12,POOL,3,Consumer Discretionary
2005-12,PPG,3,Materials
2005-12,PPL,2,Utilities
2005-12,PRGO,2,Health Care
2005-12,PSA,2,Real Estate
2005-12,PTC,3,Information Technology
2005-12,PVH,3,Consumer Discretionary
2005-12,PWR,3,Industrials
2005-12,QCOM,2,Information Technology
2005-12,R,2,Industrials
2005-12,RCL,3,Consumer Discretionary
2005-12,REG,2,Real Estate
2005-12,REGN,1,Health Care
2005-12,RF,2,Financials
2005-12,RHI,3,Industrials
2005-12,RIG,2,Unknown
2005-12,RJF,2,Financials
2005-12,RL,2,Consumer Discretionary
2005-12,RMD,2,Health Care
2005-12,ROK,3,Industrials
2005-12,ROL,2,Industrials
2005-12,ROP,2,Industrials
2005-12,ROST,2,Consumer Discretionary
2005-12,RRC,3,Energy
2005-12,RSG,2,Industrials
2005-12,RTX,3,Industrials
2005-12,RVTY,3,Health Care
2005-12,SANM,1,Unknown
2005-12,SBAC,1,Real Estate
2005-12,SBUX,2,Consumer Discretionary
2005-12,SCHW,2,Financials
2005-12,SCI,3,Consumer Discretionary
2005-12,SHW,2,Materials
2005-12,SIG,2,Unknown
2005-12,SJM,2,Consumer Staples
2005-12,SLB,2,Energy
2005-12,SLG,2,Unknown
2005-12,SLM,2,Financials
2005-12,SNA,3,Industrials
2005-12,SNPS,3,Information Technology
2005-12,SO,2,Utilities
2005-12,SPG,2,Real Estate
2005-12,SPGI,2,Financials
2005-12,SRE,2,Utilities
2005-12,SSP,2,Unknown
2005-12,STE,2,Health Care
2005-12,STLD,3,Materials
2005-12,STT,2,Financials
2005-12,STZ,2,Consumer Staples
2005-12,SVU,3,Unknown
2005-12,SWK,3,Industrials
2005-12,SWKS,1,Information Technology
2005-12,SYK,2,Health Care
2005-12,SYY,2,Consumer Staples
2005-12,T,2,Communication Services
2005-12,TAP,2,Consumer Staples
2005-12,TDY,2,Industrials
2005-12,TECH,2,Health Care
2005-12,TER,3,Information Technology
2005-12,TEX,3,Unknown
2005-12,TFC,2,Financials
2005-12,TFX,3,Health Care
2005-12,TGT,2,Consumer Staples
2005-12,THC,2,Health Care
2005-12,TIE,3,Unknown
2005-12,TJX,2,Consumer Discretionary
2005-12,TKO,2,Communication Services
2005-12,TKR,3,Industrials
2005-12,TLAB,3,Unknown
2005-12,TMO,3,Health Care
2005-12,TPL,2,Energy
2005-12,TPR,3,Consumer Discretionary
2005-12,TRMB,3,Information Technology
2005-12,TROW,3,Financials
2005-12,TRV,3,Financials
2005-12,TSCO,3,Consumer Discretionary
2005-12,TSN,2,Consumer Staples
2005-12,TT,3,Industrials
2005-12,TTWO,3,Communication Services
2005-12,TWX,2,Unknown
2005-12,TXN,3,Information Technology
2005-12,TXT,3,Industrials
2005-12,TYL,2,Information Technology
2005-12,UDR,2,Real Estate
2005-12,UHS,2,Health Care
2005-12,UIS,3,Unknown
2005-12,UNH,2,Health Care
2005-12,UNM,2,Financials
2005-12,UNP,2,Industrials
2005-12,UPS,2,Industrials
2005-12,URBN,3,Unknown
2005-12,URI,3,Industrials
2005-12,USB,2,Financials
2005-12,VFC,2,Consumer Discretionary
2005-12,VIAV,1,Unknown
2005-12,VLO,3,Energy
2005-12,VMC,2,Materials
2005-12,VNO,2,Real Estate
2005-12,VRSN,3,Information Technology
2005-12,VRTX,3,Health Care
2005-12,VTR,2,Real Estate
2005-12,VZ,3,Communication Services
2005-12,WAB,2,Industrials
2005-12,WAT,3,Health Care
2005-12,WDC,1,Information Technology
2005-12,WEC,2,Utilities
2005-12,WELL,2,Real Estate
2005-12,WEN,2,Consumer Discretionary
2005-12,WFC,2,Financials
2005-12,WHR,3,Consumer Discretionary
2005-12,WM,2,Industrials
2005-12,WMB,2,Energy
2005-12,WMT,2,Consumer Staples
2005-12,WOR,3,Unknown
2005-12,WRB,2,Financials
2005-12,WSM,3,Consumer Discretionary
2005-12,WST,3,Health Care
2005-12,WY,3,Real Estate
2005-12,XEL,2,Utilities
2005-12,XOM,2,Energy
2005-12,XRAY,2,Health Care
2005-12,XRX,3,Unknown
2005-12,YUM,2,Consumer Discretionary
2005-12,ZBRA,2,Information Technology
2005-12,ZION,2,Financials
2006-12,A,1,Health Care
2006-12,AAP,1,Unknown
2006-12,AAPL,2,Information Technology
2006-12,ABT,1,Health Care
2006-12,ACGL,1,Financials
2006-12,ACN,1,Information Technology
2006-12,ADBE,1,Information Technology
2006-12,ADI,1,Information Technology
2006-12,ADM,2,Consumer Staples
2006-12,ADP,1,Industrials
2006-12,ADSK,1,Information Technology
2006-12,AEE,1,Utilities
2006-12,AEP,1,Utilities
2006-12,AET,1,Unknown
2006-12,AFL,1,Financials
2006-12,AIG,1,Financials
2006-12,AIV,1,Unknown
2006-12,AJG,1,Financials
2006-12,ALB,1,Materials
2006-12,ALGN,3,Health Care
2006-12,ALK,1,Industrials
2006-12,ALL,1,Financials
2006-12,AMAT,1,Information Technology
2006-12,AMD,1,Information Technology
2006-12,AME,1,Industrials
2006-12,AMG,2,Financials
2006-12,AMGN,1,Health Care
2006-12,AMZN,1,Consumer Discretionary
2006-12,AN,1,Consumer Discretionary
2006-12,ANDV,2,Unknown
2006-12,ANF,1,Unknown
2006-12,AON,1,Financials
2006-12,AOS,1,Industrials
2006-12,APA,2,Energy
2006-12,APD,1,Materials
2006-12,APH,1,Information Technology
2006-12,ARE,1,Real Estate
2006-12,ASH,1,Materials
2006-12,ATI,2,Industrials
2006-12,ATO,1,Utilities
2006-12,AVB,1,Real Estate
2006-12,AVY,1,Materials
2006-12,AXON,2,Industrials
2006-12,AXP,1,Financials
2006-12,AYI,1,Industrials
2006-12,AZO,1,Consumer Discretionary
2006-12,BA,1,Industrials
2006-12,BAC,1,Financials
2006-12,BALL,1,Materials
2006-12,BAX,1,Health Care
2006-12,BBT,1,Unknown
2006-12,BBWI,1,Consumer Discretionary
2006-12,BBY,1,Consumer Discretionary
2006-12,BC,1,Consumer Discretionary
2006-12,BDX,1,Health Care
2006-12,BEN,1,Financials
2006-12,BF.B,1,Consumer Staples
2006-12,BG,1,Consumer Staples
2006-12,BIIB,1,Health Care
2006-12,BIO,1,Health Care
2006-12,BK,1,Unknown
2006-12,BKNG,1,Consumer Discretionary
2006-12,BKR,2,Energy
2006-12,BLK,1,Financials
2006-12,BMS,1,Unknown
2006-12,BMY,1,Health Care
2006-12,BRK.B,1,Financials
2006-12,BRO,1,Financials
2006-12,BSX,1,Health Care
2006-12,BWA,1,Consumer Discretionary
2006-12,BXP,1,Real Estate
2006-12,C,1,Financials
2006-12,CAG,1,Consumer Staples
2006-12,CAH,1,Health Care
2006-12,CAR,1,Industrials
2006-12,CAT,1,Industrials
2006-12,CB,1,Financials
2006-12,CCEP,1,Unknown
2006-12,CCI,1,Real Estate
2006-12,CCK,2,Materials
2006-12,CCL,1,Consumer Discretionary
2006-12,CCU,1,Unknown
2006-12,CDNS,1,Information Technology
2006-12,CHD,1,Consumer Staples
2006-12,CHRW,1,Industrials
2006-12,CI,1,Health Care
2006-12,CIEN,3,Information Technology
2006-12,CIN,1,Unknown
2006-12,CINF,1,Financials
2006-12,CL,1,Consumer Staples
2006-12,CLF,2,Materials
2006-12,CLX,1,Consumer Staples
2006-12,CMCSA,1,Communication Services
2006-12,CMI,1,Industrials
2006-12,CMS,2,Utilities
2006-12,CMVT,1,Unknown
2006-12,CNC,2,Health Care
2006-12,CNP,2,Utilities
2006-12,CNX,2,Unknown
2006-12,COF,2,Financials
2006-12,COO,1,Health Care
2006-12,COP,2,Energy
2006-12,COR,1,Health Care
2006-12,COST,1,Consumer Staples
2006-12,CPB,1,Consumer Staples
2006-12,CPRT,2,Industrials
2006-12,CPT,1,Real Estate
2006-12,CRH,1,Materials
2006-12,CRL,1,Health Care
2006-12,CSCO,1,Information Technology
2006-12,CSGP,1,Real Estate
2006-12,CSR,1,Unknown
2006-12,CSX,1,Industrials
2006-12,CTAS,1,Industrials
2006-12,CTRA,2,Unknown
2006-12,CTSH,1,Information Technology
2006-12,CVG,1,Unknown
2006-12,CVS,1,Health Care
2006-12,CVX,2,Energy
2006-12,D,1,Utilities
2006-12,DD,1,Materials
2006-12,DDR,1,Unknown
2006-12,DDS,1,Consumer Discretionary
2006-12,DE,1,Industrials
2006-12,DECK,2,Consumer Discretionary
2006-12,DGX,1,Health Care
2006-12,DHI,1,Consumer Discretionary
2006-12,DHR,1,Health Care
2006-12,DIS,1,Communication Services
2006-12,DLTR,1,Consumer Staples
2006-12,DLX,1,Unknown
2006-12,DOC,1,Real Estate
2006-12,DOV,1,Industrials
2006-12,DRI,1,Consumer Discretionary
2006-12,DTE,1,Utilities
2006-12,DUK,2,Utilities
2006-12,DVA,1,Health Care
2006-12,DVN,2,Energy
2006-12,DXC,1,Information Technology
2006-12,EA,1,Communication Services
2006-12,EBAY,1,Consumer Discretionary
2006-12,ECL,1,Materials
2006-12,ED,1,Utilities
2006-12,EFX,1,Industrials
2006-12,EG,1,Financials
2006-12,EHC,3,Health Care
2006-12,EIX,1,Utilities
2006-12,EL,1,Consumer Staples
2006-12,ELV,1,Health Care
2006-12,EME,1,Industrials
2006-12,EMN,1,Materials
2006-12,EMR,1,Industrials
2006-12,EOG,2,Energy
2006-12,EQR,1,Real Estate
2006-12,EQT,1,Energy
2006-12,ES,1,Utilities
2006-12,ESRX,1,Unknown
2006-12,ESS,1,Real Estate
2006-12,ETN,1,Industrials
2006-12,ETR,1,Utilities
2006-12,EVRG,1,Utilities
2006-12,EW,1,Health Care
2006-12,EXC,1,Utilities
2006-12,EXPD,1,Industrials
2006-12,F,1,Consumer Discretionary
2006-12,FAST,1,Industrials
2006-12,FCX,2,Materials
2006-12,FDS,1,Financials
2006-12,FDX,1,Industrials
2006-12,FE,1,Utilities
2006-12,FFIV,1,Information Technology
2006-12,FHN,1,Financials
2006-12,FICO,1,Information Technology
2006-12,FIS,1,Financials
2006-12,FISV,1,Financials
2006-12,FITB,1,Financials
2006-12,FIX,1,Industrials
2006-12,FLR,1,Unknown
2006-12,FLS,1,Industrials
2006-12,FMC,2,Materials
2006-12,FMCC,1,Unknown
2006-12,FNMA,1,Unknown
2006-12,FOSL,1,Unknown
2006-12,FRT,1,Real Estate
2006-12,FTI,1,Energy
2006-12,GD,1,Industrials
2006-12,GE,1,Industrials
2006-12,GEN,1,Information Technology
2006-12,GHC,1,Unknown
2006-12,GILD,1,Health Care
2006-12,GIS,1,Consumer Staples
2006-12,GL,1,Financials
2006-12,GLW,3,Information Technology
2006-12,GPC,1,Consumer Discretionary
2006-12,GPN,2,Financials
2006-12,GRMN,1,Consumer Discretionary
2006-12,GS,1,Financials
2006-12,GT,1,Unknown
2006-12,GWW,1,Industrials
2006-12,HAL,1,Energy
2006-12,HAS,1,Consumer Discretionary
2006-12,HBAN,1,Financials
2006-12,HD,1,Consumer Discretionary
2006-12,HIG,1,Financials
2006-12,HOG,1,Consumer Discretionary
2006-12,HON,1,Industrials
2006-12,HP,2,Unknown
2006-12,HPQ,1,Information Technology
2006-12,HRB,1,Consumer Discretionary
2006-12,HRL,1,Consumer Staples
2006-12,HSIC,1,Health Care
2006-12,HST,1,Real Estate
2006-12,HSY,1,Consumer Staples
2006-12,HUBB,1,Industrials
2006-12,HUM,1,Health Care
2006-12,IBM,1,Information Technology
2006-12,IDXX,1,Health Care
2006-12,IEX,1,Industrials
2006-12,IFF,1,Materials
2006-12,ILMN,3,Health Care
2006-12,INCY,3,Health Care
2006-12,INTC,1,Information Technology
2006-12,INTU,1,Information Technology
2006-12,IP,1,Materials
2006-12,IRM,1,Real Estate
2006-12,ISRG,2,Health Care
2006-12,IT,1,Information Technology
2006-12,ITT,1,Industrials
2006-12,ITW,1,Industrials
2006-12,IVZ,1,Financials
2006-12,J,1,Industrials
2006-12,JBHT,1,Industrials
2006-12,JBL,1,Information Technology
2006-12,JCI,2,Industrials
2006-12,JEF,1,Financials
2006-12,JKHY,1,Financials
2006-12,JNJ,1,Health Care
2006-12,JPM,1,Financials
2006-12,KBH,2,Unknown
2006-12,KEY,1,Financials
2006-12,KIM,1,Real Estate
2006-12,KLAC,1,Information Technology
2006-12,KMB,1,Consumer Staples
2006-12,KMG,2,Unknown
2006-12,KMX,1,Consumer Discretionary
2006-12,KO,1,Consumer Staples
2006-12,KR,1,Consumer Staples
2006-12,KSS,1,Unknown
2006-12,L,2,Financials
2006-12,LEG,1,Unknown
2006-12,LEN,2,Consumer Discretionary
2006-12,LH,1,Health Care
2006-12,LHX,1,Industrials
2006-12,LII,1,Industrials
2006-12,LIN,1,Materials
2006-12,LLY,1,Health Care
2006-12,LMT,1,Industrials
2006-12,LNC,1,Financials
2006-12,LNT,1,Utilities
2006-12,LOW,1,Consumer Discretionary
2006-12,LPX,1,Materials
2006-12,LRCX,1,Information Technology
2006-12,LUMN,1,Unknown
2006-12,LUV,1,Industrials
2006-12,M,1,Consumer Discretionary
2006-12,MAA,1,Real Estate
2006-12,MAC,1,Unknown
2006-12,MAR,1,Consumer Discretionary
2006-12,MAS,1,Industrials
2006-12,MAT,1,Consumer Discretionary
2006-12,MBI,1,Unknown
2006-12,MCD,1,Consumer Discretionary
2006-12,MCHP,1,Information Technology
2006-12,MCK,1,Health Care
2006-12,MCO,1,Financials
2006-12,MDLZ,1,Consumer Staples
2006-12,MDT,1,Health Care
2006-12,MET,1,Financials
2006-12,MGM,1,Consumer Discretionary
2006-12,MHK,1,Consumer Discretionary
2006-12,MKC,1,Consumer Staples
2006-12,MLM,1,Materials
2006-12,MMM,1,Industrials
2006-12,MO,1,Consumer Staples
2006-12,MOLX,1,Unknown
2006-12,MOS,2,Materials
2006-12,MRK,1,Health Care
2006-12,MS,1,Financials
2006-12,MSFT,1,Information Technology
2006-12,MSI,1,Information Technology
2006-12,MTB,1,Financials
2006-12,MTCH,1,Communication Services
2006-12,MTD,1,Health Care
2006-12,MTG,1,Financials
2006-12,MTW,1,Unknown
2006-12,MU,1,Information Technology
2006-12,MUR,2,Unknown
2006-12,NBR,2,Unknown
2006-12,NC,1,Unknown
2006-12,NDSN,1,Industrials
2006-12,NEE,1,Utilities
2006-12,NEM,2,Materials
2006-12,NFX,2,Unknown
2006-12,NI,1,Utilities
2006-12,NKE,1,Consumer Discretionary
2006-12,NKTR,1,Unknown
2006-12,NOC,1,Industrials
2006-12,NOV,2,Energy
2006-12,NSC,1,Industrials
2006-12,NTAP,3,Information Technology
2006-12,NTRS,1,Financials
2006-12,NUE,1,Materials
2006-12,NVDA,1,Information Technology
2006-12,NVR,1,Consumer Discretionary
2006-12,NWL,1,Consumer Discretionary
2006-12,NYT,1,Communication Services
2006-12,O,1,Real Estate
2006-12,ODFL,1,Industrials
2006-12,OI,1,Unknown
2006-12,OKE,1,Energy
2006-12,OMC,1,Communication Services
2006-12,ON,2,Information Technology
2006-12,ORCL,1,Information Technology
2006-12,ORLY,1,Consumer Discretionary
2006-12,OXY,2,Energy
2006-12,PAYX,1,Industrials
2006-12,PBI,1,Unknown
2006-12,PCAR,1,Industrials
2006-12,PCG,1,Utilities
2006-12,PEG,1,Utilities
2006-12,PENN,2,Consumer Discretionary
2006-12,PEP,1,Consumer Staples
2006-12,PFE,1,Health Care
2006-12,PFG,1,Financials
2006-12,PG,1,Consumer Staples
2006-12,PGR,1,Financials
2006-12,PH,1,Industrials
2006-12,PHM,1,Consumer Discretionary
2006-12,PKG,1,Materials
2006-12,PLD,1,Real Estate
2006-12,PNC,1,Financials
2006-12,PNR,1,Industrials
2006-12,PNW,1,Utilities
2006-12,POOL,1,Consumer Discretionary
2006-12,PPG,1,Materials
2006-12,PPL,1,Utilities
2006-12,PRGO,1,Health Care
2006-12,PRU,1,Financials
2006-12,PSA,1,Real Estate
2006-12,PTC,1,Information Technology
2006-12,PVH,1,Consumer Discretionary
2006-12,PWR,1,Industrials
2006-12,QCOM,1,Information Technology
2006-12,R,1,Industrials
2006-12,RCL,1,Consumer Discretionary
2006-12,REG,1,Real Estate
2006-12,REGN,3,Health Care
2006-12,RF,1,Financials
2006-12,RHI,1,Industrials
2006-12,RIG,2,Unknown
2006-12,RJF,1,Financials
2006-12,RL,1,Consumer Discretionary
2006-12,RMD,2,Health Care
2006-12,ROK,1,Industrials
2006-12,ROL,1,Industrials
2006-12,ROP,1,Industrials
2006-12,ROST,1,Consumer Discretionary
2006-12,RRC,2,Energy
2006-12,RSG,1,Industrials
2006-12,RTX,1,Industrials
2006-12,RVTY,1,Health Care
2006-12,SANM,3,Unknown
2006-12,SBUX,1,Consumer Discretionary
2006-12,SCHW,1,Financials
2006-12,SCI,2,Consumer Discretionary
2006-12,SHW,1,Materials
2006-12,SIG,1,Unknown
2006-12,SJM,1,Consumer Staples
2006-12,SLB,2,Energy
2006-12,SLG,1,Unknown
2006-12,SLM,1,Financials
2006-12,SNA,1,Industrials
2006-12,SNPS,1,Information Technology
2006-12,SO,1,Utilities
2006-12,SPG,1,Real Estate
2006-12,SPGI,1,Financials
2006-12,SRE,1,Utilities
2006-12,SSP,1,Unknown
2006-12,STE,1,Health Care
2006-12,STLD,2,Materials
2006-12,STT,1,Financials
2006-12,STZ,1,Consumer Staples
2006-12,SVU,1,Unknown
2006-12,SWK,1,Industrials
2006-12,SWKS,3,Information Technology
2006-12,SYK,1,Health Care
2006-12,SYY,1,Consumer Staples
2006-12,T,1,Communication Services
2006-12,TAP,1,Consumer Staples
2006-12,TDY,2,Industrials
2006-12,TECH,1,Health Care
2006-12,TER,1,Information Technology
2006-12,TEX,2,Unknown
2006-12,TFC,1,Financials
2006-12,TFX,1,Health Care
2006-12,TGT,1,Consumer Staples
2006-12,THC,1,Health Care
2006-12,TIE,2,Unknown
2006-12,TJX,1,Consumer Discretionary
2006-12,TKO,1,Communication Services
2006-12,TKR,1,Industrials
2006-12,TLAB,1,Unknown
2006-12,TMO,1,Health Care
2006-12,TPL,1,Energy
2006-12,TPR,1,Consumer Discretionary
2006-12,TRMB,1,Information Technology
2006-12,TROW,1,Financials
2006-12,TRV,1,Financials
2006-12,TSCO,1,Consumer Discretionary
2006-12,TSN,1,Consumer Staples
2006-12,TT,1,Industrials
2006-12,TTWO,1,Communication Services
2006-12,TWX,1,Unknown
2006-12,TXN,1,Information Technology
2006-12,TXT,1,Industrials
2006-12,TYL,1,Information Technology
2006-12,UDR,1,Real Estate
2006-12,UHS,1,Health Care
2006-12,UIS,1,Unknown
2006-12,UNH,1,Health Care
2006-12,UNM,2,Financials
2006-12,UNP,1,Industrials
2006-12,UPS,1,Industrials
2006-12,URBN,1,Unknown
2006-12,URI,1,Industrials
2006-12,USB,1,Financials
2006-12,VFC,1,Consumer Discretionary
2006-12,VIAV,3,Unknown
2006-12,VLO,2,Energy
2006-12,VMC,1,Materials
2006-12,VNO,1,Real Estate
2006-12,VRSN,1,Information Technology
2006-12,VRTX,1,Health Care
2006-12,VTR,1,Real Estate
2006-12,VTRS,1,Health Care
2006-12,VZ,1,Communication Services
2006-12,WAB,1,Industrials
2006-12,WAT,1,Health Care
2006-12,WDC,1,Information Technology
2006-12,WEC,1,Utilities
2006-12,WELL,1,Real Estate
2006-12,WEN,1,Consumer Discretionary
2006-12,WFC,1,Financials
2006-12,WHR,1,Consumer Discretionary
2006-12,WM,1,Industrials
2006-12,WMB,2,Energy
2006-12,WMT,1,Consumer Staples
2006-12,WOR,2,Unknown
2006-12,WRB,1,Financials
2006-12,WSM,1,Consumer Discretionary
2006-12,WST,1,Health Care
2006-12,WTW,1,Financials
2006-12,WY,1,Real Estate
2006-12,XEL,2,Utilities
2006-12,XOM,1,Energy
2006-12,XRAY,1,Health Care
2006-12,XRX,1,Unknown
2006-12,YUM,1,Consumer Discretionary
2006-12,ZBH,1,Health Care
2006-12,ZBRA,1,Information Technology
2006-12,ZION,1,Financials
2007-12,A,1,Health Care
2007-12,AAP,2,Unknown
2007-12,AAPL,3,Information Technology
2007-12,ABT,2,Health Care
2007-12,ACGL,2,Financials
2007-12,ACN,2,Information Technology
2007-12,ADBE,2,Information Technology
2007-12,ADI,1,Information Technology
2007-12,ADM,2,Consumer Staples
2007-12,ADP,2,Industrials
2007-12,ADSK,2,Information Technology
2007-12,AEE,2,Utilities
2007-12,AEP,2,Utilities
2007-12,AES,3,Utilities
2007-12,AET,2,Unknown
2007-12,AFL,2,Financials
2007-12,AIG,2,Financials
2007-12,AIV,2,Unknown
2007-12,AJG,2,Financials
2007-12,AKAM,1,Information Technology
2007-12,ALB,2,Materials
2007-12,ALGN,1,Health Care
2007-12,ALK,1,Industrials
2007-12,ALL,2,Financials
2007-12,AMAT,1,Information Technology
2007-12,AMD,2,Information Technology
2007-12,AME,2,Industrials
2007-12,AMG,2,Financials
2007-12,AMGN,2,Health Care
2007-12,AMT,1,Real Estate
2007-12,AMZN,1,Consumer Discretionary
2007-12,AN,2,Consumer Discretionary
2007-12,ANDV,3,Unknown
2007-12,ANF,2,Unknown
2007-12,AON,2,Financials
2007-12,AOS,1,Industrials
2007-12,APA,3,Energy
2007-12,APD,2,Materials
2007-12,APH,2,Information Technology
2007-12,ARE,2,Real Estate
2007-12,ASH,2,Materials
2007-12,ATI,3,Industrials
2007-12,ATO,2,Utilities
2007-12,AVB,2,Real Estate
2007-12,AVY,2,Materials
2007-12,AXON,1,Industrials
2007-12,AXP,2,Financials
2007-12,AYI,2,Industrials
2007-12,AZO,2,Consumer Discretionary
2007-12,BA,2,Industrials
2007-12,BAC,2,Financials
2007-12,BALL,2,Materials
2007-12,BAX,2,Health Care
2007-12,BBBY,1,Unknown
2007-12,BBT,2,Unknown
2007-12,BBWI,2,Consumer Discretionary
2007-12,BBY,3,Consumer Discretionary
2007-12,BC,2,Consumer Discretionary
2007-12,BDX,2,Health Care
2007-12,BEN,2,Financials
2007-12,BF.B,2,Consumer Staples
2007-12,BG,2,Consumer Staples
2007-12,BIIB,2,Health Care
2007-12,BIO,2,Health Care
2007-12,BK,2,Unknown
2007-12,BKNG,1,Consumer Discretionary
2007-12,BKR,3,Energy
2007-12,BLK,2,Financials
2007-12,BMS,2,Unknown
2007-12,BMY,2,Health Care
2007-12,BOL,1,Unknown
2007-12,BRK.B,2,Financials
2007-12,BRO,2,Financials
2007-12,BSX,2,Health Care
2007-12,BWA,2,Consumer Discretionary
2007-12,BXP,2,Real Estate
2007-12,C,2,Financials
2007-12,CAG,2,Consumer Staples
2007-12,CAH,2,Health Care
2007-12,CAR,2,Industrials
2007-12,CAT,2,Industrials
2007-12,CB,2,Financials
2007-12,CCEP,2,Unknown
2007-12,CCI,1,Real Estate
2007-12,CCK,2,Materials
2007-12,CCL,2,Consumer Discretionary
2007-12,CCU,2,Unknown
2007-12,CDNS,2,Information Technology
2007-12,CHD,2,Consumer Staples
2007-12,CHRW,2,Industrials
2007-12,CI,2,Health Care
2007-12,CIEN,1,Information Technology
2007-12,CIN,3,Unknown
2007-12,CINF,2,Financials
2007-12,CL,2,Consumer Staples
2007-12,CLF,3,Materials
2007-12,CLX,2,Consumer Staples
2007-12,CMCSA,2,Communication Services
2007-12,CME,3,Financials
2007-12,CMI,2,Industrials
2007-12,CMS,3,Utilities
2007-12,CMVT,2,Unknown
2007-12,CNC,2,Health Care
2007-12,CNP,2,Utilities
2007-12,CNX,3,Unknown
2007-12,COF,2,Financials
2007-12,COO,2,Health Care
2007-12,COP,3,Energy
2007-12,COR,2,Health Care
2007-12,COST,2,Consumer Staples
2007-12,CPB,2,Consumer Staples
2007-12,CPRT,3,Industrials
2007-12,CPT,2,Real Estate
2007-12,CRH,2,Materials
2007-12,CRL,2,Health Care
2007-12,CSCO,2,Information Technology
2007-12,CSGP,2,Real Estate
2007-12,CSR,2,Unknown
2007-12,CSX,2,Industrials
2007-12,CTAS,2,Industrials
2007-12,CTRA,3,Unknown
2007-12,CTSH,2,Information Technology
2007-12,CVG,2,Unknown
2007-12,CVS,2,Health Care
2007-12,CVX,2,Energy
2007-12,D,2,Utilities
2007-12,DD,2,Materials
2007-12,DDR,2,Unknown
2007-12,DDS,2,Consumer Discretionary
2007-12,DE,2,Industrials
2007-12,DECK,3,Consumer Discretionary
2007-12,DHI,3,Consumer Discretionary
2007-12,DHR,2,Health Care
2007-12,DIS,2,Communication Services
2007-12,DLTR,1,Consumer Staples
2007-12,DLX,2,Unknown
2007-12,DOC,2,Real Estate
2007-12,DOV,2,Industrials
2007-12,DRI,2,Consumer Discretionary
2007-12,DTE,2,Utilities
2007-12,DUK,2,Utilities
2007-12,DVA,2,Health Care
2007-12,DVN,3,Energy
2007-12,DXC,2,Information Technology
2007-12,EA,2,Communication Services
2007-12,EBAY,2,Consumer Discretionary
2007-12,ECL,2,Materials
2007-12,ED,2,Utilities
2007-12,EFX,2,Industrials
2007-12,EG,2,Financials
2007-12,EIX,2,Utilities
2007-12,EL,2,Consumer Staples
2007-12,ELV,2,Health Care
2007-12,EME,2,Industrials
2007-12,EMN,2,Materials
2007-12,EMR,2,Industrials
2007-12,EOG,3,Energy
2007-12,EQIX,1,Real Estate
2007-12,EQR,2,Real Estate
2007-12,EQT,2,Energy
2007-12,ERIE,2,Unknown
2007-12,ES,2,Utilities
2007-12,ESRX,1,Unknown
2007-12,ESS,2,Real Estate
2007-12,ETN,2,Industrials
2007-12,ETR,2,Utilities
2007-12,EVRG,2,Utilities
2007-12,EW,2,Health Care
2007-12,EXC,2,Utilities
2007-12,EXPD,2,Industrials
2007-12,F,3,Consumer Discretionary
2007-12,FAST,2,Industrials
2007-12,FCX,3,Materials
2007-12,FDS,3,Financials
2007-12,FDX,2,Industrials
2007-12,FE,2,Utilities
2007-12,FFIV,1,Information Technology
2007-12,FHN,2,Financials
2007-12,FICO,1,Information Technology
2007-12,FIS,2,Financials
2007-12,FISV,2,Financials
2007-12,FITB,2,Financials
2007-12,FIX,1,Industrials
2007-12,FLR,2,Unknown
2007-12,FLS,3,Industrials
2007-12,FMC,2,Materials
2007-12,FMCC,2,Unknown
2007-12,FNMA,2,Unknown
2007-12,FOSL,3,Unknown
2007-12,FRT,2,Real Estate
2007-12,FTI,3,Energy
2007-12,GD,2,Industrials
2007-12,GE,2,Industrials
2007-12,GEN,2,Information Technology
2007-12,GHC,2,Unknown
2007-12,GILD,2,Health Care
2007-12,GIS,2,Consumer Staples
2007-12,GL,2,Financials
2007-12,GLW,1,Information Technology
2007-12,GME,3,Consumer Discretionary
2007-12,GPC,2,Consumer Discretionary
2007-12,GPN,3,Financials
2007-12,GR,1,Unknown
2007-12,GRMN,1,Consumer Discretionary
2007-12,GS,2,Financials
2007-12,GT,3,Unknown
2007-12,GWW,2,Industrials
2007-12,HAL,3,Energy
2007-12,HAS,2,Consumer Discretionary
2007-12,HBAN,2,Financials
2007-12,HD,2,Consumer Discretionary
2007-12,HIG,2,Financials
2007-12,HOG,2,Consumer Discretionary
2007-12,HON,2,Industrials
2007-12,HP,3,Unknown
2007-12,HPQ,2,Information Technology
2007-12,HRB,2,Consumer Discretionary
2007-12,HRL,2,Consumer Staples
2007-12,HSIC,2,Health Care
2007-12,HST,2,Real Estate
2007-12,HSY,2,Consumer Staples
2007-12,HUBB,2,Industrials
2007-12,HUM,2,Health Care
2007-12,IBM,2,Information Technology
2007-12,IDXX,1,Health Care
2007-12,IEX,2,Industrials
2007-12,IFF,2,Materials
2007-12,ILMN,1,Health Care
2007-12,INCY,1,Health Care
2007-12,INTC,2,Information Technology
2007-12,INTU,2,Information Technology
2007-12,IP,2,Materials
2007-12,IRM,2,Real Estate
2007-12,ISRG,1,Health Care
2007-12,IT,2,Information Technology
2007-12,ITT,2,Industrials
2007-12,ITW,2,Industrials
2007-12,IVZ,2,Financials
2007-12,J,2,Industrials
2007-12,JBHT,2,Industrials
2007-12,JBL,1,Information Technology
2007-12,JCI,3,Industrials
2007-12,JEF,2,Financials
2007-12,JKHY,3,Financials
2007-12,JNJ,2,Health Care
2007-12,JPM,2,Financials
2007-12,KBH,3,Unknown
2007-12,KEY,2,Financials
2007-12,KIM,2,Real Estate
2007-12,KLAC,1,Information Technology
2007-12,KMB,2,Consumer Staples
2007-12,KMG,1,Unknown
2007-12,KMX,2,Consumer Discretionary
2007-12,KO,2,Consumer Staples
2007-12,KR,2,Consumer Staples
2007-12,KSS,2,Unknown
2007-12,L,2,Financials
2007-12,LEG,2,Unknown
2007-12,LEN,3,Consumer Discretionary
2007-12,LH,2,Health Care
2007-12,LHX,1,Industrials
2007-12,LII,2,Industrials
2007-12,LIN,2,Materials
2007-12,LLY,2,Health Care
2007-12,LMT,2,Industrials
2007-12,LNC,2,Financials
2007-12,LNT,2,Utilities
2007-12,LOW,2,Consumer Discretionary
2007-12,LPX,2,Materials
2007-12,LRCX,1,Information Technology
2007-12,LUMN,2,Unknown
2007-12,M,2,Consumer Discretionary
2007-12,MAA,2,Real Estate
2007-12,MAC,2,Unknown
2007-12,MAR,2,Consumer Discretionary
2007-12,MAS,2,Industrials
2007-12,MAT,2,Consumer Discretionary
2007-12,MBI,2,Unknown
2007-12,MCD,2,Consumer Discretionary
2007-12,MCHP,2,Information Technology
2007-12,MCK,2,Health Care
2007-12,MCO,2,Financials
2007-12,MDLZ,2,Consumer Staples
2007-12,MDT,2,Health Care
2007-12,MET,2,Financials
2007-12,MGM,2,Consumer Discretionary
2007-12,MHK,2,Consumer Discretionary
2007-12,MKC,2,Consumer Staples
2007-12,MLM,2,Materials
2007-12,MMM,2,Industrials
2007-12,MNST,3,Consumer Staples
2007-12,MO,2,Consumer Staples
2007-12,MOLX,2,Unknown
2007-12,MOS,3,Materials
2007-12,MRK,2,Health Care
2007-12,MS,2,Financials
2007-12,MSFT,2,Information Technology
2007-12,MSI,3,Information Technology
2007-12,MTB,2,Financials
2007-12,MTCH,2,Communication Services
2007-12,MTD,2,Health Care
2007-12,MTG,2,Financials
2007-12,MTW,2,Unknown
2007-12,MU,1,Information Technology
2007-12,MUR,3,Unknown
2007-12,NBR,3,Unknown
2007-12,NC,2,Unknown
2007-12,NDAQ,3,Financials
2007-12,NDSN,2,Industrials
2007-12,NEE,2,Utilities
2007-12,NEM,3,Materials
2007-12,NFLX,1,Communication Services
2007-12,NFX,3,Unknown
2007-12,NI,2,Utilities
2007-12,NKE,2,Consumer Discretionary
2007-12,NKTR,1,Unknown
2007-12,NOC,2,Industrials
2007-12,NOV,3,Energy
2007-12,NSC,2,Industrials
2007-12,NTAP,1,Information Technology
2007-12,NTRS,2,Financials
2007-12,NUE,3,Materials
2007-12,NVDA,1,Information Technology
2007-12,NVR,2,Consumer Discretionary
2007-12,NWL,2,Consumer Discretionary
2007-12,NYT,2,Communication Services
2007-12,O,2,Real Estate
2007-12,ODFL,2,Industrials
2007-12,OI,2,Unknown
2007-12,OKE,2,Energy
2007-12,OMC,2,Communication Services
2007-12,ON,1,Information Technology
2007-12,ORCL,2,Information Technology
2007-12,ORLY,2,Consumer Discretionary
2007-12,OXY,3,Energy
2007-12,PAYX,2,Industrials
2007-12,PBI,2,Unknown
2007-12,PCAR,2,Industrials
2007-12,PCG,2,Utilities
2007-12,PEG,2,Utilities
2007-12,PENN,2,Consumer Discretionary
2007-12,PEP,2,Consumer Staples
2007-12,PFE,2,Health Care
2007-12,PFG,2,Financials
2007-12,PG,2,Consumer Staples
2007-12,PGR,2,Financials
2007-12,PH,2,Industrials
2007-12,PHM,3,Consumer Discretionary
2007-12,PKG,2,Materials
2007-12,PLD,2,Real Estate
2007-12,PNC,2,Financials
2007-12,PNR,2,Industrials
2007-12,PNW,2,Utilities
2007-12,POOL,2,Consumer Discretionary
2007-12,PPG,2,Materials
2007-12,PPL,2,Utilities
2007-12,PRGO,2,Health Care
2007-12,PRU,2,Financials
2007-12,PSA,2,Real Estate
2007-12,PTC,2,Information Technology
2007-12,PVH,2,Consumer Discretionary
2007-12,PWR,1,Industrials
2007-12,QCOM,2,Information Technology
2007-12,R,2,Industrials
2007-12,RCL,1,Consumer Discretionary
2007-12,REG,2,Real Estate
2007-12,REGN,1,Health Care
2007-12,RF,2,Financials
2007-12,RHI,3,Industrials
2007-12,RIG,3,Unknown
2007-12,RJF,3,Financials
2007-12,RL,2,Consumer Discretionary
2007-12,RMD,2,Health Care
2007-12,ROK,2,Industrials
2007-12,ROP,2,Industrials
2007-12,ROST,2,Consumer Discretionary
2007-12,RRC,3,Energy
2007-12,RSG,2,Industrials
2007-12,RTX,2,Industrials
2007-12,RVTY,2,Health Care
2007-12,SANM,2,Unknown
2007-12,SBAC,1,Real Estate
2007-12,SBUX,2,Consumer Discretionary
2007-12,SCHW,2,Financials
2007-12,SCI,2,Consumer Discretionary
2007-12,SHW,2,Materials
2007-12,SIG,2,Unknown
2007-12,SJM,2,Consumer Staples
2007-12,SLB,3,Energy
2007-12,SLG,2,Unknown
2007-12,SLM,2,Financials
2007-12,SNA,2,Industrials
2007-12,SNPS,1,Information Technology
2007-12,SO,2,Utilities
2007-12,SPG,2,Real Estate
2007-12,SPGI,2,Financials
2007-12,SRE,2,Utilities
2007-12,SSP,2,Unknown
2007-12,STE,2,Health Care
2007-12,STLD,3,Materials
2007-12,STT,2,Financials
2007-12,STX,3,Unknown
2007-12,STZ,2,Consumer Staples
2007-12,SVU,2,Unknown
2007-12,SWK,2,Industrials
2007-12,SWKS,2,Information Technology
2007-12,SYK,2,Health Care
2007-12,SYY,2,Consumer Staples
2007-12,T,2,Communication Services
2007-12,TAP,2,Consumer Staples
2007-12,TDY,2,Industrials
2007-12,TECH,2,Health Care
2007-12,TER,2,Information Technology
2007-12,TEX,3,Unknown
2007-12,TFC,2,Financials
2007-12,TFX,2,Health Care
2007-12,TGT,2,Consumer Staples
2007-12,TIE,3,Unknown
2007-12,TJX,2,Consumer Discretionary
2007-12,TKO,2,Communication Services
2007-12,TKR,3,Industrials
2007-12,TLAB,2,Unknown
2007-12,TMO,2,Health Care
2007-12,TPR,2,Consumer Discretionary
2007-12,TRMB,2,Information Technology
2007-12,TROW,2,Financials
2007-12,TRV,2,Financials
2007-12,TSCO,1,Consumer Discretionary
2007-12,TSN,2,Consumer Staples
2007-12,TT,2,Industrials
2007-12,TTWO,2,Communication Services
2007-12,TWX,2,Unknown
2007-12,TXN,1,Information Technology
2007-12,TXT,2,Industrials
2007-12,TYL,2,Information Technology
2007-12,UDR,2,Real Estate
2007-12,UHS,2,Health Care
2007-12,UIS,2,Unknown
2007-12,UNM,2,Financials
2007-12,UNP,2,Industrials
2007-12,UPS,2,Industrials
2007-12,URBN,2,Unknown
2007-12,URI,2,Industrials
2007-12,USB,2,Financials
2007-12,VFC,2,Consumer Discretionary
2007-12,VIAV,1,Unknown
2007-12,VLO,3,Energy
2007-12,VMC,2,Materials
2007-12,VNO,2,Real Estate
2007-12,VRSN,1,Information Technology
2007-12,VRTX,3,Health Care
2007-12,VTR,2,Real Estate
2007-12,VZ,2,Communication Services
2007-12,WAB,2,Industrials
2007-12,WAT,2,Health Care
2007-12,WDC,1,Information Technology
2007-12,WEC,2,Utilities
2007-12,WELL,2,Real Estate
2007-12,WEN,2,Consumer Discretionary
2007-12,WFC,2,Financials
2007-12,WHR,2,Consumer Discretionary
2007-12,WM,2,Industrials
2007-12,WMB,3,Energy
2007-12,WOR,3,Unknown
2007-12,WRB,2,Financials
2007-12,WSM,2,Consumer Discretionary
2007-12,WST,2,Health Care
2007-12,WTW,2,Financials
2007-12,WY,2,Real Estate
2007-12,WYNN,2,Consumer Discretionary
2007-12,XEL,2,Utilities
2007-12,XOM,2,Energy
2007-12,XRAY,2,Health Care
2007-12,XRX,2,Unknown
2007-12,YUM,2,Consumer Discretionary
2007-12,ZBH,2,Health Care
2007-12,ZBRA,2,Information Technology
2007-12,ZION,2,Financials
2008-12,A,1,Health Care
2008-12,AAP,2,Unknown
2008-12,AAPL,1,Information Technology
2008-12,ABT,2,Health Care
2008-12,ACGL,2,Financials
2008-12,ACN,2,Information Technology
2008-12,ADBE,2,Information Technology
2008-12,ADI,2,Information Technology
2008-12,ADM,1,Consumer Staples
2008-12,ADP,2,Industrials
2008-12,ADSK,3,Information Technology
2008-12,AEE,2,Utilities
2008-12,AEP,2,Utilities
2008-12,AES,2,Utilities
2008-12,AET,2,Unknown
2008-12,AFL,2,Financials
2008-12,AIG,2,Financials
2008-12,AIV,2,Unknown
2008-12,AJG,2,Financials
2008-12,AKAM,1,Information Technology
2008-12,ALB,2,Materials
2008-12,ALGN,1,Health Care
2008-12,ALK,1,Industrials
2008-12,ALL,2,Financials
2008-12,AMAT,2,Information Technology
2008-12,AMD,1,Information Technology
2008-12,AME,2,Industrials
2008-12,AMG,2,Financials
2008-12,AMGN,2,Health Care
2008-12,AMT,2,Real Estate
2008-12,AMZN,1,Consumer Discretionary
2008-12,AN,2,Consumer Discretionary
2008-12,ANDV,1,Unknown
2008-12,ANF,2,Unknown
2008-12,AON,2,Financials
2008-12,AOS,1,Industrials
2008-12,APA,1,Energy
2008-12,APD,2,Materials
2008-12,APH,2,Information Technology
2008-12,ARE,3,Real Estate
2008-12,ASH,3,Materials
2008-12,ATI,1,Industrials
2008-12,ATO,2,Utilities
2008-12,AVB,2,Real Estate
2008-12,AVY,2,Materials
2008-12,AXON,1,Industrials
2008-12,AXP,2,Financials
2008-12,AYI,1,Industrials
2008-12,AZO,1,Consumer Discretionary
2008-12,BA,2,Industrials
2008-12,BAC,3,Financials
2008-12,BALL,2,Materials
2008-12,BAX,2,Health Care
2008-12,BBBY,1,Unknown
2008-12,BBT,2,Unknown
2008-12,BBWI,2,Consumer Discretionary
2008-12,BBY,1,Consumer Discretionary
2008-12,BC,3,Consumer Discretionary
2008-12,BDX,2,Health Care
2008-12,BEN,2,Financials
2008-12,BF.B,2,Consumer Staples
2008-12,BG,2,Consumer Staples
2008-12,BIIB,2,Health Care
2008-12,BIO,1,Health Care
2008-12,BK,2,Unknown
2008-12,BKNG,1,Consumer Discretionary
2008-12,BKR,2,Energy
2008-12,BLK,2,Financials
2008-12,BMS,2,Unknown
2008-12,BMY,2,Health Care
2008-12,BRK.B,2,Financials
2008-12,BRO,2,Financials
2008-12,BSX,2,Health Care
2008-12,BWA,2,Consumer Discretionary
2008-12,BXP,2,Real Estate
2008-12,C,3,Financials
2008-12,CAG,2,Consumer Staples
2008-12,CAH,1,Health Care
2008-12,CAR,3,Industrials
2008-12,CAT,2,Industrials
2008-12,CB,2,Financials
2008-12,CCEP,2,Unknown
2008-12,CCI,3,Real Estate
2008-12,CCK,2,Materials
2008-12,CCL,2,Consumer Discretionary
2008-12,CCU,2,Unknown
2008-12,CDNS,2,Information Technology
2008-12,CHD,2,Consumer Staples
2008-12,CHRW,2,Industrials
2008-12,CI,2,Health Care
2008-12,CIEN,1,Information Technology
2008-12,CIN,1,Unknown
2008-12,CINF,2,Financials
2008-12,CL,2,Consumer Staples
2008-12,CLF,1,Materials
2008-12,CLX,2,Consumer Staples
2008-12,CMCSA,2,Communication Services
2008-12,CME,3,Financials
2008-12,CMI,2,Industrials
2008-12,CMS,2,Utilities
2008-12,CMVT,2,Unknown
2008-12,CNC,1,Health Care
2008-12,CNP,2,Utilities
2008-12,CNX,1,Unknown
2008-12,COF,2,Financials
2008-12,COO,1,Health Care
2008-12,COP,1,Energy
2008-12,COR,2,Health Care
2008-12,COST,2,Consumer Staples
2008-12,CPB,2,Consumer Staples
2008-12,CPRT,2,Industrials
2008-12,CPT,2,Real Estate
2008-12,CRH,2,Materials
2008-12,CRL,2,Health Care
2008-12,CSCO,1,Information Technology
2008-12,CSGP,1,Real Estate
2008-12,CSR,2,Unknown
2008-12,CSX,2,Industrials
2008-12,CTAS,2,Industrials
2008-12,CTRA,1,Unknown
2008-12,CTSH,2,Information Technology
2008-12,CVG,2,Unknown
2008-12,CVS,2,Health Care
2008-12,CVX,2,Energy
2008-12,D,2,Utilities
2008-12,DD,2,Materials
2008-12,DDR,3,Unknown
2008-12,DDS,3,Consumer Discretionary
2008-12,DE,2,Industrials
2008-12,DECK,1,Consumer Discretionary
2008-12,DGX,2,Health Care
2008-12,DHI,2,Consumer Discretionary
2008-12,DHR,2,Health Care
2008-12,DIS,2,Communication Services
2008-12,DLTR,1,Consumer Staples
2008-12,DLX,2,Unknown
2008-12,DOC,3,Real Estate
2008-12,DOV,2,Industrials
2008-12,DRI,3,Consumer Discretionary
2008-12,DTE,2,Utilities
2008-12,DUK,2,Utilities
2008-12,DVA,2,Health Care
2008-12,DVN,1,Energy
2008-12,DXC,2,Information Technology
2008-12,EA,2,Communication Services
2008-12,EBAY,1,Consumer Discretionary
2008-12,ECL,2,Materials
2008-12,ED,2,Utilities
2008-12,EFX,2,Industrials
2008-12,EG,2,Financials
2008-12,EHC,2,Health Care
2008-12,EIX,2,Utilities
2008-12,EL,2,Consumer Staples
2008-12,ELV,2,Health Care
2008-12,EME,1,Industrials
2008-12,EMN,2,Materials
2008-12,EMR,2,Industrials
2008-12,EOG,1,Energy
2008-12,EP,3,Unknown
2008-12,EQIX,1,Real Estate
2008-12,EQR,2,Real Estate
2008-12,EQT,2,Energy
2008-12,ERIE,2,Unknown
2008-12,ES,2,Utilities
2008-12,ESRX,2,Unknown
2008-12,ESS,2,Real Estate
2008-12,ETN,2,Industrials
2008-12,ETR,2,Utilities
2008-12,EVRG,2,Utilities
2008-12,EW,2,Health Care
2008-12,EXC,2,Utilities
2008-12,EXPD,2,Industrials
2008-12,F,2,Consumer Discretionary
2008-12,FAST,2,Industrials
2008-12,FCX,1,Materials
2008-12,FDS,2,Financials
2008-12,FDX,2,Industrials
2008-12,FE,2,Utilities
2008-12,FFIV,1,Information Technology
2008-12,FHN,2,Financials
2008-12,FICO,2,Information Technology
2008-12,FIS,2,Financials
2008-12,FISV,2,Financials
2008-12,FITB,3,Financials
2008-12,FIX,1,Industrials
2008-12,FLR,2,Unknown
2008-12,FLS,1,Industrials
2008-12,FMC,2,Materials
2008-12,FMCC,2,Unknown
2008-12,FNMA,2,Unknown
2008-12,FOSL,1,Unknown
2008-12,FRT,2,Real Estate
2008-12,FTI,1,Energy
2008-12,GD,2,Industrials
2008-12,GE,2,Industrials
2008-12,GEN,1,Information Technology
2008-12,GHC,2,Unknown
2008-12,GILD,2,Health Care
2008-12,GIS,2,Consumer Staples
2008-12,GL,2,Financials
2008-12,GLW,2,Information Technology
2008-12,GME,2,Consumer Discretionary
2008-12,GPC,2,Consumer Discretionary
2008-12,GPN,2,Financials
2008-12,GR,3,Unknown
2008-12,GRMN,1,Consumer Discretionary
2008-12,GS,2,Financials
2008-12,GT,3,Unknown
2008-12,GWW,2,Industrials
2008-12,HAL,1,Energy
2008-12,HAS,2,Consumer Discretionary
2008-12,HBAN,3,Financials
2008-12,HD,2,Consumer Discretionary
2008-12,HIG,3,Financials
2008-12,HOG,2,Consumer Discretionary
2008-12,HON,2,Industrials
2008-12,HP,1,Unknown
2008-12,HPQ,2,Information Technology
2008-12,HRB,2,Consumer Discretionary
2008-12,HRL,2,Consumer Staples
2008-12,HSIC,2,Health Care
2008-12,HST,2,Real Estate
2008-12,HSY,2,Consumer Staples
2008-12,HUBB,2,Industrials
2008-12,HUM,3,Health Care
2008-12,IBM,2,Information Technology
2008-12,IDXX,2,Health Care
2008-12,IEX,1,Industrials
2008-12,IFF,2,Materials
2008-12,ILMN,1,Health Care
2008-12,INCY,1,Health Care
2008-12,INTC,2,Information Technology
2008-12,INTU,2,Information Technology
2008-12,IP,2,Materials
2008-12,IRM,2,Real Estate
2008-12,ISRG,1,Health Care
2008-12,IT,2,Information Technology
2008-12,ITT,2,Industrials
2008-12,ITW,2,Industrials
2008-12,IVZ,2,Financials
2008-12,J,2,Industrials
2008-12,JBHT,2,Industrials
2008-12,JBL,1,Information Technology
2008-12,JCI,2,Industrials
2008-12,JEF,2,Financials
2008-12,JKHY,2,Financials
2008-12,JNJ,2,Health Care
2008-12,JPM,3,Financials
2008-12,KBH,1,Unknown
2008-12,KEY,3,Financials
2008-12,KIM,3,Real Estate
2008-12,KLAC,2,Information Technology
2008-12,KMB,2,Consumer Staples
2008-12,KMG,1,Unknown
2008-12,KMX,2,Consumer Discretionary
2008-12,KO,2,Consumer Staples
2008-12,KR,2,Consumer Staples
2008-12,KSS,2,Unknown
2008-12,L,2,Financials
2008-12,LEG,2,Unknown
2008-12,LEN,2,Consumer Discretionary
2008-12,LH,2,Health Care
2008-12,LHX,1,Industrials
2008-12,LII,1,Industrials
2008-12,LIN,2,Materials
2008-12,LKQ,2,Consumer Discretionary
2008-12,LLY,2,Health Care
2008-12,LMT,2,Industrials
2008-12,LNC,3,Financials
2008-12,LNT,2,Utilities
2008-12,LOW,2,Consumer Discretionary
2008-12,LPX,3,Materials
2008-12,LRCX,2,Information Technology
2008-12,LUMN,2,Unknown
2008-12,LUV,2,Industrials
2008-12,M,1,Consumer Discretionary
2008-12,MAA,2,Real Estate
2008-12,MAC,3,Unknown
2008-12,MAR,2,Consumer Discretionary
2008-12,MAS,2,Industrials
2008-12,MAT,2,Consumer Discretionary
2008-12,MBI,3,Unknown
2008-12,MCD,2,Consumer Discretionary
2008-12,MCHP,2,Information Technology
2008-12,MCK,2,Health Care
2008-12,MCO,2,Financials
2008-12,MDLZ,2,Consumer Staples
2008-12,MDT,2,Health Care
2008-12,MET,2,Financials
2008-12,MGM,3,Consumer Discretionary
2008-12,MHK,1,Consumer Discretionary
2008-12,MKC,2,Consumer Staples
2008-12,MLM,2,Materials
2008-12,MMM,2,Industrials
2008-12,MNST,3,Consumer Staples
2008-12,MO,2,Consumer Staples
2008-12,MOH,1,Health Care
2008-12,MOLX,2,Unknown
2008-12,MOS,1,Materials
2008-12,MRK,2,Health Care
2008-12,MS,2,Financials
2008-12,MSFT,2,Information Technology
2008-12,MSI,2,Information Technology
2008-12,MTB,3,Financials
2008-12,MTCH,1,Communication Services
2008-12,MTD,2,Health Care
2008-12,MTG,3,Financials
2008-12,MTW,1,Unknown
2008-12,MU,2,Information Technology
2008-12,MUR,1,Unknown
2008-12,NBR,2,Unknown
2008-12,NC,1,Unknown
2008-12,NDAQ,1,Financials
2008-12,NDSN,1,Industrials
2008-12,NEE,2,Utilities
2008-12,NEM,1,Materials
2008-12,NFLX,1,Communication Services
2008-12,NFX,1,Unknown
2008-12,NI,2,Utilities
2008-12,NKE,2,Consumer Discretionary
2008-12,NKTR,1,Unknown
2008-12,NOC,2,Industrials
2008-12,NOV,1,Energy
2008-12,NRG,1,Utilities
2008-12,NSC,1,Industrials
2008-12,NTAP,1,Information Technology
2008-12,NTRS,2,Financials
2008-12,NUE,1,Materials
2008-12,NVDA,1,Information Technology
2008-12,NVR,2,Consumer Discretionary
2008-12,NWL,2,Consumer Discretionary
2008-12,NYT,2,Communication Services
2008-12,O,2,Real Estate
2008-12,ODFL,1,Industrials
2008-12,OI,2,Unknown
2008-12,OKE,2,Energy
2008-12,OMC,2,Communication Services
2008-12,ON,1,Information Technology
2008-12,ORCL,2,Information Technology
2008-12,ORLY,2,Consumer Discretionary
2008-12,OXY,1,Energy
2008-12,PAYX,2,Industrials
2008-12,PBI,2,Unknown
2008-12,PCAR,2,Industrials
2008-12,PCG,2,Utilities
2008-12,PEG,2,Utilities
2008-12,PENN,2,Consumer Discretionary
2008-12,PEP,2,Consumer Staples
2008-12,PFE,2,Health Care
2008-12,PFG,3,Financials
2008-12,PG,2,Consumer Staples
2008-12,PGR,2,Financials
2008-12,PH,2,Industrials
2008-12,PHM,2,Consumer Discretionary
2008-12,PKG,2,Materials
2008-12,PLD,2,Real Estate
2008-12,PNC,3,Financials
2008-12,PNR,1,Industrials
2008-12,PNW,2,Utilities
2008-12,POOL,2,Consumer Discretionary
2008-12,PPG,2,Materials
2008-12,PPL,2,Utilities
2008-12,PRGO,2,Health Care
2008-12,PRU,3,Financials
2008-12,PSA,2,Real Estate
2008-12,PTC,2,Information Technology
2008-12,PVH,1,Consumer Discretionary
2008-12,PWR,2,Industrials
2008-12,QCOM,2,Information Technology
2008-12,R,2,Industrials
2008-12,RCL,2,Consumer Discretionary
2008-12,REG,2,Real Estate
2008-12,REGN,1,Health Care
2008-12,RF,3,Financials
2008-12,RHI,1,Industrials
2008-12,RIG,1,Unknown
2008-12,RJF,2,Financials
2008-12,RL,2,Consumer Discretionary
2008-12,RMD,2,Health Care
2008-12,ROK,1,Industrials
2008-12,ROL,2,Industrials
2008-12,ROP,2,Industrials
2008-12,ROST,1,Consumer Discretionary
2008-12,RRC,1,Energy
2008-12,RSG,2,Industrials
2008-12,RTX,2,Industrials
2008-12,RVTY,2,Health Care
2008-12,SANM,1,Unknown
2008-12,SBAC,1,Real Estate
2008-12,SBUX,2,Consumer Discretionary
2008-12,SCHW,2,Financials
2008-12,SCI,2,Consumer Discretionary
2008-12,SHW,2,Materials
2008-12,SIG,2,Unknown
2008-12,SJM,2,Consumer Staples
2008-12,SLB,1,Energy
2008-12,SLG,3,Unknown
2008-12,SLM,2,Financials
2008-12,SNA,2,Industrials
2008-12,SNPS,1,Information Technology
2008-12,SO,2,Utilities
2008-12,SPG,2,Real Estate
2008-12,SPGI,2,Financials
2008-12,SRE,2,Utilities
2008-12,SSP,2,Unknown
2008-12,STE,2,Health Care
2008-12,STLD,1,Materials
2008-12,STT,2,Financials
2008-12,STX,1,Unknown
2008-12,STZ,2,Consumer Staples
2008-12,SVU,2,Unknown
2008-12,SWK,2,Industrials
2008-12,SWKS,1,Information Technology
2008-12,SYK,2,Health Care
2008-12,SYY,2,Consumer Staples
2008-12,T,2,Communication Services
2008-12,TAP,2,Consumer Staples
2008-12,TDY,2,Industrials
2008-12,TECH,2,Health Care
2008-12,TER,1,Information Technology
2008-12,TEX,3,Unknown
2008-12,TFC,3,Financials
2008-12,TFX,2,Health Care
2008-12,TGT,2,Consumer Staples
2008-12,THC,3,Health Care
2008-12,TIE,1,Unknown
2008-12,TJX,2,Consumer Discretionary
2008-12,TKO,2,Communication Services
2008-12,TKR,1,Industrials
2008-12,TLAB,1,Unknown
2008-12,TMO,2,Health Care
2008-12,TPL,1,Energy
2008-12,TPR,2,Consumer Discretionary
2008-12,TRMB,2,Information Technology
2008-12,TROW,2,Financials
2008-12,TRV,2,Financials
2008-12,TSCO,1,Consumer Discretionary
2008-12,TSN,2,Consumer Staples
2008-12,TT,2,Industrials
2008-12,TTWO,1,Communication Services
2008-12,TWX,2,Unknown
2008-12,TXN,2,Information Technology
2008-12,TXT,2,Industrials
2008-12,TYL,1,Information Technology
2008-12,UDR,2,Real Estate
2008-12,UHS,2,Health Care
2008-12,UIS,1,Unknown
2008-12,UNH,2,Health Care
2008-12,UNM,2,Financials
2008-12,UNP,2,Industrials
2008-12,UPS,2,Industrials
2008-12,URBN,2,Unknown
2008-12,URI,1,Industrials
2008-12,USB,2,Financials
2008-12,VFC,2,Consumer Discretionary
2008-12,VIAV,1,Unknown
2008-12,VLO,1,Energy
2008-12,VMC,2,Materials
2008-12,VNO,2,Real Estate
2008-12,VRSN,1,Information Technology
2008-12,VRTX,1,Health Care
2008-12,VTR,3,Real Estate
2008-12,VTRS,2,Health Care
2008-12,VZ,2,Communication Services
2008-12,WAB,1,Industrials
2008-12,WAT,2,Health Care
2008-12,WDC,1,Information Technology
2008-12,WEC,2,Utilities
2008-12,WELL,2,Real Estate
2008-12,WEN,1,Consumer Discretionary
2008-12,WFC,3,Financials
2008-12,WHR,2,Consumer Discretionary
2008-12,WM,2,Industrials
2008-12,WMB,1,Energy
2008-12,WMT,2,Consumer Staples
2008-12,WOR,1,Unknown
2008-12,WRB,2,Financials
2008-12,WSM,2,Consumer Discretionary
2008-12,WST,2,Health Care
2008-12,WTW,2,Financials
2008-12,WY,2,Real Estate
2008-12,WYNN,1,Consumer Discretionary
2008-12,XEL,2,Utilities
2008-12,XOM,2,Energy
2008-12,XRAY,2,Health Care
2008-12,XRX,2,Unknown
2008-12,YUM,2,Consumer Discretionary
2008-12,ZBH,2,Health Care
2008-12,ZBRA,2,Information Technology
2008-12,ZION,3,Financials
2009-12,A,3,Health Care
2009-12,AAP,2,Unknown
2009-12,AAPL,1,Information Technology
2009-12,ABT,2,Health Care
2009-12,ACGL,2,Financials
2009-12,ACN,2,Information Technology
2009-12,ADBE,2,Information Technology
2009-12,ADI,2,Information Technology
2009-12,ADM,2,Consumer Staples
2009-12,ADP,2,Industrials
2009-12,ADSK,2,Information Technology
2009-12,AEE,2,Utilities
2009-12,AEP,2,Utilities
2009-12,AES,1,Utilities
2009-12,AET,3,Unknown
2009-12,AFL,1,Financials
2009-12,AIV,1,Unknown
2009-12,AIZ,2,Financials
2009-12,AJG,2,Financials
2009-12,AKAM,3,Information Technology
2009-12,ALB,2,Materials
2009-12,ALGN,1,Health Care
2009-12,ALK,2,Industrials
2009-12,ALL,1,Financials
2009-12,AMAT,2,Information Technology
2009-12,AMD,3,Information Technology
2009-12,AME,2,Industrials
2009-12,AMG,1,Financials
2009-12,AMGN,2,Health Care
2009-12,AMT,2,Real Estate
2009-12,AMZN,1,Consumer Discretionary
2009-12,AN,2,Consumer Discretionary
2009-12,ANDV,3,Unknown
2009-12,ANF,2,Unknown
2009-12,AON,2,Financials
2009-12,AOS,2,Industrials
2009-12,APA,1,Energy
2009-12,APD,2,Materials
2009-12,APH,1,Information Technology
2009-12,ARE,3,Real Estate
2009-12,ASH,1,Materials
2009-12,ATI,1,Industrials
2009-12,ATO,2,Utilities
2009-12,AVB,2,Real Estate
2009-12,AVY,2,Materials
2009-12,AXON,3,Industrials
2009-12,AXP,1,Financials
2009-12,AYI,1,Industrials
2009-12,AZO,2,Consumer Discretionary
2009-12,BA,2,Industrials
2009-12,BAC,2,Financials
2009-12,BALL,2,Materials
2009-12,BAX,2,Health Care
2009-12,BBBY,1,Unknown
2009-12,BBT,2,Unknown
2009-12,BBWI,1,Consumer Discretionary
2009-12,BBY,3,Consumer Discretionary
2009-12,BC,1,Consumer Discretionary
2009-12,BDX,2,Health Care
2009-12,BEN,2,Financials
2009-12,BF.B,2,Consumer Staples
2009-12,BG,2,Consumer Staples
2009-12,BIIB,3,Health Care
2009-12,BIO,2,Health Care
2009-12,BK,2,Unknown
2009-12,BKNG,1,Consumer Discretionary
2009-12,BKR,1,Energy
2009-12,BLK,3,Financials
2009-12,BMS,2,Unknown
2009-12,BMY,2,Health Care
2009-12,BRK.B,2,Financials
2009-12,BRO,2,Financials
2009-12,BSX,3,Health Care
2009-12,BWA,1,Consumer Discretionary
2009-12,BXP,2,Real Estate
2009-12,C,2,Financials
2009-12,CAG,2,Consumer Staples
2009-12,CAH,2,Health Care
2009-12,CAR,1,Industrials
2009-12,CAT,1,Industrials
2009-12,CB,2,Financials
2009-12,CBRE,1,Real Estate
2009-12,CCEP,1,Unknown
2009-12,CCI,1,Real Estate
2009-12,CCK,3,Materials
2009-12,CCL,2,Consumer Discretionary
2009-12,CCU,2,Unknown
2009-12,CDNS,3,Information Technology
2009-12,CHD,2,Consumer Staples
2009-12,CHRW,2,Industrials
2009-12,CI,3,Health Care
2009-12,CIEN,3,Information Technology
2009-12,CIN,2,Unknown
2009-12,CINF,2,Financials
2009-12,CL,2,Consumer Staples
2009-12,CLF,1,Materials
2009-12,CLX,2,Consumer Staples
2009-12,CMCSA,1,Communication Services
2009-12,CME,3,Financials
2009-12,CMI,1,Industrials
2009-12,CMS,2,Utilities
2009-12,CMVT,2,Unknown
2009-12,CNC,3,Health Care
2009-12,CNP,2,Utilities
2009-12,CNX,1,Unknown
2009-12,COF,1,Financials
2009-12,COO,3,Health Care
2009-12,COP,1,Energy
2009-12,COR,2,Health Care
2009-12,COST,2,Consumer Staples
2009-12,CPB,2,Consumer Staples
2009-12,CPQ,1,Unknown
2009-12,CPRT,3,Industrials
2009-12,CPT,2,Real Estate
2009-12,CRH,2,Materials
2009-12,CRL,3,Health Care
2009-12,CRM,3,Information Technology
2009-12,CSCO,2,Information Technology
2009-12,CSGP,2,Real Estate
2009-12,CSR,2,Unknown
2009-12,CSX,2,Industrials
2009-12,CTAS,2,Industrials
2009-12,CTRA,1,Unknown
2009-12,CTSH,2,Information Technology
2009-12,CVG,2,Unknown
2009-12,CVS,2,Health Care
2009-12,CVX,2,Energy
2009-12,D,2,Utilities
2009-12,DD,1,Materials
2009-12,DDR,1,Unknown
2009-12,DDS,1,Consumer Discretionary
2009-12,DE,1,Industrials
2009-12,DECK,1,Consumer Discretionary
2009-12,DGX,2,Health Care
2009-12,DHI,1,Consumer Discretionary
2009-12,DHR,2,Health Care
2009-12,DIS,2,Communication Services
2009-12,DLR,2,Real Estate
2009-12,DLTR,2,Consumer Staples
2009-12,DLX,1,Unknown
2009-12,DOC,2,Real Estate
2009-12,DOV,2,Industrials
2009-12,DPZ,3,Consumer Discretionary
2009-12,DRI,3,Consumer Discretionary
2009-12,DTE,2,Utilities
2009-12,DUK,2,Utilities
2009-12,DVA,2,Health Care
2009-12,DVN,1,Energy
2009-12,DXC,2,Information Technology
2009-12,EA,1,Communication Services
2009-12,EBAY,3,Consumer Discretionary
2009-12,ECL,2,Materials
2009-12,ED,2,Utilities
2009-12,EFX,2,Industrials
2009-12,EG,2,Financials
2009-12,EHC,3,Health Care
2009-12,EIX,2,Utilities
2009-12,EL,2,Consumer Staples
2009-12,ELV,2,Health Care
2009-12,EME,1,Industrials
2009-12,EMN,1,Materials
2009-12,EMR,2,Industrials
2009-12,EOG,1,Energy
2009-12,EP,3,Unknown
2009-12,EQIX,1,Real Estate
2009-12,EQR,2,Real Estate
2009-12,EQT,2,Energy
2009-12,ERIE,2,Unknown
2009-12,ES,2,Utilities
2009-12,ESRX,2,Unknown
2009-12,ESS,2,Real Estate
2009-12,ETN,2,Industrials
2009-12,ETR,2,Utilities
2009-12,EVRG,2,Utilities
2009-12,EW,2,Health Care
2009-12,EXC,2,Utilities
2009-12,EXPD,2,Industrials
2009-12,EXR,1,Real Estate
2009-12,F,1,Consumer Discretionary
2009-12,FAST,2,Industrials
2009-12,FCX,1,Materials
2009-12,FDS,2,Financials
2009-12,FDX,1,Industrials
2009-12,FE,2,Utilities
2009-12,FFIV,1,Information Technology
2009-12,FHN,2,Financials
2009-12,FICO,2,Information Technology
2009-12,FIS,2,Financials
2009-12,FISV,2,Financials
2009-12,FITB,2,Financials
2009-12,FIX,2,Industrials
2009-12,FLR,1,Unknown
2009-12,FLS,1,Industrials
2009-12,FMC,2,Materials
2009-12,FOSL,1,Unknown
2009-12,FRT,2,Real Estate
2009-12,FTI,1,Energy
2009-12,GD,2,Industrials
2009-12,GE,2,Industrials
2009-12,GEN,2,Information Technology
2009-12,GHC,2,Unknown
2009-12,GILD,2,Health Care
2009-12,GIS,2,Consumer Staples
2009-12,GL,2,Financials
2009-12,GLW,3,Information Technology
2009-12,GME,3,Consumer Discretionary
2009-12,GOOG,1,Communication Services
2009-12,GOOGL,1,Communication Services
2009-12,GPC,2,Consumer Discretionary
2009-12,GPN,2,Financials
2009-12,GR,3,Unknown
2009-12,GRMN,3,Consumer Discretionary
2009-12,GS,1,Financials
2009-12,GT,3,Unknown
2009-12,GWW,2,Industrials
2009-12,HAL,1,Energy
2009-12,HAS,2,Consumer Discretionary
2009-12,HBAN,2,Financials
2009-12,HD,2,Consumer Discretionary
2009-12,HIG,1,Financials
2009-12,HOG,1,Consumer Discretionary
2009-12,HON,2,Industrials
2009-12,HP,1,Unknown
2009-12,HPQ,2,Information Technology
2009-12,HRB,2,Consumer Discretionary
2009-12,HRL,2,Consumer Staples
2009-12,HSIC,3,Health Care
2009-12,HST,1,Real Estate
2009-12,HSY,2,Consumer Staples
2009-12,HUBB,2,Industrials
2009-12,HUM,2,Health Care
2009-12,IBM,2,Information Technology
2009-12,IDXX,2,Health Care
2009-12,IEX,2,Industrials
2009-12,IFF,2,Materials
2009-12,ILMN,3,Health Care
2009-12,INCY,1,Health Care
2009-12,INTC,2,Information Technology
2009-12,INTU,2,Information Technology
2009-12,IP,1,Materials
2009-12,IRM,2,Real Estate
2009-12,ISRG,3,Health Care
2009-12,IT,2,Information Technology
2009-12,ITT,2,Industrials
2009-12,ITW,2,Industrials
2009-12,IVZ,3,Financials
2009-12,J,1,Industrials
2009-12,JBHT,2,Industrials
2009-12,JBL,1,Information Technology
2009-12,JCI,1,Industrials
2009-12,JEF,1,Financials
2009-12,JKHY,2,Financials
2009-12,JNJ,2,Health Care
2009-12,JPM,2,Financials
2009-12,KBH,1,Unknown
2009-12,KEY,2,Financials
2009-12,KIM,1,Real Estate
2009-12,KLAC,1,Information Technology
2009-12,KMB,2,Consumer Staples
2009-12,KMG,3,Unknown
2009-12,KMX,3,Consumer Discretionary
2009-12,KO,2,Consumer Staples
2009-12,KR,2,Consumer Staples
2009-12,KSS,2,Unknown
2009-12,L,2,Financials
2009-12,LEG,2,Unknown
2009-12,LEN,1,Consumer Discretionary
2009-12,LH,2,Health Care
2009-12,LHX,2,Industrials
2009-12,LII,2,Industrials
2009-12,LIN,2,Materials
2009-12,LKQ,3,Consumer Discretionary
2009-12,LLY,2,Health Care
2009-12,LMT,2,Industrials
2009-12,LNC,1,Financials
2009-12,LNT,2,Utilities
2009-12,LOW,1,Consumer Discretionary
2009-12,LPX,3,Materials
2009-12,LRCX,1,Information Technology
2009-12,LUMN,2,Unknown
2009-12,LUV,2,Industrials
2009-12,LVS,1,Consumer Discretionary
2009-12,M,1,Consumer Discretionary
2009-12,MAA,2,Real Estate
2009-12,MAC,1,Unknown
2009-12,MAR,2,Consumer Discretionary
2009-12,MAS,1,Industrials
2009-12,MAT,1,Consumer Discretionary
2009-12,MBI,3,Unknown
2009-12,MCD,2,Consumer Discretionary
2009-12,MCHP,2,Information Technology
2009-12,MCK,2,Health Care
2009-12,MCO,2,Financials
2009-12,MDLZ,2,Consumer Staples
2009-12,MDT,2,Health Care
2009-12,MET,2,Financials
2009-12,MHK,1,Consumer Discretionary
2009-12,MKC,2,Consumer Staples
2009-12,MKTX,3,Financials
2009-12,MLM,2,Materials
2009-12,MMM,2,Industrials
2009-12,MO,2,Consumer Staples
2009-12,MOH,2,Health Care
2009-12,MOLX,2,Unknown
2009-12,MOS,1,Materials
2009-12,MRK,2,Health Care
2009-12,MS,3,Financials
2009-12,MSFT,2,Information Technology
2009-12,MSI,3,Information Technology
2009-12,MTB,2,Financials
2009-12,MTCH,2,Communication Services
2009-12,MTD,2,Health Care
2009-12,MTG,1,Financials
2009-12,MTW,1,Unknown
2009-12,MU,3,Information Technology
2009-12,MUR,1,Unknown
2009-12,NBR,1,Unknown
2009-12,NC,1,Unknown
2009-12,NDAQ,3,Financials
2009-12,NDSN,1,Industrials
2009-12,NEE,2,Utilities
2009-12,NEM,2,Materials
2009-12,NFLX,3,Communication Services
2009-12,NFX,1,Unknown
2009-12,NI,2,Utilities
2009-12,NKE,2,Consumer Discretionary
2009-12,NKTR,3,Unknown
2009-12,NOC,2,Industrials
2009-12,NOV,1,Energy
2009-12,NRG,1,Utilities
2009-12,NSC,2,Industrials
2009-12,NTAP,3,Information Technology
2009-12,NTRS,3,Financials
2009-12,NUE,1,Materials
2009-12,NVDA,3,Information Technology
2009-12,NVR,1,Consumer Discretionary
2009-12,NWL,1,Consumer Discretionary
2009-12,NYT,1,Communication Services
2009-12,O,2,Real Estate
2009-12,ODFL,3,Industrials
2009-12,OI,1,Unknown
2009-12,OKE,1,Energy
2009-12,OMC,1,Communication Services
2009-12,ON,3,Information Technology
2009-12,ORCL,2,Information Technology
2009-12,ORLY,2,Consumer Discretionary
2009-12,OXY,1,Energy
2009-12,PAYX,2,Industrials
2009-12,PBG,2,Unknown
2009-12,PBI,2,Unknown
2009-12,PCAR,2,Industrials
2009-12,PCG,2,Utilities
2009-12,PEG,2,Utilities
2009-12,PENN,1,Consumer Discretionary
2009-12,PEP,2,Consumer Staples
2009-12,PFE,2,Health Care
2009-12,PFG,1,Financials
2009-12,PG,2,Consumer Staples
2009-12,PGR,2,Financials
2009-12,PH,2,Industrials
2009-12,PHM,1,Consumer Discretionary
2009-12,PKG,3,Materials
2009-12,PLD,2,Real Estate
2009-12,PNC,2,Financials
2009-12,PNR,2,Industrials
2009-12,PNW,2,Utilities
2009-12,POOL,1,Consumer Discretionary
2009-12,PPG,2,Materials
2009-12,PPL,2,Utilities
2009-12,PRGO,2,Health Care
2009-12,PRU,1,Financials
2009-12,PSA,2,Real Estate
2009-12,PTC,1,Information Technology
2009-12,PVH,1,Consumer Discretionary
2009-12,PWR,3,Industrials
2009-12,QCOM,3,Information Technology
2009-12,R,2,Industrials
2009-12,RCL,1,Consumer Discretionary
2009-12,REG,1,Real Estate
2009-12,REGN,3,Health Care
2009-12,RF,2,Financials
2009-12,RHI,1,Industrials
2009-12,RIG,1,Unknown
2009-12,RJF,2,Financials
2009-12,RL,1,Consumer Discretionary
2009-12,RMD,2,Health Care
2009-12,ROK,1,Industrials
2009-12,ROL,2,Industrials
2009-12,ROP,2,Industrials
2009-12,ROST,2,Consumer Discretionary
2009-12,RRC,1,Energy
2009-12,RSG,2,Industrials
2009-12,RTX,2,Industrials
2009-12,RVTY,2,Health Care
2009-12,SANM,1,Unknown
2009-12,SBAC,3,Real Estate
2009-12,SBUX,3,Consumer Discretionary
2009-12,SCHW,2,Financials
2009-12,SCI,2,Consumer Discretionary
2009-12,SHW,2,Materials
2009-12,SIG,2,Unknown
2009-12,SJM,2,Consumer Staples
2009-12,SLB,1,Energy
2009-12,SLG,1,Unknown
2009-12,SLM,2,Financials
2009-12,SNA,1,Industrials
2009-12,SNPS,3,Information Technology
2009-12,SO,2,Utilities
2009-12,SPG,1,Real Estate
2009-12,SPGI,1,Financials
2009-12,SRE,2,Utilities
2009-12,SSP,1,Unknown
2009-12,STE,2,Health Care
2009-12,STLD,1,Materials
2009-12,STT,2,Financials
2009-12,STX,3,Unknown
2009-12,STZ,2,Consumer Staples
2009-12,SVU,2,Unknown
2009-12,SWK,1,Industrials
2009-12,SWKS,3,Information Technology
2009-12,SYK,2,Health Care
2009-12,SYY,2,Consumer Staples
2009-12,T,2,Communication Services
2009-12,TAP,2,Consumer Staples
2009-12,TDY,2,Industrials
2009-12,TECH,2,Health Care
2009-12,TER,3,Information Technology
2009-12,TEX,1,Unknown
2009-12,TFC,2,Financials
2009-12,TFX,2,Health Care
2009-12,TGT,2,Consumer Staples
2009-12,THC,1,Health Care
2009-12,TIE,1,Unknown
2009-12,TJX,2,Consumer Discretionary
2009-12,TKO,2,Communication Services
2009-12,TKR,1,Industrials
2009-12,TLAB,3,Unknown
2009-12,TMO,2,Health Care
2009-12,TPL,2,Energy
2009-12,TPR,1,Consumer Discretionary
2009-12,TRMB,1,Information Technology
2009-12,TROW,1,Financials
2009-12,TRV,2,Financials
2009-12,TSCO,2,Consumer Discretionary
2009-12,TSN,2,Consumer Staples
2009-12,TT,1,Industrials
2009-12,TTWO,2,Communication Services
2009-12,TWX,2,Unknown
2009-12,TXN,2,Information Technology
2009-12,TXT,1,Industrials
2009-12,TYL,2,Information Technology
2009-12,UDR,2,Real Estate
2009-12,UHS,2,Health Care
2009-12,UIS,1,Unknown
2009-12,UNH,2,Health Care
2009-12,UNM,2,Financials
2009-12,UNP,2,Industrials
2009-12,UPS,2,Industrials
2009-12,URBN,2,Unknown
2009-12,URI,1,Industrials
2009-12,USB,2,Financials
2009-12,VFC,2,Consumer Discretionary
2009-12,VIAV,3,Unknown
2009-12,VLO,1,Energy
2009-12,VMC,1,Materials
2009-12,VNO,1,Real Estate
2009-12,VO,2,Unknown
2009-12,VRSN,2,Information Technology
2009-12,VRTX,3,Health Care
2009-12,VTR,2,Real Estate
2009-12,VTRS,2,Health Care
2009-12,VZ,2,Communication Services
2009-12,WAB,1,Industrials
2009-12,WAT,1,Health Care
2009-12,WDC,3,Information Technology
2009-12,WEC,2,Utilities
2009-12,WELL,2,Real Estate
2009-12,WEN,2,Consumer Discretionary
2009-12,WFC,2,Financials
2009-12,WHR,1,Consumer Discretionary
2009-12,WM,2,Industrials
2009-12,WMB,1,Energy
2009-12,WMT,2,Consumer Staples
2009-12,WOR,1,Unknown
2009-12,WRB,2,Financials
2009-12,WSM,3,Consumer Discretionary
2009-12,WST,2,Health Care
2009-12,WTW,2,Financials
2009-12,WY,1,Real Estate
2009-12,WYNN,1,Consumer Discretionary
2009-12,XEL,2,Utilities
2009-12,XOM,2,Energy
2009-12,XRAY,2,Health Care
2009-12,XRX,1,Unknown
2009-12,YUM,2,Consumer Discretionary
2009-12,ZBH,2,Health Care
2009-12,ZBRA,2,Information Technology
2009-12,ZION,2,Financials
2010-12,A,1,Health Care
2010-12,AAL,3,Industrials
2010-12,AAP,1,Unknown
2010-12,AAPL,3,Information Technology
2010-12,ABT,1,Health Care
2010-12,ACGL,1,Financials
2010-12,ACN,1,Information Technology
2010-12,ADBE,3,Information Technology
2010-12,ADI,1,Information Technology
2010-12,ADM,3,Consumer Staples
2010-12,ADP,1,Industrials
2010-12,ADSK,2,Information Technology
2010-12,AEE,1,Utilities
2010-12,AEP,1,Utilities
2010-12,AES,3,Utilities
2010-12,AET,1,Unknown
2010-12,AFL,1,Financials
2010-12,AIV,2,Unknown
2010-12,AIZ,3,Financials
2010-12,AJG,1,Financials
2010-12,AKAM,3,Information Technology
2010-12,ALB,1,Materials
2010-12,ALGN,2,Health Care
2010-12,ALK,1,Industrials
2010-12,ALL,3,Financials
2010-12,AMAT,1,Information Technology
2010-12,AMD,2,Information Technology
2010-12,AME,1,Industrials
2010-12,AMG,2,Financials
2010-12,AMGN,1,Health Care
2010-12,AMP,1,Financials
2010-12,AMT,3,Real Estate
2010-12,AMZN,3,Consumer Discretionary
2010-12,AN,1,Consumer Discretionary
2010-12,ANDV,2,Unknown
2010-12,ANF,1,Unknown
2010-12,AON,1,Financials
2010-12,AOS,1,Industrials
2010-12,APA,2,Energy
2010-12,APD,1,Materials
2010-12,APH,2,Information Technology
2010-12,ARE,3,Real Estate
2010-12,ATI,2,Industrials
2010-12,ATO,1,Utilities
2010-12,AVB,1,Real Estate
2010-12,AVY,1,Materials
2010-12,AXON,3,Industrials
2010-12,AXP,2,Financials
2010-12,AYI,2,Industrials
2010-12,AZO,1,Consumer Discretionary
2010-12,BA,1,Industrials
2010-12,BAC,3,Financials
2010-12,BALL,1,Materials
2010-12,BAX,1,Health Care
2010-12,BBBY,2,Unknown
2010-12,BBT,1,Unknown
2010-12,BBWI,2,Consumer Discretionary
2010-12,BBY,3,Consumer Discretionary
2010-12,BC,2,Consumer Discretionary
2010-12,BDX,1,Health Care
2010-12,BEN,1,Financials
2010-12,BF.B,1,Consumer Staples
2010-12,BG,3,Consumer Staples
2010-12,BIIB,1,Health Care
2010-12,BIO,1,Health Care
2010-12,BK,1,Unknown
2010-12,BKNG,1,Consumer Discretionary
2010-12,BKR,2,Energy
2010-12,BLDR,3,Industrials
2010-12,BLK,1,Financials
2010-12,BMS,1,Unknown
2010-12,BMY,1,Health Care
2010-12,BRK.B,1,Financials
2010-12,BRO,1,Financials
2010-12,BSX,3,Health Care
2010-12,BWA,1,Consumer Discretionary
2010-12,BXP,1,Real Estate
2010-12,C,3,Financials
2010-12,CAG,1,Consumer Staples
2010-12,CAH,1,Health Care
2010-12,CAT,2,Industrials
2010-12,CB,1,Financials
2010-12,CBRE,2,Real Estate
2010-12,CCEP,1,Unknown
2010-12,CCI,3,Real Estate
2010-12,CCK,1,Materials
2010-12,CCL,1,Consumer Discretionary
2010-12,CCU,1,Unknown
2010-12,CDNS,2,Information Technology
2010-12,CE,2,Materials
2010-12,CF,3,Materials
2010-12,CHD,1,Consumer Staples
2010-12,CHRW,1,Industrials
2010-12,CI,3,Health Care
2010-12,CIEN,3,Information Technology
2010-12,CINF,1,Financials
2010-12,CL,1,Consumer Staples
2010-12,CLF,2,Materials
2010-12,CLX,1,Consumer Staples
2010-12,CMCSA,1,Communication Services
2010-12,CME,3,Financials
2010-12,CMI,1,Industrials
2010-12,CMS,1,Utilities
2010-12,CMVT,2,Unknown
2010-12,CNC,3,Health Care
2010-12,CNP,1,Utilities
2010-12,CNX,2,Unknown
2010-12,COF,1,Financials
2010-12,COO,3,Health Care
2010-12,COP,2,Energy
2010-12,COR,1,Health Care
2010-12,COST,1,Consumer Staples
2010-12,CPB,1,Consumer Staples
2010-12,CPQ,1,Unknown
2010-12,CPRT,1,Industrials
2010-12,CPT,1,Real Estate
2010-12,CRH,1,Materials
2010-12,CRL,1,Health Care
2010-12,CRM,3,Information Technology
2010-12,CSCO,1,Information Technology
2010-12,CSGP,1,Real Estate
2010-12,CSR,1,Unknown
2010-12,CSX,1,Industrials
2010-12,CTAS,1,Industrials
2010-12,CTRA,2,Unknown
2010-12,CTSH,1,Information Technology
2010-12,CVG,1,Unknown
2010-12,CVS,1,Health Care
2010-12,CVX,1,Energy
2010-12,D,1,Utilities
2010-12,DD,2,Materials
2010-12,DDR,2,Unknown
2010-12,DDS,2,Consumer Discretionary
2010-12,DE,3,Industrials
2010-12,DECK,3,Consumer Discretionary
2010-12,DGX,1,Health Care
2010-12,DHI,1,Consumer Discretionary
2010-12,DHR,1,Health Care
2010-12,DIS,1,Communication Services
2010-12,DLR,1,Real Estate
2010-12,DLTR,1,Consumer Staples
2010-12,DLX,2,Unknown
2010-12,DOC,3,Real Estate
2010-12,DOV,1,Industrials
2010-12,DPZ,3,Consumer Discretionary
2010-12,DRI,3,Consumer Discretionary
2010-12,DTE,1,Utilities
2010-12,DUK,1,Utilities
2010-12,DVA,1,Health Care
2010-12,DVN,2,Energy
2010-12,DXC,1,Information Technology
2010-12,EA,3,Communication Services
2010-12,EBAY,3,Consumer Discretionary
2010-12,ECL,1,Materials
2010-12,ED,1,Utilities
2010-12,EFX,1,Industrials
2010-12,EG,1,Financials
2010-12,EHC,1,Health Care
2010-12,EIX,1,Utilities
2010-12,EL,1,Consumer Staples
2010-12,ELV,1,Health Care
2010-12,EME,2,Industrials
2010-12,EMN,1,Materials
2010-12,EMR,1,Industrials
2010-12,EOG,2,Energy
2010-12,EQIX,3,Real Estate
2010-12,EQR,1,Real Estate
2010-12,EQT,1,Energy
2010-12,ERIE,1,Unknown
2010-12,ES,1,Utilities
2010-12,ESRX,1,Unknown
2010-12,ESS,1,Real Estate
2010-12,ETN,1,Industrials
2010-12,ETR,1,Utilities
2010-12,EVRG,1,Utilities
2010-12,EW,1,Health Care
2010-12,EXC,1,Utilities
2010-12,EXPD,1,Industrials
2010-12,EXPE,3,Consumer Discretionary
2010-12,EXR,1,Real Estate
2010-12,F,2,Consumer Discretionary
2010-12,FAST,1,Industrials
2010-12,FCX,2,Materials
2010-12,FDS,1,Financials
2010-12,FDX,1,Industrials
2010-12,FE,1,Utilities
2010-12,FFIV,2,Information Technology
2010-12,FHN,3,Financials
2010-12,FICO,3,Information Technology
2010-12,FIS,1,Financials
2010-12,FISV,1,Financials
2010-12,FITB,3,Financials
2010-12,FIX,1,Industrials
2010-12,FLR,2,Unknown
2010-12,FLS,3,Industrials
2010-12,FMC,1,Materials
2010-12,FNMA,3,Unknown
2010-12,FOSL,3,Unknown
2010-12,FRT,1,Real Estate
2010-12,FTI,3,Energy
2010-12,GD,1,Industrials
2010-12,GE,1,Industrials
2010-12,GEN,1,Information Technology
2010-12,GHC,1,Unknown
2010-12,GILD,1,Health Care
2010-12,GIS,1,Consumer Staples
2010-12,GL,3,Financials
2010-12,GLW,2,Information Technology
2010-12,GME,2,Consumer Discretionary
2010-12,GOOG,3,Communication Services
2010-12,GOOGL,3,Communication Services
2010-12,GPC,1,Consumer Discretionary
2010-12,GPN,3,Financials
2010-12,GR,3,Unknown
2010-12,GRMN,3,Consumer Discretionary
2010-12,GS,3,Financials
2010-12,GT,2,Unknown
2010-12,GTE,2,Unknown
2010-12,GWW,1,Industrials
2010-12,HAL,2,Energy
2010-12,HAS,1,Consumer Discretionary
2010-12,HBAN,1,Financials
2010-12,HD,1,Consumer Discretionary
2010-12,HIG,2,Financials
2010-12,HOG,2,Consumer Discretionary
2010-12,HON,1,Industrials
2010-12,HP,2,Unknown
2010-12,HPQ,1,Information Technology
2010-12,HRB,1,Consumer Discretionary
2010-12,HRL,1,Consumer Staples
2010-12,HSIC,1,Health Care
2010-12,HST,2,Real Estate
2010-12,HSY,1,Consumer Staples
2010-12,HUBB,1,Industrials
2010-12,HUM,1,Health Care
2010-12,IBM,1,Information Technology
2010-12,ICE,3,Financials
2010-12,IDXX,1,Health Care
2010-12,IEX,2,Industrials
2010-12,IFF,1,Materials
2010-12,ILMN,3,Health Care
2010-12,INCY,1,Health Care
2010-12,INTC,1,Information Technology
2010-12,INTU,1,Information Technology
2010-12,IP,2,Materials
2010-12,IRM,1,Real Estate
2010-12,ISRG,3,Health Care
2010-12,IT,3,Information Technology
2010-12,ITT,1,Industrials
2010-12,ITW,1,Industrials
2010-12,IVZ,3,Financials
2010-12,J,3,Industrials
2010-12,JBHT,1,Industrials
2010-12,JBL,2,Information Technology
2010-12,JCI,1,Industrials
2010-12,JEF,3,Financials
2010-12,JKHY,1,Financials
2010-12,JNJ,1,Health Care
2010-12,JPM,1,Financials
2010-12,KBH,2,Unknown
2010-12,KEY,3,Financials
2010-12,KIM,2,Real Estate
2010-12,KLAC,2,Information Technology
2010-12,KMB,1,Consumer Staples
2010-12,KMG,3,Unknown
2010-12,KMX,2,Consumer Discretionary
2010-12,KO,1,Consumer Staples
2010-12,KR,1,Consumer Staples
2010-12,KSS,1,Unknown
2010-12,L,1,Financials
2010-12,LEG,1,Unknown
2010-12,LEN,2,Consumer Discretionary
2010-12,LH,1,Health Care
2010-12,LHX,1,Industrials
2010-12,LII,1,Industrials
2010-12,LIN,1,Materials
2010-12,LKQ,3,Consumer Discretionary
2010-12,LLY,1,Health Care
2010-12,LMT,1,Industrials
2010-12,LNC,2,Financials
2010-12,LNT,1,Utilities
2010-12,LOW,1,Consumer Discretionary
2010-12,LPX,2,Materials
2010-12,LRCX,2,Information Technology
2010-12,LUMN,1,Unknown
2010-12,LUV,1,Industrials
2010-12,LVS,2,Consumer Discretionary
2010-12,LYV,3,Communication Services
2010-12,M,2,Consumer Discretionary
2010-12,MAA,1,Real Estate
2010-12,MAC,2,Unknown
2010-12,MAR,1,Consumer Discretionary
2010-12,MAS,1,Industrials
2010-12,MAT,1,Consumer Discretionary
2010-12,MBI,3,Unknown
2010-12,MCD,1,Consumer Discretionary
2010-12,MCHP,1,Information Technology
2010-12,MCK,1,Health Care
2010-12,MCO,3,Financials
2010-12,MDLZ,1,Consumer Staples
2010-12,MDT,1,Health Care
2010-12,MET,1,Financials
2010-12,MHK,2,Consumer Discretionary
2010-12,MKC,1,Consumer Staples
2010-12,MKTX,1,Financials
2010-12,MLM,1,Materials
2010-12,MMM,1,Industrials
2010-12,MNST,3,Consumer Staples
2010-12,MO,1,Consumer Staples
2010-12,MOH,2,Health Care
2010-12,MOLX,1,Unknown
2010-12,MOS,3,Materials
2010-12,MRK,1,Health Care
2010-12,MS,1,Financials
2010-12,MSFT,1,Information Technology
2010-12,MSI,1,Information Technology
2010-12,MTB,1,Financials
2010-12,MTCH,1,Communication Services
2010-12,MTD,1,Health Care
2010-12,MTG,2,Financials
2010-12,MTW,2,Unknown
2010-12,MU,3,Information Technology
2010-12,MUR,3,Unknown
2010-12,NBR,2,Unknown
2010-12,NC,2,Unknown
2010-12,NDAQ,3,Financials
2010-12,NDSN,1,Industrials
2010-12,NEE,1,Utilities
2010-12,NEM,3,Materials
2010-12,NFLX,3,Communication Services
2010-12,NFX,2,Unknown
2010-12,NI,1,Utilities
2010-12,NKE,1,Consumer Discretionary
2010-12,NKTR,3,Unknown
2010-12,NOC,1,Industrials
2010-12,NOV,3,Energy
2010-12,NRG,3,Utilities
2010-12,NSC,1,Industrials
2010-12,NTAP,2,Information Technology
2010-12,NTRS,1,Financials
2010-12,NUE,3,Materials
2010-12,NVDA,2,Information Technology
2010-12,NVR,1,Consumer Discretionary
2010-12,NWL,2,Consumer Discretionary
2010-12,NYT,2,Communication Services
2010-12,O,1,Real Estate
2010-12,ODFL,1,Industrials
2010-12,OI,2,Unknown
2010-12,OKE,1,Energy
2010-12,OMC,1,Communication Services
2010-12,ON,3,Information Technology
2010-12,ORCL,1,Information Technology
2010-12,ORLY,1,Consumer Discretionary
2010-12,OXY,3,Energy
2010-12,PAYX,1,Industrials
2010-12,PBG,2,Unknown
2010-12,PBI,1,Unknown
2010-12,PCAR,1,Industrials
2010-12,PCG,1,Utilities
2010-12,PEG,1,Utilities
2010-12,PENN,1,Consumer Discretionary
2010-12,PEP,1,Consumer Staples
2010-12,PFE,1,Health Care
2010-12,PFG,2,Financials
2010-12,PG,1,Consumer Staples
2010-12,PGR,1,Financials
2010-12,PH,1,Industrials
2010-12,PHM,1,Consumer Discretionary
2010-12,PKG,1,Materials
2010-12,PLD,3,Real Estate
2010-12,PNC,1,Financials
2010-12,PNR,1,Industrials
2010-12,PNW,1,Utilities
2010-12,POOL,1,Consumer Discretionary
2010-12,PPG,1,Materials
2010-12,PPL,1,Utilities
2010-12,PRGO,1,Health Care
2010-12,PRU,2,Financials
2010-12,PSA,1,Real Estate
2010-12,PSKY,2,Unknown
2010-12,PTC,3,Information Technology
2010-12,PVH,2,Consumer Discretionary
2010-12,PWR,3,Industrials
2010-12,QCOM,1,Information Technology
2010-12,R,1,Industrials
2010-12,RCL,2,Consumer Discretionary
2010-12,REG,2,Real Estate
2010-12,REGN,3,Health Care
2010-12,RF,3,Financials
2010-12,RHI,1,Industrials
2010-12,RIG,3,Unknown
2010-12,RJF,1,Financials
2010-12,RL,2,Consumer Discretionary
2010-12,RMD,1,Health Care
2010-12,ROK,2,Industrials
2010-12,ROL,1,Industrials
2010-12,ROP,1,Industrials
2010-12,ROST,1,Consumer Discretionary
2010-12,RRC,3,Energy
2010-12,RSG,1,Industrials
2010-12,RTX,1,Industrials
2010-12,RVTY,1,Health Care
2010-12,SANM,2,Unknown
2010-12,SBAC,3,Real Estate
2010-12,SBUX,1,Consumer Discretionary
2010-12,SCHW,1,Financials
2010-12,SCI,1,Consumer Discretionary
2010-12,SHW,1,Materials
2010-12,SIG,3,Unknown
2010-12,SJM,1,Consumer Staples
2010-12,SLB,2,Energy
2010-12,SLG,2,Unknown
2010-12,SLM,1,Financials
2010-12,SNA,2,Industrials
2010-12,SNPS,1,Information Technology
2010-12,SO,1,Utilities
2010-12,SPG,2,Real Estate
2010-12,SPGI,1,Financials
2010-12,SRE,1,Utilities
2010-12,SSP,2,Unknown
2010-12,STE,1,Health Care
2010-12,STLD,3,Materials
2010-12,STT,1,Financials
2010-12,STX,3,Unknown
2010-12,STZ,1,Consumer Staples
2010-12,SVU,1,Unknown
2010-12,SWK,1,Industrials
2010-12,SWKS,3,Information Technology
2010-12,SYK,1,Health Care
2010-12,SYY,1,Consumer Staples
2010-12,T,1,Communication Services
2010-12,TAP,1,Consumer Staples
2010-12,TDY,3,Industrials
2010-12,TECH,1,Health Care
2010-12,TER,2,Information Technology
2010-12,TEX,2,Unknown
2010-12,TFC,1,Financials
2010-12,TFX,1,Health Care
2010-12,TGT,1,Consumer Staples
2010-12,THC,2,Health Care
2010-12,TJX,1,Consumer Discretionary
2010-12,TKO,1,Communication Services
2010-12,TKR,2,Industrials
2010-12,TLAB,1,Unknown
2010-12,TMO,1,Health Care
2010-12,TPL,3,Energy
2010-12,TPR,2,Consumer Discretionary
2010-12,TRMB,2,Information Technology
2010-12,TROW,2,Financials
2010-12,TRV,1,Financials
2010-12,TSCO,1,Consumer Discretionary
2010-12,TSN,3,Consumer Staples
2010-12,TT,2,Industrials
2010-12,TTWO,1,Communication Services
2010-12,TWX,1,Unknown
2010-12,TXN,1,Information Technology
2010-12,TXT,2,Industrials
2010-12,TYL,1,Information Technology
2010-12,UAA,2,Consumer Discretionary
2010-12,UDR,1,Real Estate
2010-12,UHS,1,Health Care
2010-12,UIS,2,Unknown
2010-12,UNH,1,Health Care
2010-12,UNM,1,Financials
2010-12,UNP,1,Industrials
2010-12,UPS,1,Industrials
2010-12,URBN,1,Unknown
2010-12,URI,2,Industrials
2010-12,USB,1,Financials
2010-12,UVN,2,Unknown
2010-12,VFC,1,Consumer Discretionary
2010-12,VIAV,3,Unknown
2010-12,VLO,3,Energy
2010-12,VMC,1,Materials
2010-12,VNO,2,Real Estate
2010-12,VO,1,Unknown
2010-12,VRSN,1,Information Technology
2010-12,VRTX,3,Health Care
2010-12,VTR,3,Real Estate
2010-12,VTRS,1,Health Care
2010-12,VZ,1,Communication Services
2010-12,WAB,2,Industrials
2010-12,WAT,2,Health Care
2010-12,WBD,1,Communication Services
2010-12,WDC,3,Information Technology
2010-12,WEC,1,Utilities
2010-12,WELL,1,Real Estate
2010-12,WEN,1,Consumer Discretionary
2010-12,WFC,1,Financials
2010-12,WHR,2,Consumer Discretionary
2010-12,WM,1,Industrials
2010-12,WMB,2,Energy
2010-12,WMT,1,Consumer Staples
2010-12,WOR,2,Unknown
2010-12,WRB,1,Financials
2010-12,WSM,1,Consumer Discretionary
2010-12,WST,1,Health Care
2010-12,WTW,1,Financials
2010-12,WY,1,Real Estate
2010-12,WYNN,2,Consumer Discretionary
2010-12,XEL,1,Utilities
2010-12,XOM,1,Energy
2010-12,XRAY,1,Health Care
2010-12,XRX,1,Unknown
2010-12,YUM,1,Consumer Discretionary
2010-12,ZBH,1,Health Care
2010-12,ZBRA,1,Information Technology
2010-12,ZION,3,Financials
2011-12,A,1,Health Care
2011-12,AAL,2,Industrials
2011-12,AAP,1,Unknown
2011-12,AAPL,1,Information Technology
2011-12,ABT,1,Health Care
2011-12,ACGL,1,Financials
2011-12,ACN,1,Information Technology
2011-12,ADBE,1,Information Technology
2011-12,ADI,1,Information Technology
2011-12,ADM,1,Consumer Staples
2011-12,ADP,1,Industrials
2011-12,ADSK,1,Information Technology
2011-12,AEE,1,Utilities
2011-12,AEP,1,Utilities
2011-12,AES,1,Utilities
2011-12,AET,1,Unknown
2011-12,AFL,1,Financials
2011-12,AIV,3,Unknown
2011-12,AIZ,1,Financials
2011-12,AJG,1,Financials
2011-12,AKAM,2,Information Technology
2011-12,ALB,1,Materials
2011-12,ALGN,1,Health Care
2011-12,ALK,1,Industrials
2011-12,ALL,1,Financials
2011-12,AMAT,1,Information Technology
2011-12,AMD,1,Information Technology
2011-12,AME,1,Industrials
2011-12,AMG,2,Financials
2011-12,AMGN,1,Health Care
2011-12,AMP,1,Financials
2011-12,AMT,1,Real Estate
2011-12,AMZN,1,Consumer Discretionary
2011-12,AN,1,Consumer Discretionary
2011-12,ANDV,2,Unknown
2011-12,ANF,1,Unknown
2011-12,AON,1,Financials
2011-12,AOS,1,Industrials
2011-12,APA,1,Energy
2011-12,APD,1,Materials
2011-12,APH,1,Information Technology
2011-12,ARE,1,Real Estate
2011-12,ASH,3,Materials
2011-12,ATI,2,Industrials
2011-12,ATO,1,Utilities
2011-12,AVB,1,Real Estate
2011-12,AVY,1,Materials
2011-12,AXON,2,Industrials
2011-12,AXP,3,Financials
2011-12,AYI,1,Industrials
2011-12,AZO,1,Consumer Discretionary
2011-12,BA,1,Industrials
2011-12,BAC,2,Financials
2011-12,BALL,1,Materials
2011-12,BAX,1,Health Care
2011-12,BBBY,3,Unknown
2011-12,BBT,1,Unknown
2011-12,BBWI,1,Consumer Discretionary
2011-12,BBY,2,Consumer Discretionary
2011-12,BC,3,Consumer Discretionary
2011-12,BDX,1,Health Care
2011-12,BEN,1,Financials
2011-12,BF.B,1,Consumer Staples
2011-12,BG,2,Consumer Staples
2011-12,BIIB,1,Health Care
2011-12,BIO,1,Health Care
2011-12,BK,1,Unknown
2011-12,BKNG,1,Consumer Discretionary
2011-12,BKR,1,Energy
2011-12,BLDR,2,Industrials
2011-12,BLK,1,Financials
2011-12,BMS,1,Unknown
2011-12,BMY,1,Health Care
2011-12,BRK.B,1,Financials
2011-12,BRO,1,Financials
2011-12,BSX,1,Health Care
2011-12,BWA,2,Consumer Discretionary
2011-12,BXP,1,Real Estate
2011-12,C,2,Financials
2011-12,CAG,1,Consumer Staples
2011-12,CAH,1,Health Care
2011-12,CAT,1,Industrials
2011-12,CB,1,Financials
2011-12,CBE,1,Unknown
2011-12,CBRE,3,Real Estate
2011-12,CCEP,1,Unknown
2011-12,CCI,2,Real Estate
2011-12,CCK,1,Materials
2011-12,CCL,1,Consumer Discretionary
2011-12,CCU,1,Unknown
2011-12,CDNS,1,Information Technology
2011-12,CE,1,Materials
2011-12,CF,2,Materials
2011-12,CHD,1,Consumer Staples
2011-12,CHRW,1,Industrials
2011-12,CI,2,Health Care
2011-12,CIEN,2,Information Technology
2011-12,CINF,1,Financials
2011-12,CL,1,Consumer Staples
2011-12,CLF,1,Materials
2011-12,CLX,1,Consumer Staples
2011-12,CMCSA,1,Communication Services
2011-12,CME,2,Financials
2011-12,CMG,2,Consumer Discretionary
2011-12,CMI,1,Industrials
2011-12,CMS,1,Utilities
2011-12,CMVT,2,Unknown
2011-12,CNC,2,Health Care
2011-12,CNP,1,Utilities
2011-12,CNX,1,Unknown
2011-12,COF,1,Financials
2011-12,COO,2,Health Care
2011-12,COP,1,Energy
2011-12,COR,1,Health Care
2011-12,COST,1,Consumer Staples
2011-12,CPB,1,Consumer Staples
2011-12,CPQ,1,Unknown
2011-12,CPRT,1,Industrials
2011-12,CPT,1,Real Estate
2011-12,CRH,1,Materials
2011-12,CRL,2,Health Care
2011-12,CRM,2,Information Technology
2011-12,CSCO,1,Information Technology
2011-12,CSGP,1,Real Estate
2011-12,CSR,1,Unknown
2011-12,CSX,1,Industrials
2011-12,CTAS,1,Industrials
2011-12,CTRA,1,Unknown
2011-12,CTSH,1,Information Technology
2011-12,CVG,1,Unknown
2011-12,CVS,1,Health Care
2011-12,CVX,1,Energy
2011-12,D,1,Utilities
2011-12,DD,3,Materials
2011-12,DDR,3,Unknown
2011-12,DDS,3,Consumer Discretionary
2011-12,DE,1,Industrials
2011-12,DECK,2,Consumer Discretionary
2011-12,DGX,1,Health Care
2011-12,DHI,1,Consumer Discretionary
2011-12,DHR,1,Health Care
2011-12,DIS,1,Communication Services
2011-12,DLR,1,Real Estate
2011-12,DLTR,1,Consumer Staples
2011-12,DLX,2,Unknown
2011-12,DOC,1,Real Estate
2011-12,DOV,1,Industrials
2011-12,DPZ,2,Consumer Discretionary
2011-12,DRI,2,Consumer Discretionary
2011-12,DTE,1,Utilities
2011-12,DUK,1,Utilities
2011-12,DVA,1,Health Care
2011-12,DVN,1,Energy
2011-12,DXC,1,Information Technology
2011-12,DXCM,2,Health Care
2011-12,EA,1,Communication Services
2011-12,EBAY,1,Consumer Discretionary
2011-12,ECL,1,Materials
2011-12,ED,1,Utilities
2011-12,EFX,1,Industrials
2011-12,EG,1,Financials
2011-12,EHC,1,Health Care
2011-12,EIX,1,Utilities
2011-12,EL,1,Consumer Staples
2011-12,ELV,1,Health Care
2011-12,EME,2,Industrials
2011-12,EMN,1,Materials
2011-12,EMR,1,Industrials
2011-12,EOG,1,Energy
2011-12,EQIX,2,Real Estate
2011-12,EQR,1,Real Estate
2011-12,EQT,1,Energy
2011-12,ERIE,1,Unknown
2011-12,ES,1,Utilities
2011-12,ESRX,1,Unknown
2011-12,ESS,1,Real Estate
2011-12,ETN,1,Industrials
2011-12,ETR,1,Utilities
2011-12,EVRG,1,Utilities
2011-12,EW,1,Health Care
2011-12,EXC,1,Utilities
2011-12,EXPD,1,Industrials
2011-12,EXPE,1,Consumer Discretionary
2011-12,EXR,1,Real Estate
2011-12,F,3,Consumer Discretionary
2011-12,FAST,1,Industrials
2011-12,FCX,1,Materials
2011-12,FDS,1,Financials
2011-12,FDX,1,Industrials
2011-12,FE,1,Utilities
2011-12,FFIV,3,Information Technology
2011-12,FHN,2,Financials
2011-12,FICO,1,Information Technology
2011-12,FIS,1,Financials
2011-12,FISV,1,Financials
2011-12,FITB,2,Financials
2011-12,FIX,1,Industrials
2011-12,FLR,1,Unknown
2011-12,FLS,1,Industrials
2011-12,FMC,1,Materials
2011-12,FOSL,2,Unknown
2011-12,FRT,1,Real Estate
2011-12,FSLR,2,Information Technology
2011-12,FTI,1,Energy
2011-12,GD,1,Industrials
2011-12,GE,1,Industrials
2011-12,GEN,2,Information Technology
2011-12,GHC,1,Unknown
2011-12,GILD,1,Health Care
2011-12,GIS,1,Consumer Staples
2011-12,GL,1,Financials
2011-12,GLW,1,Information Technology
2011-12,GME,2,Consumer Discretionary
2011-12,GOOG,1,Communication Services
2011-12,GOOGL,1,Communication Services
2011-12,GPC,1,Consumer Discretionary
2011-12,GPN,1,Financials
2011-12,GRMN,2,Consumer Discretionary
2011-12,GS,1,Financials
2011-12,GT,3,Unknown
2011-12,GTE,1,Unknown
2011-12,GWW,1,Industrials
2011-12,HAL,1,Energy
2011-12,HAS,1,Consumer Discretionary
2011-12,HBAN,2,Financials
2011-12,HD,1,Consumer Discretionary
2011-12,HIG,3,Financials
2011-12,HOG,3,Consumer Discretionary
2011-12,HON,1,Industrials
2011-12,HP,2,Unknown
2011-12,HPQ,1,Information Technology
2011-12,HRB,1,Consumer Discretionary
2011-12,HRL,1,Consumer Staples
2011-12,HSIC,1,Health Care
2011-12,HST,3,Real Estate
2011-12,HSY,1,Consumer Staples
2011-12,HUBB,1,Industrials
2011-12,HUM,1,Health Care
2011-12,IBM,1,Information Technology
2011-12,ICE,2,Financials
2011-12,IDXX,1,Health Care
2011-12,IEX,1,Industrials
2011-12,IFF,1,Materials
2011-12,ILMN,2,Health Care
2011-12,INCY,1,Health Care
2011-12,INTC,1,Information Technology
2011-12,INTU,1,Information Technology
2011-12,IP,3,Materials
2011-12,IPGP,2,Information Technology
2011-12,IRM,1,Real Estate
2011-12,ISRG,2,Health Care
2011-12,IT,2,Information Technology
2011-12,ITT,1,Industrials
2011-12,ITW,1,Industrials
2011-12,IVZ,1,Financials
2011-12,J,1,Industrials
2011-12,JBHT,1,Industrials
2011-12,JBL,3,Information Technology
2011-12,JCI,1,Industrials
2011-12,JEF,1,Financials
2011-12,JKHY,1,Financials
2011-12,JNJ,1,Health Care
2011-12,JPM,1,Financials
2011-12,KBH,2,Unknown
2011-12,KEY,2,Financials
2011-12,KIM,3,Real Estate
2011-12,KLAC,2,Information Technology
2011-12,KMB,1,Consumer Staples
2011-12,KMG,2,Unknown
2011-12,KMX,2,Consumer Discretionary
2011-12,KO,1,Consumer Staples
2011-12,KR,1,Consumer Staples
2011-12,KSS,1,Unknown
2011-12,L,1,Financials
2011-12,LDOS,1,Industrials
2011-12,LEG,1,Unknown
2011-12,LEN,1,Consumer Discretionary
2011-12,LH,1,Health Care
2011-12,LHX,1,Industrials
2011-12,LII,1,Industrials
2011-12,LIN,1,Materials
2011-12,LKQ,1,Consumer Discretionary
2011-12,LLY,1,Health Care
2011-12,LMT,1,Industrials
2011-12,LNC,3,Financials
2011-12,LNT,1,Utilities
2011-12,LOW,1,Consumer Discretionary
2011-12,LPX,2,Materials
2011-12,LRCX,1,Information Technology
2011-12,LUMN,1,Unknown
2011-12,LUV,1,Industrials
2011-12,LVS,3,Consumer Discretionary
2011-12,LYV,2,Communication Services
2011-12,M,3,Consumer Discretionary
2011-12,MA,1,Financials
2011-12,MAA,1,Real Estate
2011-12,MAC,3,Unknown
2011-12,MAR,1,Consumer Discretionary
2011-12,MAS,1,Industrials
2011-12,MAT,1,Consumer Discretionary
2011-12,MBI,2,Unknown
2011-12,MCD,1,Consumer Discretionary
2011-12,MCHP,1,Information Technology
2011-12,MCK,1,Health Care
2011-12,MCO,1,Financials
2011-12,MDLZ,1,Consumer Staples
2011-12,MDT,1,Health Care
2011-12,MET,1,Financials
2011-12,MHK,3,Consumer Discretionary
2011-12,MKC,1,Consumer Staples
2011-12,MKTX,1,Financials
2011-12,MLM,1,Materials
2011-12,MMM,1,Industrials
2011-12,MNST,1,Consumer Staples
2011-12,MO,1,Consumer Staples
2011-12,MOH,2,Health Care
2011-12,MOLX,1,Unknown
2011-12,MOS,2,Materials
2011-12,MPWR,2,Information Technology
2011-12,MRK,1,Health Care
2011-12,MS,1,Financials
2011-12,MSFT,1,Information Technology
2011-12,MSI,1,Information Technology
2011-12,MTB,1,Financials
2011-12,MTCH,1,Communication Services
2011-12,MTD,1,Health Care
2011-12,MTG,3,Financials
2011-12,MTW,3,Unknown
2011-12,MU,2,Information Technology
2011-12,MUR,1,Unknown
2011-12,NBR,3,Unknown
2011-12,NC,2,Unknown
2011-12,NDAQ,1,Financials
2011-12,NDSN,1,Industrials
2011-12,NEE,1,Utilities
2011-12,NEM,1,Materials
2011-12,NFLX,2,Communication Services
2011-12,NFX,1,Unknown
2011-12,NGH,1,Unknown
2011-12,NI,1,Utilities
2011-12,NKE,1,Consumer Discretionary
2011-12,NKTR,2,Unknown
2011-12,NOC,1,Industrials
2011-12,NOV,1,Energy
2011-12,NRG,1,Utilities
2011-12,NSC,1,Industrials
2011-12,NTAP,1,Information Technology
2011-12,NTRS,1,Financials
2011-12,NUE,1,Materials
2011-12,NVDA,2,Information Technology
2011-12,NVR,1,Consumer Discretionary
2011-12,NWL,3,Consumer Discretionary
2011-12,NYT,3,Communication Services
2011-12,O,1,Real Estate
2011-12,ODFL,1,Industrials
2011-12,OI,2,Unknown
2011-12,OKE,1,Energy
2011-12,OMC,1,Communication Services
2011-12,ON,2,Information Technology
2011-12,ORCL,1,Information Technology
2011-12,ORLY,1,Consumer Discretionary
2011-12,OXY,1,Energy
2011-12,PAYX,1,Industrials
2011-12,PBG,2,Unknown
2011-12,PBI,1,Unknown
2011-12,PCAR,1,Industrials
2011-12,PCG,1,Utilities
2011-12,PEG,1,Utilities
2011-12,PENN,1,Consumer Discretionary
2011-12,PEP,1,Consumer Staples
2011-12,PFE,1,Health Care
2011-12,PFG,3,Financials
2011-12,PG,1,Consumer Staples
2011-12,PGR,1,Financials
2011-12,PH,1,Industrials
2011-12,PHM,1,Consumer Discretionary
2011-12,PKG,1,Materials
2011-12,PLD,2,Real Estate
2011-12,PNC,1,Financials
2011-12,PNR,1,Industrials
2011-12,PNW,1,Utilities
2011-12,POOL,1,Consumer Discretionary
2011-12,PPG,1,Materials
2011-12,PPL,1,Utilities
2011-12,PRGO,1,Health Care
2011-12,PRU,2,Financials
2011-12,PSA,1,Real Estate
2011-12,PSKY,3,Unknown
2011-12,PTC,1,Information Technology
2011-12,PVH,2,Consumer Discretionary
2011-12,PWR,2,Industrials
2011-12,QCOM,1,Information Technology
2011-12,R,1,Industrials
2011-12,RCL,3,Consumer Discretionary
2011-12,REG,3,Real Estate
2011-12,REGN,2,Health Care
2011-12,RF,2,Financials
2011-12,RHI,1,Industrials
2011-12,RIG,1,Unknown
2011-12,RJF,1,Financials
2011-12,RL,1,Consumer Discretionary
2011-12,RMD,1,Health Care
2011-12,ROK,1,Industrials
2011-12,ROL,1,Industrials
2011-12,ROP,1,Industrials
2011-12,ROST,1,Consumer Discretionary
2011-12,RRC,1,Energy
2011-12,RSG,1,Industrials
2011-12,RTX,1,Industrials
2011-12,RVTY,1,Health Care
2011-12,SANM,2,Unknown
2011-12,SBAC,1,Real Estate
2011-12,SBUX,1,Consumer Discretionary
2011-12,SCHW,1,Financials
2011-12,SCI,1,Consumer Discretionary
2011-12,SDS,1,Unknown
2011-12,SHW,1,Materials
2011-12,SIG,2,Unknown
2011-12,SJM,1,Consumer Staples
2011-12,SLB,1,Energy
2011-12,SLG,2,Unknown
2011-12,SLM,1,Financials
2011-12,SNA,1,Industrials
2011-12,SNPS,1,Information Technology
2011-12,SO,1,Utilities
2011-12,SPG,1,Real Estate
2011-12,SPGI,1,Financials
2011-12,SRE,1,Utilities
2011-12,SSP,2,Unknown
2011-12,STE,1,Health Care
2011-12,STLD,2,Materials
2011-12,STT,1,Financials
2011-12,STX,2,Unknown
2011-12,STZ,1,Consumer Staples
2011-12,SVU,1,Unknown
2011-12,SWK,1,Industrials
2011-12,SWKS,2,Information Technology
2011-12,SYK,1,Health Care
2011-12,SYY,1,Consumer Staples
2011-12,T,1,Communication Services
2011-12,TAP,1,Consumer Staples
2011-12,TDG,1,Industrials
2011-12,TDY,1,Industrials
2011-12,TECH,1,Health Care
2011-12,TER,1,Information Technology
2011-12,TEX,3,Unknown
2011-12,TFC,1,Financials
2011-12,TFX,1,Health Care
2011-12,TGT,1,Consumer Staples
2011-12,THC,2,Health Care
2011-12,TJX,1,Consumer Discretionary
2011-12,TKO,1,Communication Services
2011-12,TKR,1,Industrials
2011-12,TLAB,1,Unknown
2011-12,TMO,1,Health Care
2011-12,TPL,2,Energy
2011-12,TPR,3,Consumer Discretionary
2011-12,TRMB,1,Information Technology
2011-12,TROW,1,Financials
2011-12,TRV,1,Financials
2011-12,TSCO,1,Consumer Discretionary
2011-12,TSN,1,Consumer Staples
2011-12,TT,1,Industrials
2011-12,TTWO,2,Communication Services
2011-12,TWX,1,Unknown
2011-12,TX,2,Unknown
2011-12,TXN,1,Information Technology
2011-12,TXT,3,Industrials
2011-12,TYL,1,Information Technology
2011-12,UAA,2,Consumer Discretionary
2011-12,UAL,2,Industrials
2011-12,UDR,1,Real Estate
2011-12,UHS,2,Health Care
2011-12,UIS,3,Unknown
2011-12,UNH,1,Health Care
2011-12,UNM,1,Financials
2011-12,UNP,1,Industrials
2011-12,UPS,1,Industrials
2011-12,URBN,1,Unknown
2011-12,URI,3,Industrials
2011-12,USB,1,Financials
2011-12,UVN,3,Unknown
2011-12,VFC,1,Consumer Discretionary
2011-12,VIAV,2,Unknown
2011-12,VLO,2,Energy
2011-12,VMC,1,Materials
2011-12,VNO,1,Real Estate
2011-12,VO,1,Unknown
2011-12,VRSN,1,Information Technology
2011-12,VRTX,2,Health Care
2011-12,VTR,2,Real Estate
2011-12,VTRS,1,Health Care
2011-12,VZ,1,Communication Services
2011-12,WAB,1,Industrials
2011-12,WAT,1,Health Care
2011-12,WBD,1,Communication Services
2011-12,WDC,2,Information Technology
2011-12,WEC,1,Utilities
2011-12,WELL,1,Real Estate
2011-12,WEN,1,Consumer Discretionary
2011-12,WFC,1,Financials
2011-12,WHR,3,Consumer Discretionary
2011-12,WM,1,Industrials
2011-12,WMB,1,Energy
2011-12,WMT,1,Consumer Staples
2011-12,WOR,3,Unknown
2011-12,WRB,1,Financials
2011-12,WSM,1,Consumer Discretionary
2011-12,WST,1,Health Care
2011-12,WTW,1,Financials
2011-12,WU,1,Information Technology
2011-12,WY,1,Real Estate
2011-12,WYNN,3,Consumer Discretionary
2011-12,XEL,1,Utilities
2011-12,XOM,1,Energy
2011-12,XRAY,1,Health Care
2011-12,XRX,1,Unknown
2011-12,YUM,1,Consumer Discretionary
2011-12,ZBH,1,Health Care
2011-12,ZBRA,1,Information Technology
2011-12,ZION,2,Financials
2012-12,A,1,Health Care
2012-12,AAL,2,Industrials
2012-12,AAP,1,Unknown
2012-12,AAPL,1,Information Technology
2012-12,ABT,1,Health Care
2012-12,ACGL,1,Financials
2012-12,ACN,1,Information Technology
2012-12,ADBE,1,Information Technology
2012-12,ADI,1,Information Technology
2012-12,ADM,1,Consumer Staples
2012-12,ADP,1,Industrials
2012-12,ADSK,1,Information Technology
2012-12,AEE,1,Utilities
2012-12,AEP,1,Utilities
2012-12,AES,1,Utilities
2012-12,AET,1,Unknown
2012-12,AFL,2,Financials
2012-12,AIV,3,Unknown
2012-12,AIZ,2,Financials
2012-12,AJG,1,Financials
2012-12,AKAM,2,Information Technology
2012-12,ALB,1,Materials
2012-12,ALGN,3,Health Care
2012-12,ALK,2,Industrials
2012-12,ALL,2,Financials
2012-12,AMAT,1,Information Technology
2012-12,AMD,3,Information Technology
2012-12,AME,1,Industrials
2012-12,AMG,3,Financials
2012-12,AMGN,1,Health Care
2012-12,AMP,1,Financials
2012-12,AMT,1,Real Estate
2012-12,AMZN,2,Consumer Discretionary
2012-12,AN,1,Consumer Discretionary
2012-12,ANDV,2,Unknown
2012-12,ANF,2,Unknown
2012-12,AON,1,Financials
2012-12,AOS,1,Industrials
2012-12,APA,1,Energy
2012-12,APD,1,Materials
2012-12,APH,1,Information Technology
2012-12,ARE,2,Real Estate
2012-12,ASH,3,Materials
2012-12,ATI,1,Industrials
2012-12,ATO,1,Utilities
2012-12,AVB,2,Real Estate
2012-12,AVY,1,Materials
2012-12,AXON,2,Industrials
2012-12,AXP,3,Financials
2012-12,AYI,3,Industrials
2012-12,AZO,1,Consumer Discretionary
2012-12,BA,1,Industrials
2012-12,BAC,2,Financials
2012-12,BALL,1,Materials
2012-12,BAX,1,Health Care
2012-12,BBBY,3,Unknown
2012-12,BBT,1,Unknown
2012-12,BBWI,3,Consumer Discretionary
2012-12,BBY,2,Consumer Discretionary
2012-12,BC,3,Consumer Discretionary
2012-12,BDX,1,Health Care
2012-12,BEN,1,Financials
2012-12,BF.B,1,Consumer Staples
2012-12,BG,2,Consumer Staples
2012-12,BIIB,1,Health Care
2012-12,BIO,1,Health Care
2012-12,BK,1,Unknown
2012-12,BKNG,1,Consumer Discretionary
2012-12,BKR,1,Energy
2012-12,BLDR,2,Industrials
2012-12,BLK,1,Financials
2012-12,BMS,1,Unknown
2012-12,BMY,1,Health Care
2012-12,BR,1,Industrials
2012-12,BRK.B,1,Financials
2012-12,BRO,1,Financials
2012-12,BSX,2,Health Care
2012-12,BWA,1,Consumer Discretionary
2012-12,BX,2,Financials
2012-12,BXP,2,Real Estate
2012-12,C,2,Financials
2012-12,CAG,1,Consumer Staples
2012-12,CAH,1,Health Care
2012-12,CAT,1,Industrials
2012-12,CB,1,Financials
2012-12,CBE,3,Unknown
2012-12,CBRE,3,Real Estate
2012-12,CCEP,1,Unknown
2012-12,CCI,2,Real Estate
2012-12,CCK,1,Materials
2012-12,CCL,1,Consumer Discretionary
2012-12,CCU,1,Unknown
2012-12,CDNS,1,Information Technology
2012-12,CE,3,Materials
2012-12,CF,2,Materials
2012-12,CHD,1,Consumer Staples
2012-12,CHRW,1,Industrials
2012-12,CI,2,Health Care
2012-12,CIEN,2,Information Technology
2012-12,CINF,1,Financials
2012-12,CL,1,Consumer Staples
2012-12,CLF,3,Materials
2012-12,CLX,1,Consumer Staples
2012-12,CMCSA,1,Communication Services
2012-12,CME,2,Financials
2012-12,CMG,1,Consumer Discretionary
2012-12,CMI,1,Industrials
2012-12,CMS,1,Utilities
2012-12,CMVT,1,Unknown
2012-12,CNC,2,Health Care
2012-12,CNP,1,Utilities
2012-12,CNX,1,Unknown
2012-12,COF,2,Financials
2012-12,COO,2,Health Care
2012-12,COP,1,Energy
2012-12,COR,1,Health Care
2012-12,COST,1,Consumer Staples
2012-12,CPB,1,Consumer Staples
2012-12,CPQ,1,Unknown
2012-12,CPRT,1,Industrials
2012-12,CPT,2,Real Estate
2012-12,CRH,1,Materials
2012-12,CRL,2,Health Care
2012-12,CRM,2,Information Technology
2012-12,CSCO,1,Information Technology
2012-12,CSGP,1,Real Estate
2012-12,CSR,1,Unknown
2012-12,CSX,1,Industrials
2012-12,CTAS,1,Industrials
2012-12,CTRA,1,Unknown
2012-12,CTSH,1,Information Technology
2012-12,CVG,1,Unknown
2012-12,CVS,1,Health Care
2012-12,CVX,1,Energy
2012-12,D,1,Utilities
2012-12,DAL,2,Industrials
2012-12,DD,3,Materials
2012-12,DDR,3,Unknown
2012-12,DDS,3,Consumer Discretionary
2012-12,DE,1,Industrials
2012-12,DECK,2,Consumer Discretionary
2012-12,DGX,1,Health Care
2012-12,DHI,2,Consumer Discretionary
2012-12,DHR,1,Health Care
2012-12,DIS,1,Communication Services
2012-12,DLR,1,Real Estate
2012-12,DLTR,1,Consumer Staples
2012-12,DLX,3,Unknown
2012-12,DOC,2,Real Estate
2012-12,DOV,1,Industrials
2012-12,DPZ,2,Consumer Discretionary
2012-12,DRI,2,Consumer Discretionary
2012-12,DTE,1,Utilities
2012-12,DUK,1,Utilities
2012-12,DVA,1,Health Care
2012-12,DVN,1,Energy
2012-12,DXC,2,Information Technology
2012-12,DXCM,2,Health Care
2012-12,EA,2,Communication Services
2012-12,EBAY,1,Consumer Discretionary
2012-12,ECL,1,Materials
2012-12,ED,1,Utilities
2012-12,EFU,1,Unknown
2012-12,EFX,1,Industrials
2012-12,EG,1,Financials
2012-12,EHC,2,Health Care
2012-12,EIX,1,Utilities
2012-12,EL,2,Consumer Staples
2012-12,ELV,2,Health Care
2012-12,EME,3,Industrials
2012-12,EMN,1,Materials
2012-12,EMR,1,Industrials
2012-12,EOG,1,Energy
2012-12,EQIX,2,Real Estate
2012-12,EQR,2,Real Estate
2012-12,EQT,1,Energy
2012-12,ERIE,1,Unknown
2012-12,ES,1,Utilities
2012-12,ESRX,1,Unknown
2012-12,ESS,2,Real Estate
2012-12,ETN,1,Industrials
2012-12,ETR,1,Utilities
2012-12,EVRG,1,Utilities
2012-12,EW,1,Health Care
2012-12,EXC,1,Utilities
2012-12,EXPD,1,Industrials
2012-12,EXPE,1,Consumer Discretionary
2012-12,EXR,2,Real Estate
2012-12,F,3,Consumer Discretionary
2012-12,FAST,1,Industrials
2012-12,FCX,1,Materials
2012-12,FDS,1,Financials
2012-12,FDX,1,Industrials
2012-12,FE,1,Utilities
2012-12,FFIV,1,Information Technology
2012-12,FHN,2,Financials
2012-12,FICO,2,Information Technology
2012-12,FIS,1,Financials
2012-12,FISV,1,Financials
2012-12,FITB,2,Financials
2012-12,FIX,1,Industrials
2012-12,FLR,1,Unknown
2012-12,FLS,1,Industrials
2012-12,FMC,1,Materials
2012-12,FOSL,2,Unknown
2012-12,FRT,2,Real Estate
2012-12,FSLR,2,Information Technology
2012-12,FTI,1,Energy
2012-12,G,1,Industrials
2012-12,GD,1,Industrials
2012-12,GE,1,Industrials
2012-12,GEN,2,Information Technology
2012-12,GHC,1,Unknown
2012-12,GILD,1,Health Care
2012-12,GIS,1,Consumer Staples
2012-12,GL,2,Financials
2012-12,GLW,1,Information Technology
2012-12,GME,2,Consumer Discretionary
2012-12,GOOG,1,Communication Services
2012-12,GOOGL,1,Communication Services
2012-12,GPC,1,Consumer Discretionary
2012-12,GPN,1,Financials
2012-12,GRMN,2,Consumer Discretionary
2012-12,GS,2,Financials
2012-12,GT,3,Unknown
2012-12,GTE,1,Unknown
2012-12,GWW,1,Industrials
2012-12,HAL,1,Energy
2012-12,HAS,1,Consumer Discretionary
2012-12,HBAN,2,Financials
2012-12,HD,1,Consumer Discretionary
2012-12,HIG,3,Financials
2012-12,HOG,3,Consumer Discretionary
2012-12,HON,1,Industrials
2012-12,HP,1,Unknown
2012-12,HPQ,1,Information Technology
2012-12,HRB,1,Consumer Discretionary
2012-12,HRL,1,Consumer Staples
2012-12,HSIC,1,Health Care
2012-12,HST,3,Real Estate
2012-12,HSY,1,Consumer Staples
2012-12,HUBB,1,Industrials
2012-12,HUM,2,Health Care
2012-12,IBKR,1,Financials
2012-12,IBM,1,Information Technology
2012-12,ICE,2,Financials
2012-12,IDXX,1,Health Care
2012-12,IEX,1,Industrials
2012-12,IFF,1,Materials
2012-12,ILMN,2,Health Care
2012-12,INCY,1,Health Care
2012-12,INTC,1,Information Technology
2012-12,INTU,1,Information Technology
2012-12,IP,3,Materials
2012-12,IPGP,2,Information Technology
2012-12,IRM,1,Real Estate
2012-12,ISRG,3,Health Care
2012-12,IT,2,Information Technology
2012-12,ITT,1,Industrials
2012-12,ITW,1,Industrials
2012-12,IVZ,1,Financials
2012-12,J,1,Industrials
2012-12,JBHT,1,Industrials
2012-12,JBL,3,Information Technology
2012-12,JCI,1,Industrials
2012-12,JEF,3,Financials
2012-12,JKHY,1,Financials
2012-12,JNJ,1,Health Care
2012-12,JPM,1,Financials
2012-12,KBH,2,Unknown
2012-12,KEY,2,Financials
2012-12,KIM,3,Real Estate
2012-12,KLAC,3,Information Technology
2012-12,KMB,1,Consumer Staples
2012-12,KMG,2,Unknown
2012-12,KMX,2,Consumer Discretionary
2012-12,KO,1,Consumer Staples
2012-12,KR,1,Consumer Staples
2012-12,KSS,1,Unknown
2012-12,L,1,Financials
2012-12,LDOS,1,Industrials
2012-12,LEG,1,Unknown
2012-12,LEN,2,Consumer Discretionary
2012-12,LH,1,Health Care
2012-12,LHX,1,Industrials
2012-12,LII,1,Industrials
2012-12,LIN,1,Materials
2012-12,LKQ,1,Consumer Discretionary
2012-12,LLY,1,Health Care
2012-12,LMT,1,Industrials
2012-12,LNC,3,Financials
2012-12,LNT,1,Utilities
2012-12,LOW,1,Consumer Discretionary
2012-12,LPX,2,Materials
2012-12,LRCX,1,Information Technology
2012-12,LULU,3,Consumer Discretionary
2012-12,LUMN,1,Unknown
2012-12,LUV,1,Industrials
2012-12,LVS,3,Consumer Discretionary
2012-12,LYV,2,Communication Services
2012-12,M,3,Consumer Discretionary
2012-12,MA,1,Financials
2012-12,MAA,2,Real Estate
2012-12,MAC,3,Unknown
2012-12,MAR,1,Consumer Discretionary
2012-12,MAS,3,Industrials
2012-12,MAT,1,Consumer Discretionary
2012-12,MBI,2,Unknown
2012-12,MCD,1,Consumer Discretionary
2012-12,MCHP,1,Information Technology
2012-12,MCK,1,Health Care
2012-12,MCO,1,Financials
2012-12,MDLZ,1,Consumer Staples
2012-12,MDT,1,Health Care
2012-12,MET,2,Financials
2012-12,MHK,3,Consumer Discretionary
2012-12,MKC,1,Consumer Staples
2012-12,MKTX,2,Financials
2012-12,MLM,1,Materials
2012-12,MMM,1,Industrials
2012-12,MNST,1,Consumer Staples
2012-12,MO,1,Consumer Staples
2012-12,MOH,2,Health Care
2012-12,MOLX,1,Unknown
2012-12,MOS,2,Materials
2012-12,MPWR,2,Information Technology
2012-12,MRK,1,Health Care
2012-12,MS,2,Financials
2012-12,MSCI,1,Financials
2012-12,MSFT,1,Information Technology
2012-12,MSI,1,Information Technology
2012-12,MTB,1,Financials
2012-12,MTCH,1,Communication Services
2012-12,MTD,1,Health Care
2012-12,MTG,3,Financials
2012-12,MTW,3,Unknown
2012-12,MU,2,Information Technology
2012-12,MUR,1,Unknown
2012-12,NBR,3,Unknown
2012-12,NC,2,Unknown
2012-12,NDAQ,1,Financials
2012-12,NDSN,1,Industrials
2012-12,NEE,1,Utilities
2012-12,NEM,1,Materials
2012-12,NFLX,2,Communication Services
2012-12,NFX,1,Unknown
2012-12,NGH,1,Unknown
2012-12,NI,1,Utilities
2012-12,NKE,2,Consumer Discretionary
2012-12,NKTR,2,Unknown
2012-12,NOC,1,Industrials
2012-12,NOV,1,Energy
2012-12,NRG,1,Utilities
2012-12,NSC,2,Industrials
2012-12,NTAP,1,Information Technology
2012-12,NTRS,1,Financials
2012-12,NUE,2,Materials
2012-12,NVDA,2,Information Technology
2012-12,NVR,2,Consumer Discretionary
2012-12,NWL,1,Consumer Discretionary
2012-12,NYT,3,Communication Services
2012-12,O,1,Real Estate
2012-12,ODFL,1,Industrials
2012-12,OI,3,Unknown
2012-12,OKE,1,Energy
2012-12,OMC,1,Communication Services
2012-12,ON,2,Information Technology
2012-12,ORCL,1,Information Technology
2012-12,ORLY,1,Consumer Discretionary
2012-12,OXY,1,Energy
2012-12,PAYX,1,Industrials
2012-12,PBG,2,Unknown
2012-12,PBI,1,Unknown
2012-12,PCAR,1,Industrials
2012-12,PCG,1,Utilities
2012-12,PEG,1,Utilities
2012-12,PENN,1,Consumer Discretionary
2012-12,PEP,1,Consumer Staples
2012-12,PFE,1,Health Care
2012-12,PFG,3,Financials
2012-12,PG,1,Consumer Staples
2012-12,PGR,1,Financials
2012-12,PH,1,Industrials
2012-12,PHM,2,Consumer Discretionary
2012-12,PKG,1,Materials
2012-12,PLD,2,Real Estate
2012-12,PNC,2,Financials
2012-12,PNR,1,Industrials
2012-12,PNW,1,Utilities
2012-12,PODD,3,Health Care
2012-12,POOL,1,Consumer Discretionary
2012-12,PPG,1,Materials
2012-12,PPL,1,Utilities
2012-12,PRGO,2,Health Care
2012-12,PRU,2,Financials
2012-12,PSA,2,Real Estate
2012-12,PSKY,3,Unknown
2012-12,PTC,2,Information Technology
2012-12,PVH,3,Consumer Discretionary
2012-12,PWR,2,Industrials
2012-12,QCOM,1,Information Technology
2012-12,R,1,Industrials
2012-12,RCL,3,Consumer Discretionary
2012-12,REG,3,Real Estate
2012-12,REGN,2,Health Care
2012-12,RF,2,Financials
2012-12,RHI,1,Industrials
2012-12,RIG,2,Unknown
2012-12,RJF,1,Financials
2012-12,RL,3,Consumer Discretionary
2012-12,RMD,1,Health Care
2012-12,ROK,1,Industrials
2012-12,ROL,1,Industrials
2012-12,ROP,1,Industrials
2012-12,ROST,1,Consumer Discretionary
2012-12,RRC,1,Energy
2012-12,RSG,1,Industrials
2012-12,RTX,1,Industrials
2012-12,RVTY,1,Health Care
2012-12,SANM,3,Unknown
2012-12,SBAC,1,Real Estate
2012-12,SBUX,1,Consumer Discretionary
2012-12,SCHW,1,Financials
2012-12,SCI,1,Consumer Discretionary
2012-12,SDS,1,Unknown
2012-12,SHW,1,Materials
2012-12,SIG,2,Unknown
2012-12,SJM,1,Consumer Staples
2012-12,SLB,1,Energy
2012-12,SLG,3,Unknown
2012-12,SLM,2,Financials
2012-12,SMCI,2,Information Technology
2012-12,SNA,3,Industrials
2012-12,SNPS,1,Information Technology
2012-12,SO,1,Utilities
2012-12,SPG,3,Real Estate
2012-12,SPGI,1,Financials
2012-12,SRE,1,Utilities
2012-12,SSP,3,Unknown
2012-12,STE,1,Health Care
2012-12,STLD,2,Materials
2012-12,STT,1,Financials
2012-12,STX,2,Unknown
2012-12,STZ,1,Consumer Staples
2012-12,SVU,2,Unknown
2012-12,SWK,1,Industrials
2012-12,SWKS,2,Information Technology
2012-12,SYK,1,Health Care
2012-12,SYY,1,Consumer Staples
2012-12,T,1,Communication Services
2012-12,TAP,1,Consumer Staples
2012-12,TDC,2,Information Technology
2012-12,TDG,1,Industrials
2012-12,TDY,2,Industrials
2012-12,TECH,1,Health Care
2012-12,TEL,3,Unknown
2012-12,TER,2,Information Technology
2012-12,TEX,3,Unknown
2012-12,TFC,2,Financials
2012-12,TFX,1,Health Care
2012-12,TGT,1,Consumer Staples
2012-12,THC,2,Health Care
2012-12,TJX,1,Consumer Discretionary
2012-12,TKO,1,Communication Services
2012-12,TKR,1,Industrials
2012-12,TLAB,2,Unknown
2012-12,TMO,1,Health Care
2012-12,TMUS,2,Communication Services
2012-12,TPL,2,Energy
2012-12,TPR,3,Consumer Discretionary
2012-12,TRMB,1,Information Technology
2012-12,TROW,2,Financials
2012-12,TRV,1,Financials
2012-12,TSCO,1,Consumer Discretionary
2012-12,TSN,2,Consumer Staples
2012-12,TT,1,Industrials
2012-12,TTWO,2,Communication Services
2012-12,TWX,1,Unknown
2012-12,TX,2,Unknown
2012-12,TXN,1,Information Technology
2012-12,TXT,3,Industrials
2012-12,TYL,1,Information Technology
2012-12,UAA,3,Consumer Discretionary
2012-12,UAL,2,Industrials
2012-12,UDR,2,Real Estate
2012-12,UHS,1,Health Care
2012-12,UIS,3,Unknown
2012-12,ULTA,3,Consumer Discretionary
2012-12,UNH,1,Health Care
2012-12,UNM,2,Financials
2012-12,UNP,1,Industrials
2012-12,UPS,1,Industrials
2012-12,URBN,2,Unknown
2012-12,URI,3,Industrials
2012-12,USB,2,Financials
2012-12,UVN,2,Unknown
2012-12,VFC,1,Consumer Discretionary
2012-12,VIAV,2,Unknown
2012-12,VLO,2,Energy
2012-12,VMC,1,Materials
2012-12,VNO,2,Real Estate
2012-12,VO,1,Unknown
2012-12,VRSN,1,Information Technology
2012-12,VTR,2,Real Estate
2012-12,VTRS,1,Health Care
2012-12,VZ,1,Communication Services
2012-12,WAB,3,Industrials
2012-12,WAT,1,Health Care
2012-12,WBD,1,Communication Services
2012-12,WDC,2,Information Technology
2012-12,WEC,1,Utilities
2012-12,WELL,2,Real Estate
2012-12,WEN,1,Consumer Discretionary
2012-12,WFC,2,Financials
2012-12,WHR,3,Consumer Discretionary
2012-12,WM,1,Industrials
2012-12,WMB,1,Energy
2012-12,WMT,1,Consumer Staples
2012-12,WOR,1,Unknown
2012-12,WRB,1,Financials
2012-12,WSM,1,Consumer Discretionary
2012-12,WST,1,Health Care
2012-12,WTW,1,Financials
2012-12,WU,3,Information Technology
2012-12,WY,1,Real Estate
2012-12,WYNN,3,Consumer Discretionary
2012-12,XEL,1,Utilities
2012-12,XOM,1,Energy
2012-12,XRAY,1,Health Care
2012-12,XRX,1,Unknown
2012-12,YUM,1,Consumer Discretionary
2012-12,ZBH,1,Health Care
2012-12,ZBRA,1,Information Technology
2012-12,ZION,2,Financials
2013-12,A,2,Health Care
2013-12,AAL,1,Industrials
2013-12,AAP,3,Unknown
2013-12,AAPL,2,Information Technology
2013-12,ABT,3,Health Care
2013-12,ACGL,3,Financials
2013-12,ACN,3,Information Technology
2013-12,ADBE,2,Information Technology
2013-12,ADI,3,Information Technology
2013-12,ADM,3,Consumer Staples
2013-12,ADP,3,Industrials
2013-12,ADSK,2,Information Technology
2013-12,AEE,3,Utilities
2013-12,AEP,3,Utilities
2013-12,AES,2,Utilities
2013-12,AET,3,Unknown
2013-12,AFL,1,Financials
2013-12,AIV,2,Unknown
2013-12,AIZ,3,Financials
2013-12,AJG,2,Financials
2013-12,AKAM,3,Information Technology
2013-12,ALB,2,Materials
2013-12,ALGN,2,Health Care
2013-12,ALK,3,Industrials
2013-12,ALL,2,Financials
2013-12,AMAT,3,Information Technology
2013-12,AMD,1,Information Technology
2013-12,AME,3,Industrials
2013-12,AMG,2,Financials
2013-12,AMGN,3,Health Care
2013-12,AMP,2,Financials
2013-12,AMT,3,Real Estate
2013-12,AMZN,2,Consumer Discretionary
2013-12,AN,2,Consumer Discretionary
2013-12,ANDV,3,Unknown
2013-12,ANF,1,Unknown
2013-12,AON,3,Financials
2013-12,AOS,2,Industrials
2013-12,APA,2,Energy
2013-12,APD,3,Materials
2013-12,APH,3,Information Technology
2013-12,ARE,3,Real Estate
2013-12,ATI,1,Industrials
2013-12,ATO,3,Utilities
2013-12,AVB,2,Real Estate
2013-12,AVY,2,Materials
2013-12,AWK,3,Utilities
2013-12,AXP,1,Financials
2013-12,AYI,2,Industrials
2013-12,AZO,3,Consumer Discretionary
2013-12,BA,3,Industrials
2013-12,BAC,1,Financials
2013-12,BALL,3,Materials
2013-12,BAX,3,Health Care
2013-12,BBBY,1,Unknown
2013-12,BBT,2,Unknown
2013-12,BBWI,2,Consumer Discretionary
2013-12,BBY,2,Consumer Discretionary
2013-12,BC,1,Consumer Discretionary
2013-12,BDX,3,Health Care
2013-12,BEN,2,Financials
2013-12,BF.B,3,Consumer Staples
2013-12,BG,3,Consumer Staples
2013-12,BIIB,3,Health Care
2013-12,BIO,3,Health Care
2013-12,BK,3,Unknown
2013-12,BKNG,2,Consumer Discretionary
2013-12,BKR,2,Energy
2013-12,BLDR,1,Industrials
2013-12,BLK,2,Financials
2013-12,BMS,3,Unknown
2013-12,BMY,3,Health Care
2013-12,BR,3,Industrials
2013-12,BRK.B,3,Financials
2013-12,BRO,3,Financials
2013-12,BSX,3,Health Care
2013-12,BWA,2,Consumer Discretionary
2013-12,BX,1,Financials
2013-12,BXP,2,Real Estate
2013-12,C,1,Financials
2013-12,CAG,3,Consumer Staples
2013-12,CAH,3,Health Care
2013-12,CAT,2,Industrials
2013-12,CB,2,Financials
2013-12,CBE,1,Unknown
2013-12,CBRE,1,Real Estate
2013-12,CCEP,2,Unknown
2013-12,CCI,3,Real Estate
2013-12,CCK,3,Materials
2013-12,CCL,2,Consumer Discretionary
2013-12,CCU,3,Unknown
2013-12,CDNS,2,Information Technology
2013-12,CE,1,Materials
2013-12,CF,3,Materials
2013-12,CFC,2,Unknown
2013-12,CHD,3,Consumer Staples
2013-12,CHRW,2,Industrials
2013-12,CI,3,Health Care
2013-12,CIEN,3,Information Technology
2013-12,CINF,2,Financials
2013-12,CL,3,Consumer Staples
2013-12,CLF,1,Materials
2013-12,CLX,3,Consumer Staples
2013-12,CMCSA,2,Communication Services
2013-12,CME,1,Financials
2013-12,CMG,1,Consumer Discretionary
2013-12,CMI,2,Industrials
2013-12,CMS,3,Utilities
2013-12,CNC,2,Health Care
2013-12,CNP,3,Utilities
2013-12,CNX,2,Unknown
2013-12,COF,1,Financials
2013-12,COP,3,Energy
2013-12,COR,3,Health Care
2013-12,COST,3,Consumer Staples
2013-12,CPB,3,Consumer Staples
2013-12,CPQ,2,Unknown
2013-12,CPRT,3,Industrials
2013-12,CPT,2,Real Estate
2013-12,CRH,2,Materials
2013-12,CRL,3,Health Care
2013-12,CRM,2,Information Technology
2013-12,CSCO,2,Information Technology
2013-12,CSGP,2,Real Estate
2013-12,CSR,3,Unknown
2013-12,CSX,3,Industrials
2013-12,CTAS,3,Industrials
2013-12,CTRA,2,Unknown
2013-12,CTSH,3,Information Technology
2013-12,CVG,3,Unknown
2013-12,CVS,2,Health Care
2013-12,CVX,3,Energy
2013-12,D,3,Utilities
2013-12,DAL,1,Industrials
2013-12,DD,1,Materials
2013-12,DDR,1,Unknown
2013-12,DDS,1,Consumer Discretionary
2013-12,DE,2,Industrials
2013-12,DECK,1,Consumer Discretionary
2013-12,DGX,3,Health Care
2013-12,DHI,3,Consumer Discretionary
2013-12,DHR,3,Health Care
2013-12,DIS,2,Communication Services
2013-12,DLR,3,Real Estate
2013-12,DLTR,3,Consumer Staples
2013-12,DLX,1,Unknown
2013-12,DOC,3,Real Estate
2013-12,DOV,3,Industrials
2013-12,DPZ,2,Consumer Discretionary
2013-12,DRI,3,Consumer Discretionary
2013-12,DTE,3,Utilities
2013-12,DUK,3,Utilities
2013-12,DVA,3,Health Care
2013-12,DVN,2,Energy
2013-12,DXC,3,Information Technology
2013-12,DXCM,3,Health Care
2013-12,EA,2,Communication Services
2013-12,EBAY,2,Consumer Discretionary
2013-12,EC,3,Unknown
2013-12,ECL,2,Materials
2013-12,ED,3,Utilities
2013-12,EFU,3,Unknown
2013-12,EFX,2,Industrials
2013-12,EG,3,Financials
2013-12,EHC,3,Health Care
2013-12,EIX,3,Utilities
2013-12,EL,2,Consumer Staples
2013-12,ELV,3,Health Care
2013-12,EME,2,Industrials
2013-12,EMN,2,Materials
2013-12,EMR,3,Industrials
2013-12,EOG,2,Energy
2013-12,EQIX,2,Real Estate
2013-12,EQR,2,Real Estate
2013-12,EQT,3,Energy
2013-12,ERIE,2,Unknown
2013-12,ES,3,Utilities
2013-12,ESRX,2,Unknown
2013-12,ESS,2,Real Estate
2013-12,ETN,2,Industrials
2013-12,ETR,3,Utilities
2013-12,EVRG,3,Utilities
2013-12,EW,3,Health Care
2013-12,EXC,3,Utilities
2013-12,EXPD,2,Industrials
2013-12,EXPE,1,Consumer Discretionary
2013-12,EXR,2,Real Estate
2013-12,F,1,Consumer Discretionary
2013-12,FAST,2,Industrials
2013-12,FCX,2,Materials
2013-12,FDS,3,Financials
2013-12,FDX,2,Industrials
2013-12,FE,3,Utilities
2013-12,FFIV,2,Information Technology
2013-12,FHN,3,Financials
2013-12,FICO,2,Information Technology
2013-12,FIS,3,Financials
2013-12,FISV,3,Financials
2013-12,FITB,1,Financials
2013-12,FIX,2,Industrials
2013-12,FLR,3,Unknown
2013-12,FLS,2,Industrials
2013-12,FMC,3,Materials
2013-12,FOSL,1,Unknown
2013-12,FRT,3,Real Estate
2013-12,FSH,3,Unknown
2013-12,FSLR,1,Information Technology
2013-12,FTI,3,Energy
2013-12,G,3,Industrials
2013-12,GD,3,Industrials
2013-12,GE,2,Industrials
2013-12,GEN,3,Information Technology
2013-12,GENZ,2,Unknown
2013-12,GHC,2,Unknown
2013-12,GILD,3,Health Care
2013-12,GIS,3,Consumer Staples
2013-12,GL,1,Financials
2013-12,GLW,3,Information Technology
2013-12,GME,3,Consumer Discretionary
2013-12,GOOG,2,Communication Services
2013-12,GOOGL,2,Communication Services
2013-12,GPC,2,Consumer Discretionary
2013-12,GPN,3,Financials
2013-12,GRMN,2,Consumer Discretionary
2013-12,GS,3,Financials
2013-12,GT,1,Unknown
2013-12,GTE,3,Unknown
2013-12,GWW,3,Industrials
2013-12,HAL,2,Energy
2013-12,HAS,3,Consumer Discretionary
2013-12,HBAN,1,Financials
2013-12,HD,2,Consumer Discretionary
2013-12,HIG,1,Financials
2013-12,HOG,1,Consumer Discretionary
2013-12,HON,2,Industrials
2013-12,HP,2,Unknown
2013-12,HPQ,2,Information Technology
2013-12,HRB,3,Consumer Discretionary
2013-12,HRL,3,Consumer Staples
2013-12,HSIC,3,Health Care
2013-12,HST,1,Real Estate
2013-12,HSY,3,Consumer Staples
2013-12,HUBB,2,Industrials
2013-12,HUM,3,Health Care
2013-12,IBKR,3,Financials
2013-12,IBM,3,Information Technology
2013-12,ICE,1,Financials
2013-12,IDXX,2,Health Care
2013-12,IEX,2,Industrials
2013-12,IFF,3,Materials
2013-12,ILMN,3,Health Care
2013-12,INCY,1,Health Care
2013-12,INTC,3,Information Technology
2013-12,INTU,3,Information Technology
2013-12,IP,1,Materials
2013-12,IPGP,1,Information Technology
2013-12,IRM,2,Real Estate
2013-12,ISRG,2,Health Care
2013-12,IT,2,Information Technology
2013-12,ITT,3,Industrials
2013-12,ITW,3,Industrials
2013-12,IVZ,3,Financials
2013-12,J,3,Industrials
2013-12,JBHT,2,Industrials
2013-12,JBL,1,Information Technology
2013-12,JCI,3,Industrials
2013-12,JEF,2,Financials
2013-12,JKHY,2,Financials
2013-12,JNJ,3,Health Care
2013-12,JPM,1,Financials
2013-12,KBH,1,Unknown
2013-12,KDP,2,Consumer Staples
2013-12,KEY,3,Financials
2013-12,KG,3,Unknown
2013-12,KIM,1,Real Estate
2013-12,KLAC,2,Information Technology
2013-12,KMB,3,Consumer Staples
2013-12,KMG,3,Unknown
2013-12,KMX,3,Consumer Discretionary
2013-12,KO,3,Consumer Staples
2013-12,KR,3,Consumer Staples
2013-12,KRI,3,Unknown
2013-12,KSS,3,Unknown
2013-12,L,3,Financials
2013-12,LDOS,3,Industrials
2013-12,LEG,2,Unknown
2013-12,LEN,3,Consumer Discretionary
2013-12,LH,3,Health Care
2013-12,LHX,3,Industrials
2013-12,LII,2,Industrials
2013-12,LIN,3,Materials
2013-12,LKQ,2,Consumer Discretionary
2013-12,LLY,3,Health Care
2013-12,LMT,3,Industrials
2013-12,LNC,1,Financials
2013-12,LNT,3,Utilities
2013-12,LOW,2,Consumer Discretionary
2013-12,LPX,1,Materials
2013-12,LRCX,2,Information Technology
2013-12,LULU,1,Consumer Discretionary
2013-12,LUMN,3,Unknown
2013-12,LUV,2,Industrials
2013-12,LVS,1,Consumer Discretionary
2013-12,LYV,1,Communication Services
2013-12,M,2,Consumer Discretionary
2013-12,MA,2,Financials
2013-12,MAA,2,Real Estate
2013-12,MAR,2,Consumer Discretionary
2013-12,MAS,1,Industrials
2013-12,MAT,2,Consumer Discretionary
2013-12,MBI,1,Unknown
2013-12,MCD,3,Consumer Discretionary
2013-12,MCHP,3,Information Technology
2013-12,MCK,3,Health Care
2013-12,MCO,3,Financials
2013-12,MDLZ,3,Consumer Staples
2013-12,MDT,3,Health Care
2013-12,MET,1,Financials
2013-12,MHK,1,Consumer Discretionary
2013-12,MKC,3,Consumer Staples
2013-12,MKTX,2,Financials
2013-12,MLM,2,Materials
2013-12,MMM,3,Industrials
2013-12,MNST,2,Consumer Staples
2013-12,MO,3,Consumer Staples
2013-12,MOH,3,Health Care
2013-12,MOLX,2,Unknown
2013-12,MOS,3,Materials
2013-12,MPWR,2,Information Technology
2013-12,MRK,3,Health Care
2013-12,MS,3,Financials
2013-12,MSCI,2,Financials
2013-12,MSFT,3,Information Technology
2013-12,MSI,2,Information Technology
2013-12,MTB,3,Financials
2013-12,MTCH,3,Communication Services
2013-12,MTD,2,Health Care
2013-12,MTG,1,Financials
2013-12,MTW,1,Unknown
2013-12,MU,3,Information Technology
2013-12,MUR,3,Unknown
2013-12,NBR,1,Unknown
2013-12,NC,1,Unknown
2013-12,NDAQ,3,Financials
2013-12,NDSN,2,Industrials
2013-12,NEE,3,Utilities
2013-12,NEM,3,Materials
2013-12,NFLX,3,Communication Services
2013-12,NFX,1,Unknown
2013-12,NI,3,Utilities
2013-12,NKE,2,Consumer Discretionary
2013-12,NKTR,1,Unknown
2013-12,NOC,3,Industrials
2013-12,NOV,2,Energy
2013-12,NRG,3,Utilities
2013-12,NSC,2,Industrials
2013-12,NTAP,2,Information Technology
2013-12,NTRS,3,Financials
2013-12,NUE,3,Materials
2013-12,NVDA,3,Information Technology
2013-12,NVR,3,Consumer Discretionary
2013-12,NWL,2,Consumer Discretionary
2013-12,NYT,1,Communication Services
2013-12,O,3,Real Estate
2013-12,ODFL,2,Industrials
2013-12,OI,1,Unknown
2013-12,OKE,2,Energy
2013-12,OMC,2,Communication Services
2013-12,ON,3,Information Technology
2013-12,ORCL,3,Information Technology
2013-12,ORLY,2,Consumer Discretionary
2013-12,OXY,3,Energy
2013-12,PAYX,3,Industrials
2013-12,PBG,3,Unknown
2013-12,PBI,2,Unknown
2013-12,PCAR,2,Industrials
2013-12,PCG,3,Utilities
2013-12,PEG,3,Utilities
2013-12,PENN,2,Consumer Discretionary
2013-12,PEP,3,Consumer Staples
2013-12,PFE,3,Health Care
2013-12,PFG,1,Financials
2013-12,PG,3,Consumer Staples
2013-12,PGR,2,Financials
2013-12,PH,2,Industrials
2013-12,PHM,3,Consumer Discretionary
2013-12,PKG,2,Materials
2013-12,PLD,2,Real Estate
2013-12,PM,3,Consumer Staples
2013-12,PNC,2,Financials
2013-12,PNR,2,Industrials
2013-12,PNW,3,Utilities
2013-12,PODD,2,Health Care
2013-12,POOL,2,Consumer Discretionary
2013-12,PPG,2,Materials
2013-12,PPL,3,Utilities
2013-12,PRGO,2,Health Care
2013-12,PRU,1,Financials
2013-12,PSA,3,Real Estate
2013-12,PSKY,1,Unknown
2013-12,PTC,2,Information Technology
2013-12,PVH,1,Consumer Discretionary
2013-12,PWJ,3,Unknown
2013-12,PWR,3,Industrials
2013-12,QCOM,3,Information Technology
2013-12,R,2,Industrials
2013-12,RCL,1,Consumer Discretionary
2013-12,REG,2,Real Estate
2013-12,REGN,3,Health Care
2013-12,RF,1,Financials
2013-12,RHI,2,Industrials
2013-12,RIG,3,Unknown
2013-12,RJF,3,Financials
2013-12,RL,2,Consumer Discretionary
2013-12,RMD,3,Health Care
2013-12,ROK,2,Industrials
2013-12,ROL,2,Industrials
2013-12,ROP,2,Industrials
2013-12,ROST,3,Consumer Discretionary
2013-12,RRC,3,Energy
2013-12,RSG,3,Industrials
2013-12,RTX,3,Industrials
2013-12,RVTY,3,Health Care
2013-12,SANM,1,Unknown
2013-12,SBAC,3,Real Estate
2013-12,SBUX,2,Consumer Discretionary
2013-12,SCHW,3,Financials
2013-12,SCI,2,Consumer Discretionary
2013-12,SDS,3,Unknown
2013-12,SHW,2,Materials
2013-12,SIG,2,Unknown
2013-12,SJM,3,Consumer Staples
2013-12,SLB,2,Energy
2013-12,SLG,1,Unknown
2013-12,SLM,3,Financials
2013-12,SMCI,2,Information Technology
2013-12,SNA,2,Industrials
2013-12,SNPS,3,Information Technology
2013-12,SO,3,Utilities
2013-12,SPG,2,Real Estate
2013-12,SPGI,2,Financials
2013-12,SRE,3,Utilities
2013-12,SSP,1,Unknown
2013-12,STE,3,Health Care
2013-12,STLD,2,Materials
2013-12,STT,1,Financials
2013-12,STX,1,Unknown
2013-12,STZ,3,Consumer Staples
2013-12,SUB,3,Unknown
2013-12,SVU,3,Unknown
2013-12,SW,1,Materials
2013-12,SWK,2,Industrials
2013-12,SWKS,3,Information Technology
2013-12,SYK,3,Health Care
2013-12,SYY,3,Consumer Staples
2013-12,T,3,Communication Services
2013-12,TAP,3,Consumer Staples
2013-12,TDC,3,Information Technology
2013-12,TDG,3,Industrials
2013-12,TDY,2,Industrials
2013-12,TECH,3,Health Care
2013-12,TEL,1,Unknown
2013-12,TER,2,Information Technology
2013-12,TEX,1,Unknown
2013-12,TFC,2,Financials
2013-12,TFX,2,Health Care
2013-12,TGT,2,Consumer Staples
2013-12,THC,1,Health Care
2013-12,TJX,3,Consumer Discretionary
2013-12,TKO,3,Communication Services
2013-12,TKR,2,Industrials
2013-12,TLAB,2,Unknown
2013-12,TMO,3,Health Care
2013-12,TMUS,3,Communication Services
2013-12,TPL,2,Energy
2013-12,TPR,1,Consumer Discretionary
2013-12,TRMB,2,Information Technology
2013-12,TROW,2,Financials
2013-12,TRV,3,Financials
2013-12,TSCO,2,Consumer Discretionary
2013-12,TSN,2,Consumer Staples
2013-12,TT,2,Industrials
2013-12,TTWO,3,Communication Services
2013-12,TWX,3,Unknown
2013-12,TX,1,Unknown
2013-12,TXN,3,Information Technology
2013-12,TXT,1,Industrials
2013-12,TYL,3,Information Technology
2013-12,UAA,1,Consumer Discretionary
2013-12,UAL,1,Industrials
2013-12,UDR,2,Real Estate
2013-12,UHS,2,Health Care
2013-12,UIS,1,Unknown
2013-12,ULTA,1,Consumer Discretionary
2013-12,UNH,3,Health Care
2013-12,UNM,2,Financials
2013-12,UNP,3,Industrials
2013-12,UPS,3,Industrials
2013-12,URBN,2,Unknown
2013-12,URI,1,Industrials
2013-12,USB,2,Financials
2013-12,V,3,Financials
2013-12,VFC,3,Consumer Discretionary
2013-12,VIAV,3,Unknown
2013-12,VLO,3,Energy
2013-12,VMC,2,Materials
2013-12,VNO,2,Real Estate
2013-12,VO,3,Unknown
2013-12,VRSN,3,Information Technology
2013-12,VTR,3,Real Estate
2013-12,VTRS,3,Health Care
2013-12,VZ,3,Communication Services
2013-12,WAB,2,Industrials
2013-12,WAT,2,Health Care
2013-12,WBD,3,Communication Services
2013-12,WDC,2,Information Technology
2013-12,WEC,3,Utilities
2013-12,WELL,3,Real Estate
2013-12,WEN,2,Consumer Discretionary
2013-12,WFC,1,Financials
2013-12,WHR,2,Consumer Discretionary
2013-12,WM,3,Industrials
2013-12,WMB,2,Energy
2013-12,WMT,3,Consumer Staples
2013-12,WOR,1,Unknown
2013-12,WRB,2,Financials
2013-12,WSM,2,Consumer Discretionary
2013-12,WST,2,Health Care
2013-12,WTW,2,Financials
2013-12,WU,2,Information Technology
2013-12,WY,2,Real Estate
2013-12,WYNN,1,Consumer Discretionary
2013-12,XEL,3,Utilities
2013-12,XOM,3,Energy
2013-12,XRAY,3,Health Care
2013-12,XRX,2,Unknown
2013-12,YUM,2,Consumer Discretionary
2013-12,ZBH,3,Health Care
2013-12,ZBRA,3,Information Technology
2013-12,ZION,1,Financials
2014-12,A,1,Health Care
2014-12,AAL,2,Industrials
2014-12,AAP,2,Unknown
2014-12,AAPL,2,Information Technology
2014-12,ABT,1,Health Care
2014-12,ACGL,1,Financials
2014-12,ACN,2,Information Technology
2014-12,ADBE,2,Information Technology
2014-12,ADI,1,Information Technology
2014-12,ADM,2,Consumer Staples
2014-12,ADP,1,Industrials
2014-12,ADSK,2,Information Technology
2014-12,AEE,1,Utilities
2014-12,AEP,1,Utilities
2014-12,AES,1,Utilities
2014-12,AET,2,Unknown
2014-12,AFL,2,Financials
2014-12,AIG,2,Financials
2014-12,AIV,1,Unknown
2014-12,AIZ,1,Financials
2014-12,AJG,1,Financials
2014-12,AKAM,2,Information Technology
2014-12,ALB,2,Materials
2014-12,ALGN,2,Health Care
2014-12,ALK,1,Industrials
2014-12,ALL,1,Financials
2014-12,AMAT,2,Information Technology
2014-12,AMD,2,Information Technology
2014-12,AME,1,Industrials
2014-12,AMG,1,Financials
2014-12,AMGN,1,Health Care
2014-12,AMP,2,Financials
2014-12,AMT,1,Real Estate
2014-12,AMZN,2,Consumer Discretionary
2014-12,AN,1,Consumer Discretionary
2014-12,ANDV,2,Unknown
2014-12,ANF,2,Unknown
2014-12,AON,1,Financials
2014-12,AOS,1,Industrials
2014-12,APA,2,Energy
2014-12,APD,1,Materials
2014-12,APH,1,Information Technology
2014-12,ARE,1,Real Estate
2014-12,ASH,2,Materials
2014-12,ATI,2,Industrials
2014-12,ATO,1,Utilities
2014-12,AVB,1,Real Estate
2014-12,AVGO,2,Information Technology
2014-12,AVY,1,Materials
2014-12,AWK,1,Utilities
2014-12,AXP,1,Financials
2014-12,AYI,1,Industrials
2014-12,AZO,1,Consumer Discretionary
2014-12,BA,1,Industrials
2014-12,BAC,2,Financials
2014-12,BALL,1,Materials
2014-12,BAX,2,Health Care
2014-12,BBBY,2,Unknown
2014-12,BBT,1,Unknown
2014-12,BBWI,2,Consumer Discretionary
2014-12,BBY,2,Consumer Discretionary
2014-12,BC,2,Consumer Discretionary
2014-12,BDX,1,Health Care
2014-12,BEN,2,Financials
2014-12,BF.B,1,Consumer Staples
2014-12,BG,2,Consumer Staples
2014-12,BIIB,2,Health Care
2014-12,BIO,1,Health Care
2014-12,BK,2,Unknown
2014-12,BKNG,2,Consumer Discretionary
2014-12,BKR,2,Energy
2014-12,BLDR,2,Industrials
2014-12,BLK,2,Financials
2014-12,BMS,1,Unknown
2014-12,BMY,1,Health Care
2014-12,BR,2,Industrials
2014-12,BRK.B,1,Financials
2014-12,BRO,1,Financials
2014-12,BSX,2,Health Care
2014-12,BUD,1,Unknown
2014-12,BWA,2,Consumer Discretionary
2014-12,BX,2,Financials
2014-12,BXP,1,Real Estate
2014-12,C,2,Financials
2014-12,CAG,1,Consumer Staples
2014-12,CAH,1,Health Care
2014-12,CAR,2,Industrials
2014-12,CAT,1,Industrials
2014-12,CB,1,Financials
2014-12,CBRE,2,Real Estate
2014-12,CCEP,1,Unknown
2014-12,CCI,1,Real Estate
2014-12,CCK,1,Materials
2014-12,CCL,1,Consumer Discretionary
2014-12,CCU,1,Unknown
2014-12,CDNS,2,Information Technology
2014-12,CE,2,Materials
2014-12,CF,2,Materials
2014-12,CHD,1,Consumer Staples
2014-12,CHRW,1,Industrials
2014-12,CI,2,Health Care
2014-12,CIEN,2,Information Technology
2014-12,CINF,1,Financials
2014-12,CL,1,Consumer Staples
2014-12,CLF,2,Materials
2014-12,CLX,1,Consumer Staples
2014-12,CMCSA,1,Communication Services
2014-12,CME,1,Financials
2014-12,CMG,1,Consumer Discretionary
2014-12,CMI,2,Industrials
2014-12,CMS,1,Utilities
2014-12,CNC,2,Health Care
2014-12,CNP,1,Utilities
2014-12,CNX,1,Unknown
2014-12,COF,2,Financials
2014-12,COP,1,Energy
2014-12,COR,1,Health Care
2014-12,COST,1,Consumer Staples
2014-12,CPB,1,Consumer Staples
2014-12,CPRT,1,Industrials
2014-12,CPT,1,Real Estate
2014-12,CRH,2,Materials
2014-12,CRL,2,Health Care
2014-12,CRM,2,Information Technology
2014-12,CSCO,2,Information Technology
2014-12,CSGP,1,Real Estate
2014-12,CSR,1,Unknown
2014-12,CSX,1,Industrials
2014-12,CTAS,1,Industrials
2014-12,CTRA,2,Unknown
2014-12,CTSH,2,Information Technology
2014-12,CVS,1,Health Care
2014-12,CVX,1,Energy
2014-12,D,1,Utilities
2014-12,DAL,1,Industrials
2014-12,DD,2,Materials
2014-12,DDR,1,Unknown
2014-12,DDS,2,Consumer Discretionary
2014-12,DE,1,Industrials
2014-12,DECK,1,Consumer Discretionary
2014-12,DG,1,Consumer Staples
2014-12,DGX,1,Health Care
2014-12,DHI,1,Consumer Discretionary
2014-12,DHR,1,Health Care
2014-12,DIS,1,Communication Services
2014-12,DLR,1,Real Estate
2014-12,DLTR,1,Consumer Staples
2014-12,DLX,1,Unknown
2014-12,DOC,1,Real Estate
2014-12,DOV,1,Industrials
2014-12,DPZ,2,Consumer Discretionary
2014-12,DRI,1,Consumer Discretionary
2014-12,DTE,1,Utilities
2014-12,DUK,1,Utilities
2014-12,DVA,2,Health Care
2014-12,DVN,2,Energy
2014-12,DXC,2,Information Technology
2014-12,DXCM,2,Health Care
2014-12,EA,2,Communication Services
2014-12,EBAY,2,Consumer Discretionary
2014-12,EC,2,Unknown
2014-12,ECL,1,Materials
2014-12,ED,1,Utilities
2014-12,EFU,1,Unknown
2014-12,EFX,1,Industrials
2014-12,EG,1,Financials
2014-12,EHC,2,Health Care
2014-12,EIX,1,Utilities
2014-12,EL,1,Consumer Staples
2014-12,ELV,1,Health Care
2014-12,EME,1,Industrials
2014-12,EMN,2,Materials
2014-12,EMR,1,Industrials
2014-12,EOG,2,Energy
2014-12,EQIX,2,Real Estate
2014-12,EQR,1,Real Estate
2014-12,EQT,2,Energy
2014-12,ERIE,1,Unknown
2014-12,ES,1,Utilities
2014-12,ESRX,2,Unknown
2014-12,ESS,1,Real Estate
2014-12,ETN,1,Industrials
2014-12,ETR,1,Utilities
2014-12,EVRG,1,Utilities
2014-12,EW,1,Health Care
2014-12,EXC,1,Utilities
2014-12,EXPD,1,Industrials
2014-12,EXPE,2,Consumer Discretionary
2014-12,EXR,1,Real Estate
2014-12,F,1,Consumer Discretionary
2014-12,FAST,1,Industrials
2014-12,FCX,2,Materials
2014-12,FDS,1,Financials
2014-12,FDX,1,Industrials
2014-12,FE,1,Utilities
2014-12,FFIV,2,Information Technology
2014-12,FHN,2,Financials
2014-12,FICO,1,Information Technology
2014-12,FIS,1,Financials
2014-12,FISV,1,Financials
2014-12,FITB,1,Financials
2014-12,FIX,2,Industrials
2014-12,FLR,2,Unknown
2014-12,FLS,2,Industrials
2014-12,FMC,1,Materials
2014-12,FMCC,3,Unknown
2014-12,FNMA,3,Unknown
2014-12,FOSL,2,Unknown
2014-12,FRT,1,Real Estate
2014-12,FSLR,2,Information Technology
2014-12,FTI,1,Energy
2014-12,FTNT,2,Information Technology
2014-12,G,1,Industrials
2014-12,GD,1,Industrials
2014-12,GDW,2,Unknown
2014-12,GE,1,Industrials
2014-12,GEN,2,Information Technology
2014-12,GENZ,1,Unknown
2014-12,GHC,1,Unknown
2014-12,GILD,2,Health Care
2014-12,GIS,1,Consumer Staples
2014-12,GL,1,Financials
2014-12,GLK,2,Unknown
2014-12,GLW,2,Information Technology
2014-12,GME,2,Consumer Discretionary
2014-12,GNW,2,Unknown
2014-12,GOOG,2,Communication Services
2014-12,GOOGL,2,Communication Services
2014-12,GPC,1,Consumer Discretionary
2014-12,GPN,1,Financials
2014-12,GRMN,2,Consumer Discretionary
2014-12,GS,2,Financials
2014-12,GT,2,Unknown
2014-12,GTE,2,Unknown
2014-12,GWW,1,Industrials
2014-12,H,1,Consumer Discretionary
2014-12,HAL,1,Energy
2014-12,HAS,1,Consumer Discretionary
2014-12,HBAN,1,Financials
2014-12,HD,1,Consumer Discretionary
2014-12,HIG,2,Financials
2014-12,HOG,2,Consumer Discretionary
2014-12,HON,1,Industrials
2014-12,HP,2,Unknown
2014-12,HPQ,1,Information Technology
2014-12,HRB,1,Consumer Discretionary
2014-12,HRL,1,Consumer Staples
2014-12,HSIC,1,Health Care
2014-12,HST,1,Real Estate
2014-12,HSY,1,Consumer Staples
2014-12,HUBB,1,Industrials
2014-12,HUM,2,Health Care
2014-12,IBKR,1,Financials
2014-12,IBM,1,Information Technology
2014-12,ICE,1,Financials
2014-12,IDXX,1,Health Care
2014-12,IEX,1,Industrials
2014-12,IFF,1,Materials
2014-12,ILMN,2,Health Care
2014-12,INCY,2,Health Care
2014-12,INTC,2,Information Technology
2014-12,INTU,1,Information Technology
2014-12,IP,1,Materials
2014-12,IPGP,2,Information Technology
2014-12,IRM,1,Real Estate
2014-12,ISRG,2,Health Care
2014-12,IT,1,Information Technology
2014-12,ITT,1,Industrials
2014-12,ITW,1,Industrials
2014-12,IVZ,2,Financials
2014-12,J,2,Industrials
2014-12,JBHT,1,Industrials
2014-12,JBL,2,Information Technology
2014-12,JCI,2,Industrials
2014-12,JEF,2,Financials
2014-12,JKHY,1,Financials
2014-12,JNJ,1,Health Care
2014-12,JPM,2,Financials
2014-12,KBH,2,Unknown
2014-12,KDP,1,Consumer Staples
2014-12,KEY,1,Financials
2014-12,KG,2,Unknown
2014-12,KIM,2,Real Estate
2014-12,KLAC,1,Information Technology
2014-12,KMB,1,Consumer Staples
2014-12,KMG,1,Unknown
2014-12,KMX,1,Consumer Discretionary
2014-12,KO,1,Consumer Staples
2014-12,KR,1,Consumer Staples
2014-12,KSS,2,Unknown
2014-12,L,1,Financials
2014-12,LDOS,1,Industrials
2014-12,LEG,1,Unknown
2014-12,LEN,1,Consumer Discretionary
2014-12,LH,1,Health Care
2014-12,LHX,1,Industrials
2014-12,LII,1,Industrials
2014-12,LIN,1,Materials
2014-12,LKQ,1,Consumer Discretionary
2014-12,LLY,1,Health Care
2014-12,LMT,1,Industrials
2014-12,LNC,2,Financials
2014-12,LNT,1,Utilities
2014-12,LOW,1,Consumer Discretionary
2014-12,LPX,2,Materials
2014-12,LRCX,2,Information Technology
2014-12,LULU,2,Consumer Discretionary
2014-12,LUMN,1,Unknown
2014-12,LUV,1,Industrials
2014-12,LVS,2,Consumer Discretionary
2014-12,LYV,2,Communication Services
2014-12,M,2,Consumer Discretionary
2014-12,MA,1,Financials
2014-12,MAA,1,Real Estate
2014-12,MAC,1,Unknown
2014-12,MAR,1,Consumer Discretionary
2014-12,MAS,2,Industrials
2014-12,MAT,1,Consumer Discretionary
2014-12,MBI,2,Unknown
2014-12,MCD,1,Consumer Discretionary
2014-12,MCHP,1,Information Technology
2014-12,MCK,1,Health Care
2014-12,MCO,2,Financials
2014-12,MDLZ,1,Consumer Staples
2014-12,MDT,1,Health Care
2014-12,MET,2,Financials
2014-12,MGM,2,Consumer Discretionary
2014-12,MHK,1,Consumer Discretionary
2014-12,MKC,1,Consumer Staples
2014-12,MKTX,2,Financials
2014-12,MLM,1,Materials
2014-12,MMM,1,Industrials
2014-12,MNST,1,Consumer Staples
2014-12,MO,1,Consumer Staples
2014-12,MOH,2,Health Care
2014-12,MOS,2,Materials
2014-12,MPWR,2,Information Technology
2014-12,MRK,1,Health Care
2014-12,MS,2,Financials
2014-12,MSCI,1,Financials
2014-12,MSFT,2,Information Technology
2014-12,MSI,1,Information Technology
2014-12,MTB,1,Financials
2014-12,MTCH,2,Communication Services
2014-12,MTD,1,Health Care
2014-12,MTG,2,Financials
2014-12,MTW,2,Unknown
2014-12,MU,2,Information Technology
2014-12,MUR,1,Unknown
2014-12,NBR,2,Unknown
2014-12,NC,2,Unknown
2014-12,NDAQ,2,Financials
2014-12,NDSN,1,Industrials
2014-12,NEE,1,Utilities
2014-12,NEM,2,Materials
2014-12,NFLX,2,Communication Services
2014-12,NFX,2,Unknown
2014-12,NI,1,Utilities
2014-12,NKE,1,Consumer Discretionary
2014-12,NKTR,2,Unknown
2014-12,NOC,1,Industrials
2014-12,NOV,2,Energy
2014-12,NRG,2,Utilities
2014-12,NSC,1,Industrials
2014-12,NTAP,2,Information Technology
2014-12,NTRS,1,Financials
2014-12,NUE,2,Materials
2014-12,NVDA,2,Information Technology
2014-12,NVR,1,Consumer Discretionary
2014-12,NWL,1,Consumer Discretionary
2014-12,NYT,2,Communication Services
2014-12,O,1,Real Estate
2014-12,ODFL,1,Industrials
2014-12,OI,2,Unknown
2014-12,OKE,1,Energy
2014-12,OMC,1,Communication Services
2014-12,ON,2,Information Technology
2014-12,ORCL,2,Information Technology
2014-12,ORLY,1,Consumer Discretionary
2014-12,OXY,1,Energy
2014-12,PAYX,1,Industrials
2014-12,PBI,2,Unknown
2014-12,PCAR,1,Industrials
2014-12,PCG,1,Utilities
2014-12,PEG,1,Utilities
2014-12,PENN,1,Consumer Discretionary
2014-12,PEP,1,Consumer Staples
2014-12,PFE,1,Health Care
2014-12,PFG,2,Financials
2014-12,PG,1,Consumer Staples
2014-12,PGR,1,Financials
2014-12,PH,1,Industrials
2014-12,PHM,2,Consumer Discretionary
2014-12,PKG,1,Materials
2014-12,PLD,1,Real Estate
2014-12,PM,1,Consumer Staples
2014-12,PNC,1,Financials
2014-12,PNR,1,Industrials
2014-12,PNW,1,Utilities
2014-12,PODD,2,Health Care
2014-12,POOL,1,Consumer Discretionary
2014-12,PPG,1,Materials
2014-12,PPL,1,Utilities
2014-12,PRU,2,Financials
2014-12,PSA,1,Real Estate
2014-12,PSKY,1,Unknown
2014-12,PTC,2,Information Technology
2014-12,PVH,2,Consumer Discretionary
2014-12,PWJ,1,Unknown
2014-12,PWR,1,Industrials
2014-12,QCOM,2,Information Technology
2014-12,R,1,Industrials
2014-12,RCL,2,Consumer Discretionary
2014-12,REG,1,Real Estate
2014-12,REGN,2,Health Care
2014-12,RF,2,Financials
2014-12,RHI,1,Industrials
2014-12,RIG,2,Unknown
2014-12,RJF,1,Financials
2014-12,RL,1,Consumer Discretionary
2014-12,RMD,1,Health Care
2014-12,ROK,1,Industrials
2014-12,ROL,1,Industrials
2014-12,ROP,1,Industrials
2014-12,ROST,1,Consumer Discretionary
2014-12,RRC,2,Energy
2014-12,RSG,1,Industrials
2014-12,RTX,1,Industrials
2014-12,RVTY,2,Health Care
2014-12,SANM,2,Unknown
2014-12,SBAC,2,Real Estate
2014-12,SBUX,1,Consumer Discretionary
2014-12,SCHW,2,Financials
2014-12,SCI,1,Consumer Discretionary
2014-12,SDS,1,Unknown
2014-12,SHW,1,Materials
2014-12,SIG,1,Unknown
2014-12,SJM,1,Consumer Staples
2014-12,SLB,1,Energy
2014-12,SLG,1,Unknown
2014-12,SLM,2,Financials
2014-12,SMCI,2,Information Technology
2014-12,SNA,1,Industrials
2014-12,SNPS,1,Information Technology
2014-12,SO,1,Utilities
2014-12,SPG,1,Real Estate
2014-12,SPGI,2,Financials
2014-12,SRE,1,Utilities
2014-12,SSP,2,Unknown
2014-12,STE,1,Health Care
2014-12,STLD,2,Materials
2014-12,STT,2,Financials
2014-12,STX,2,Unknown
2014-12,STZ,2,Consumer Staples
2014-12,SUB,1,Unknown
2014-12,SVU,2,Unknown
2014-12,SW,2,Materials
2014-12,SWK,2,Industrials
2014-12,SWKS,2,Information Technology
2014-12,SYK,1,Health Care
2014-12,SYY,1,Consumer Staples
2014-12,T,1,Communication Services
2014-12,TAP,1,Consumer Staples
2014-12,TDC,2,Information Technology
2014-12,TDG,1,Industrials
2014-12,TDY,1,Industrials
2014-12,TECH,1,Health Care
2014-12,TEL,1,Unknown
2014-12,TER,2,Information Technology
2014-12,TEX,2,Unknown
2014-12,TFC,1,Financials
2014-12,TFX,1,Health Care
2014-12,TGT,1,Consumer Staples
2014-12,THC,2,Health Care
2014-12,TJX,1,Consumer Discretionary
2014-12,TKO,2,Communication Services
2014-12,TKR,1,Industrials
2014-12,TMO,2,Health Care
2014-12,TMUS,2,Communication Services
2014-12,TPL,2,Energy
2014-12,TPR,2,Consumer Discretionary
2014-12,TRMB,2,Information Technology
2014-12,TROW,1,Financials
2014-12,TRV,1,Financials
2014-12,TSCO,1,Consumer Discretionary
2014-12,TSN,1,Consumer Staples
2014-12,TT,1,Industrials
2014-12,TTWO,2,Communication Services
2014-12,TWX,2,Unknown
2014-12,TX,2,Unknown
2014-12,TXN,1,Information Technology
2014-12,TXT,2,Industrials
2014-12,TYL,2,Information Technology
2014-12,UAA,2,Consumer Discretionary
2014-12,UAL,1,Industrials
2014-12,UDR,1,Real Estate
2014-12,UHS,1,Health Care
2014-12,UIS,2,Unknown
2014-12,ULTA,1,Consumer Discretionary
2014-12,UNH,1,Health Care
2014-12,UNM,2,Financials
2014-12,UNP,1,Industrials
2014-12,UPS,1,Industrials
2014-12,URBN,2,Unknown
2014-12,URI,2,Industrials
2014-12,USB,1,Financials
2014-12,V,1,Financials
2014-12,VFC,1,Consumer Discretionary
2014-12,VIAV,2,Unknown
2014-12,VLO,2,Energy
2014-12,VMC,1,Materials
2014-12,VNO,1,Real Estate
2014-12,VO,1,Unknown
2014-12,VRSK,1,Industrials
2014-12,VRSN,1,Information Technology
2014-12,VRTS,2,Unknown
2014-12,VTR,1,Real Estate
2014-12,VTRS,1,Health Care
2014-12,VZ,1,Communication Services
2014-12,WAB,1,Industrials
2014-12,WAT,2,Health Care
2014-12,WBD,1,Communication Services
2014-12,WDC,2,Information Technology
2014-12,WEC,1,Utilities
2014-12,WELL,1,Real Estate
2014-12,WEN,1,Consumer Discretionary
2014-12,WFC,1,Financials
2014-12,WHR,2,Consumer Discretionary
2014-12,WM,1,Industrials
2014-12,WMB,2,Energy
2014-12,WMT,1,Consumer Staples
2014-12,WOR,2,Unknown
2014-12,WRB,1,Financials
2014-12,WSM,1,Consumer Discretionary
2014-12,WST,1,Health Care
2014-12,WTW,1,Financials
2014-12,WU,1,Information Technology
2014-12,WY,1,Real Estate
2014-12,WYNN,2,Consumer Discretionary
2014-12,XEL,1,Utilities
2014-12,XOM,1,Energy
2014-12,XRAY,1,Health Care
2014-12,XRX,2,Unknown
2014-12,YUM,1,Consumer Discretionary
2014-12,ZBH,1,Health Care
2014-12,ZBRA,1,Information Technology
2014-12,ZION,2,Financials
2015-12,A,2,Health Care
2015-12,AAL,1,Industrials
2015-12,AAP,1,Unknown
2015-12,AAPL,1,Information Technology
2015-12,ABT,1,Health Care
2015-12,ACGL,1,Financials
2015-12,ACN,1,Information Technology
2015-12,ADBE,1,Information Technology
2015-12,ADI,1,Information Technology
2015-12,ADM,1,Consumer Staples
2015-12,ADP,1,Industrials
2015-12,ADSK,2,Information Technology
2015-12,AEE,1,Utilities
2015-12,AEP,1,Utilities
2015-12,AES,1,Utilities
2015-12,AET,1,Unknown
2015-12,AFL,2,Financials
2015-12,AIG,2,Financials
2015-12,AIV,1,Unknown
2015-12,AIZ,1,Financials
2015-12,AJG,1,Financials
2015-12,AKAM,2,Information Technology
2015-12,ALB,2,Materials
2015-12,ALGN,2,Health Care
2015-12,ALK,1,Industrials
2015-12,ALL,1,Financials
2015-12,AMAT,2,Information Technology
2015-12,AMD,2,Information Technology
2015-12,AME,1,Industrials
2015-12,AMG,1,Financials
2015-12,AMGN,1,Health Care
2015-12,AMP,2,Financials
2015-12,AMT,1,Real Estate
2015-12,AMZN,1,Consumer Discretionary
2015-12,AN,1,Consumer Discretionary
2015-12,ANDV,2,Unknown
2015-12,ANF,2,Unknown
2015-12,AON,1,Financials
2015-12,AOS,1,Industrials
2015-12,APA,2,Energy
2015-12,APD,1,Materials
2015-12,APH,1,Information Technology
2015-12,ARE,1,Real Estate
2015-12,ASH,1,Materials
2015-12,ATI,2,Industrials
2015-12,ATO,1,Utilities
2015-12,AVB,1,Real Estate
2015-12,AVGO,2,Information Technology
2015-12,AVY,1,Materials
2015-12,AWK,1,Utilities
2015-12,AXON,1,Industrials
2015-12,AXP,1,Financials
2015-12,AYI,1,Industrials
2015-12,AZO,1,Consumer Discretionary
2015-12,BA,1,Industrials
2015-12,BAC,2,Financials
2015-12,BALL,1,Materials
2015-12,BAX,1,Health Care
2015-12,BBBY,1,Unknown
2015-12,BBT,1,Unknown
2015-12,BBWI,1,Consumer Discretionary
2015-12,BBY,2,Consumer Discretionary
2015-12,BC,2,Consumer Discretionary
2015-12,BDX,1,Health Care
2015-12,BEN,2,Financials
2015-12,BF.B,1,Consumer Staples
2015-12,BG,1,Consumer Staples
2015-12,BIIB,1,Health Care
2015-12,BIO,1,Health Care
2015-12,BK,2,Unknown
2015-12,BKNG,2,Consumer Discretionary
2015-12,BKR,2,Energy
2015-12,BLDR,2,Industrials
2015-12,BLK,1,Financials
2015-12,BMS,1,Unknown
2015-12,BMY,1,Health Care
2015-12,BR,1,Industrials
2015-12,BRK.B,1,Financials
2015-12,BRO,1,Financials
2015-12,BSX,1,Health Care
2015-12,BUD,1,Unknown
2015-12,BWA,2,Consumer Discretionary
2015-12,BX,2,Financials
2015-12,BXP,1,Real Estate
2015-12,C,2,Financials
2015-12,CAG,1,Consumer Staples
2015-12,CAH,1,Health Care
2015-12,CAR,2,Industrials
2015-12,CAT,2,Industrials
2015-12,CB,1,Financials
2015-12,CBOE,1,Financials
2015-12,CBRE,2,Real Estate
2015-12,CCEP,1,Unknown
2015-12,CCI,1,Real Estate
2015-12,CCK,1,Materials
2015-12,CCL,1,Consumer Discretionary
2015-12,CCU,1,Unknown
2015-12,CDNS,2,Information Technology
2015-12,CE,2,Materials
2015-12,CF,2,Materials
2015-12,CHD,1,Consumer Staples
2015-12,CHRW,1,Industrials
2015-12,CHTR,1,Communication Services
2015-12,CI,1,Health Care
2015-12,CIEN,2,Information Technology
2015-12,CINF,1,Financials
2015-12,CL,1,Consumer Staples
2015-12,CLF,2,Materials
2015-12,CLX,1,Consumer Staples
2015-12,CMCSA,1,Communication Services
2015-12,CME,1,Financials
2015-12,CMG,1,Consumer Discretionary
2015-12,CMI,2,Industrials
2015-12,CMS,1,Utilities
2015-12,CMX,1,Unknown
2015-12,CNC,1,Health Care
2015-12,CNP,1,Utilities
2015-12,CNX,2,Unknown
2015-12,COF,1,Financials
2015-12,COP,2,Energy
2015-12,COR,1,Health Care
2015-12,COST,1,Consumer Staples
2015-12,CPAY,2,Financials
2015-12,CPB,1,Consumer Staples
2015-12,CPRT,1,Industrials
2015-12,CPT,1,Real Estate
2015-12,CRH,2,Materials
2015-12,CRL,1,Health Care
2015-12,CRM,2,Information Technology
2015-12,CSCO,2,Information Technology
2015-12,CSGP,1,Real Estate
2015-12,CSR,1,Unknown
2015-12,CSX,1,Industrials
2015-12,CTAS,1,Industrials
2015-12,CTRA,1,Unknown
2015-12,CTSH,2,Information Technology
2015-12,CVS,1,Health Care
2015-12,CVX,1,Energy
2015-12,D,1,Utilities
2015-12,DAL,1,Industrials
2015-12,DD,2,Materials
2015-12,DDR,1,Unknown
2015-12,DDS,2,Consumer Discretionary
2015-12,DE,1,Industrials
2015-12,DECK,2,Consumer Discretionary
2015-12,DG,1,Consumer Staples
2015-12,DGX,1,Health Care
2015-12,DHI,1,Consumer Discretionary
2015-12,DHR,1,Health Care
2015-12,DIS,1,Communication Services
2015-12,DLR,1,Real Estate
2015-12,DLTR,1,Consumer Staples
2015-12,DLX,1,Unknown
2015-12,DOC,1,Real Estate
2015-12,DOV,1,Industrials
2015-12,DPZ,1,Consumer Discretionary
2015-12,DRI,1,Consumer Discretionary
2015-12,DTE,1,Utilities
2015-12,DUK,1,Utilities
2015-12,DVA,1,Health Care
2015-12,DVN,2,Energy
2015-12,DXC,2,Information Technology
2015-12,DXCM,2,Health Care
2015-12,EA,2,Communication Services
2015-12,EBAY,1,Consumer Discretionary
2015-12,EC,2,Unknown
2015-12,ECL,1,Materials
2015-12,ED,1,Utilities
2015-12,EFU,1,Unknown
2015-12,EFX,1,Industrials
2015-12,EG,1,Financials
2015-12,EHC,1,Health Care
2015-12,EIX,1,Utilities
2015-12,EL,2,Consumer Staples
2015-12,ELV,1,Health Care
2015-12,EME,1,Industrials
2015-12,EMN,2,Materials
2015-12,EMR,1,Industrials
2015-12,EOG,2,Energy
2015-12,EQIX,1,Real Estate
2015-12,EQR,1,Real Estate
2015-12,EQT,1,Energy
2015-12,ERIE,1,Unknown
2015-12,ES,1,Utilities
2015-12,ESRX,2,Unknown
2015-12,ESS,1,Real Estate
2015-12,ETN,2,Industrials
2015-12,ETR,1,Utilities
2015-12,EVRG,1,Utilities
2015-12,EW,1,Health Care
2015-12,EXPD,1,Industrials
2015-12,EXPE,1,Consumer Discretionary
2015-12,EXR,1,Real Estate
2015-12,F,1,Consumer Discretionary
2015-12,FAST,1,Industrials
2015-12,FCX,2,Materials
2015-12,FDS,1,Financials
2015-12,FDX,1,Industrials
2015-12,FE,1,Utilities
2015-12,FFIV,2,Information Technology
2015-12,FHN,1,Financials
2015-12,FICO,1,Information Technology
2015-12,FIS,1,Financials
2015-12,FISV,1,Financials
2015-12,FITB,1,Financials
2015-12,FIX,2,Industrials
2015-12,FLR,2,Unknown
2015-12,FLS,2,Industrials
2015-12,FMC,1,Materials
2015-12,FMCC,3,Unknown
2015-12,FNMA,3,Unknown
2015-12,FOSL,2,Unknown
2015-12,FRT,1,Real Estate
2015-12,FSLR,2,Information Technology
2015-12,FTI,2,Energy
2015-12,FTNT,2,Information Technology
2015-12,G,1,Industrials
2015-12,GD,1,Industrials
2015-12,GE,1,Industrials
2015-12,GEN,1,Information Technology
2015-12,GENZ,1,Unknown
2015-12,GHC,1,Unknown
2015-12,GILD,1,Health Care
2015-12,GIS,1,Consumer Staples
2015-12,GL,1,Financials
2015-12,GLW,2,Information Technology
2015-12,GM,2,Consumer Discretionary
2015-12,GME,2,Consumer Discretionary
2015-12,GNRC,1,Industrials
2015-12,GNW,2,Unknown
2015-12,GOOG,2,Communication Services
2015-12,GOOGL,2,Communication Services
2015-12,GPC,1,Consumer Discretionary
2015-12,GPN,1,Financials
2015-12,GR,3,Unknown
2015-12,GRMN,1,Consumer Discretionary
2015-12,GS,2,Financials
2015-12,GT,2,Unknown
2015-12,GTE,2,Unknown
2015-12,GWW,1,Industrials
2015-12,H,2,Consumer Discretionary
2015-12,HAL,2,Energy
2015-12,HAS,1,Consumer Discretionary
2015-12,HBAN,1,Financials
2015-12,HD,1,Consumer Discretionary
2015-12,HIG,2,Financials
2015-12,HOG,1,Consumer Discretionary
2015-12,HON,1,Industrials
2015-12,HP,2,Unknown
2015-12,HPQ,2,Information Technology
2015-12,HRB,1,Consumer Discretionary
2015-12,HRL,1,Consumer Staples
2015-12,HSIC,1,Health Care
2015-12,HST,1,Real Estate
2015-12,HSY,1,Consumer Staples
2015-12,HUBB,1,Industrials
2015-12,HUM,1,Health Care
2015-12,IBKR,1,Financials
2015-12,IBM,1,Information Technology
2015-12,ICE,1,Financials
2015-12,IDXX,1,Health Care
2015-12,IEX,1,Industrials
2015-12,IFF,1,Materials
2015-12,ILMN,2,Health Care
2015-12,INCY,1,Health Care
2015-12,INTC,2,Information Technology
2015-12,INTU,1,Information Technology
2015-12,IP,1,Materials
2015-12,IPGP,2,Information Technology
2015-12,IRM,1,Real Estate
2015-12,ISRG,2,Health Care
2015-12,IT,1,Information Technology
2015-12,ITT,1,Industrials
2015-12,ITW,1,Industrials
2015-12,IVZ,2,Financials
2015-12,J,2,Industrials
2015-12,JBHT,1,Industrials
2015-12,JBL,2,Information Technology
2015-12,JCI,1,Industrials
2015-12,JEF,2,Financials
2015-12,JKHY,1,Financials
2015-12,JNJ,1,Health Care
2015-12,JPM,2,Financials
2015-12,KBH,2,Unknown
2015-12,KDP,1,Consumer Staples
2015-12,KEY,1,Financials
2015-12,KG,1,Unknown
2015-12,KIM,1,Real Estate
2015-12,KKR,2,Financials
2015-12,KLAC,1,Information Technology
2015-12,KMB,1,Consumer Staples
2015-12,KMG,1,Unknown
2015-12,KMX,1,Consumer Discretionary
2015-12,KO,1,Consumer Staples
2015-12,KR,1,Consumer Staples
2015-12,KSS,2,Unknown
2015-12,L,1,Financials
2015-12,LDOS,1,Industrials
2015-12,LEG,1,Unknown
2015-12,LEN,1,Consumer Discretionary
2015-12,LH,1,Health Care
2015-12,LHX,2,Industrials
2015-12,LII,1,Industrials
2015-12,LIN,1,Materials
2015-12,LKQ,1,Consumer Discretionary
2015-12,LLY,1,Health Care
2015-12,LMT,1,Industrials
2015-12,LNC,2,Financials
2015-12,LNT,1,Utilities
2015-12,LOW,1,Consumer Discretionary
2015-12,LPX,1,Materials
2015-12,LRCX,1,Information Technology
2015-12,LULU,2,Consumer Discretionary
2015-12,LUMN,1,Unknown
2015-12,LUV,1,Industrials
2015-12,LVS,2,Consumer Discretionary
2015-12,LYB,2,Materials
2015-12,LYV,1,Communication Services
2015-12,M,1,Consumer Discretionary
2015-12,MA,1,Financials
2015-12,MAA,1,Real Estate
2015-12,MAC,1,Unknown
2015-12,MAR,1,Consumer Discretionary
2015-12,MAS,2,Industrials
2015-12,MAT,1,Consumer Discretionary
2015-12,MBI,2,Unknown
2015-12,MCD,1,Consumer Discretionary
2015-12,MCHP,1,Information Technology
2015-12,MCK,1,Health Care
2015-12,MCO,1,Financials
2015-12,MDLZ,1,Consumer Staples
2015-12,MDT,1,Health Care
2015-12,MET,2,Financials
2015-12,MGM,2,Consumer Discretionary
2015-12,MHK,1,Consumer Discretionary
2015-12,MKC,1,Consumer Staples
2015-12,MKTX,1,Financials
2015-12,MLM,2,Materials
2015-12,MMM,1,Industrials
2015-12,MNST,1,Consumer Staples
2015-12,MO,1,Consumer Staples
2015-12,MOH,2,Health Care
2015-12,MOS,2,Materials
2015-12,MPWR,2,Information Technology
2015-12,MRK,1,Health Care
2015-12,MS,2,Financials
2015-12,MSCI,1,Financials
2015-12,MSFT,2,Information Technology
2015-12,MSI,1,Information Technology
2015-12,MTB,1,Financials
2015-12,MTCH,1,Communication Services
2015-12,MTD,1,Health Care
2015-12,MTG,1,Financials
2015-12,MTW,2,Unknown
2015-12,MU,2,Information Technology
2015-12,MUR,2,Unknown
2015-12,NBR,2,Unknown
2015-12,NC,1,Unknown
2015-12,NDAQ,1,Financials
2015-12,NDSN,2,Industrials
2015-12,NEE,1,Utilities
2015-12,NFX,2,Unknown
2015-12,NI,1,Utilities
2015-12,NKE,1,Consumer Discretionary
2015-12,NKTR,1,Unknown
2015-12,NOC,1,Industrials
2015-12,NOV,2,Energy
2015-12,NRG,1,Utilities
2015-12,NSC,1,Industrials
2015-12,NTAP,2,Information Technology
2015-12,NTRS,1,Financials
2015-12,NUE,1,Materials
2015-12,NVDA,2,Information Technology
2015-12,NVR,1,Consumer Discretionary
2015-12,NWL,1,Consumer Discretionary
2015-12,NXPI,2,Unknown
2015-12,NYT,2,Communication Services
2015-12,O,1,Real Estate
2015-12,ODFL,1,Industrials
2015-12,OI,2,Unknown
2015-12,OKE,1,Energy
2015-12,OMC,1,Communication Services
2015-12,ON,2,Information Technology
2015-12,ORCL,1,Information Technology
2015-12,ORLY,1,Consumer Discretionary
2015-12,OXY,2,Energy
2015-12,PAYX,1,Industrials
2015-12,PBI,1,Unknown
2015-12,PCAR,2,Industrials
2015-12,PCG,1,Utilities
2015-12,PEG,1,Utilities
2015-12,PENN,1,Consumer Discretionary
2015-12,PEP,1,Consumer Staples
2015-12,PFE,1,Health Care
2015-12,PFG,2,Financials
2015-12,PG,1,Consumer Staples
2015-12,PGR,1,Financials
2015-12,PH,1,Industrials
2015-12,PHM,1,Consumer Discretionary
2015-12,PKG,1,Materials
2015-12,PLD,1,Real Estate
2015-12,PM,1,Consumer Staples
2015-12,PNC,1,Financials
2015-12,PNR,1,Industrials
2015-12,PNW,1,Utilities
2015-12,PODD,1,Health Care
2015-12,POOL,1,Consumer Discretionary
2015-12,PPG,1,Materials
2015-12,PPL,1,Utilities
2015-12,PRGO,1,Health Care
2015-12,PRU,2,Financials
2015-12,PSA,1,Real Estate
2015-12,PSKY,1,Unknown
2015-12,PTC,2,Information Technology
2015-12,PTV,3,Unknown
2015-12,PVH,2,Consumer Discretionary
2015-12,PWJ,1,Unknown
2015-12,PWR,1,Industrials
2015-12,QCOM,1,Information Technology
2015-12,R,2,Industrials
2015-12,RCL,2,Consumer Discretionary
2015-12,REG,1,Real Estate
2015-12,REGN,1,Health Care
2015-12,RF,2,Financials
2015-12,RHI,1,Industrials
2015-12,RIG,2,Unknown
2015-12,RJF,1,Financials
2015-12,RL,2,Consumer Discretionary
2015-12,RMD,1,Health Care
2015-12,ROK,1,Industrials
2015-12,ROL,1,Industrials
2015-12,ROP,1,Industrials
2015-12,ROST,1,Consumer Discretionary
2015-12,RRC,2,Energy
2015-12,RSG,1,Industrials
2015-12,RTX,1,Industrials
2015-12,RVTY,1,Health Care
2015-12,SANM,2,Unknown
2015-12,SBAC,1,Real Estate
2015-12,SBUX,1,Consumer Discretionary
2015-12,SCHW,2,Financials
2015-12,SCI,1,Consumer Discretionary
2015-12,SDS,1,Unknown
2015-12,SHW,1,Materials
2015-12,SIG,1,Unknown
2015-12,SII,2,Unknown
2015-12,SJM,1,Consumer Staples
2015-12,SLB,2,Energy
2015-12,SLG,1,Unknown
2015-12,SLM,1,Financials
2015-12,SMCI,1,Information Technology
2015-12,SNA,1,Industrials
2015-12,SNPS,1,Information Technology
2015-12,SO,1,Utilities
2015-12,SPG,1,Real Estate
2015-12,SPGI,1,Financials
2015-12,SRE,1,Utilities
2015-12,SSP,2,Unknown
2015-12,STE,1,Health Care
2015-12,STLD,2,Materials
2015-12,STT,1,Financials
2015-12,STX,2,Unknown
2015-12,STZ,1,Consumer Staples
2015-12,SUB,1,Unknown
2015-12,SVU,1,Unknown
2015-12,SW,2,Materials
2015-12,SWK,2,Industrials
2015-12,SWKS,2,Information Technology
2015-12,SYK,1,Health Care
2015-12,SYY,1,Consumer Staples
2015-12,T,1,Communication Services
2015-12,TAP,1,Consumer Staples
2015-12,TDC,2,Information Technology
2015-12,TDG,1,Industrials
2015-12,TDY,1,Industrials
2015-12,TECH,1,Health Care
2015-12,TEL,2,Unknown
2015-12,TER,2,Information Technology
2015-12,TEX,2,Unknown
2015-12,TFC,1,Financials
2015-12,TFX,1,Health Care
2015-12,TGT,1,Consumer Staples
2015-12,THC,1,Health Care
2015-12,TJX,1,Consumer Discretionary
2015-12,TKO,2,Communication Services
2015-12,TKR,1,Industrials
2015-12,TMO,1,Health Care
2015-12,TMUS,2,Communication Services
2015-12,TPL,2,Energy
2015-12,TPR,1,Consumer Discretionary
2015-12,TRGP,2,Energy
2015-12,TRMB,2,Information Technology
2015-12,TROW,1,Financials
2015-12,TRV,1,Financials
2015-12,TSCO,1,Consumer Discretionary
2015-12,TSLA,2,Consumer Discretionary
2015-12,TSN,1,Consumer Staples
2015-12,TT,1,Industrials
2015-12,TTWO,2,Communication Services
2015-12,TWX,1,Unknown
2015-12,TX,2,Unknown
2015-12,TXN,1,Information Technology
2015-12,TXT,2,Industrials
2015-12,TYL,1,Information Technology
2015-12,UAA,2,Consumer Discretionary
2015-12,UAL,1,Industrials
2015-12,UDR,1,Real Estate
2015-12,UHS,1,Health Care
2015-12,UIS,2,Unknown
2015-12,ULTA,1,Consumer Discretionary
2015-12,UNH,1,Health Care
2015-12,UNM,1,Financials
2015-12,UNP,1,Industrials
2015-12,UPS,1,Industrials
2015-12,URBN,2,Unknown
2015-12,URI,2,Industrials
2015-12,USB,1,Financials
2015-12,UST,1,Unknown
2015-12,V,1,Financials
2015-12,VFC,1,Consumer Discretionary
2015-12,VIAV,2,Unknown
2015-12,VLO,2,Energy
2015-12,VMC,1,Materials
2015-12,VNO,1,Real Estate
2015-12,VO,1,Unknown
2015-12,VRSK,1,Industrials
2015-12,VRSN,1,Information Technology
2015-12,VRTS,2,Unknown
2015-12,VRTX,1,Health Care
2015-12,VTR,1,Real Estate
2015-12,VTRS,1,Health Care
2015-12,VZ,1,Communication Services
2015-12,WAB,1,Industrials
2015-12,WAT,1,Health Care
2015-12,WBD,1,Communication Services
2015-12,WDC,2,Information Technology
2015-12,WEC,1,Utilities
2015-12,WELL,1,Real Estate
2015-12,WEN,1,Consumer Discretionary
2015-12,WFC,1,Financials
2015-12,WHR,2,Consumer Discretionary
2015-12,WM,1,Industrials
2015-12,WMB,1,Energy
2015-12,WMT,1,Consumer Staples
2015-12,WOR,1,Unknown
2015-12,WRB,1,Financials
2015-12,WSM,1,Consumer Discretionary
2015-12,WST,1,Health Care
2015-12,WTW,1,Financials
2015-12,WU,2,Information Technology
2015-12,WY,1,Real Estate
2015-12,WYNN,2,Consumer Discretionary
2015-12,XEL,1,Utilities
2015-12,XOM,1,Energy
2015-12,XRAY,1,Health Care
2015-12,XRX,1,Unknown
2015-12,YUM,1,Consumer Discretionary
2015-12,ZBH,1,Health Care
2015-12,ZBRA,2,Information Technology
2015-12,ZION,2,Financials
2016-12,A,1,Health Care
2016-12,AAL,1,Industrials
2016-12,AAP,1,Unknown
2016-12,AAPL,1,Information Technology
2016-12,ABT,1,Health Care
2016-12,ACGL,1,Financials
2016-12,ACN,1,Information Technology
2016-12,ADBE,1,Information Technology
2016-12,ADI,1,Information Technology
2016-12,ADM,1,Consumer Staples
2016-12,ADP,1,Industrials
2016-12,ADSK,1,Information Technology
2016-12,AEE,1,Utilities
2016-12,AEP,1,Utilities
2016-12,AES,1,Utilities
2016-12,AET,1,Unknown
2016-12,AFL,1,Financials
2016-12,AIG,2,Financials
2016-12,AIV,1,Unknown
2016-12,AIZ,2,Financials
2016-12,AJG,1,Financials
2016-12,AKAM,2,Information Technology
2016-12,AL,1,Industrials
2016-12,ALB,1,Materials
2016-12,ALGN,1,Health Care
2016-12,ALK,1,Industrials
2016-12,ALL,1,Financials
2016-12,AMAT,1,Information Technology
2016-12,AMD,3,Information Technology
2016-12,AME,1,Industrials
2016-12,AMG,2,Financials
2016-12,AMGN,1,Health Care
2016-12,AMP,1,Financials
2016-12,AMT,1,Real Estate
2016-12,AMZN,1,Consumer Discretionary
2016-12,AN,1,Consumer Discretionary
2016-12,ANDV,2,Unknown
2016-12,ANF,1,Unknown
2016-12,AON,1,Financials
2016-12,AOS,1,Industrials
2016-12,APA,2,Energy
2016-12,APD,1,Materials
2016-12,APH,1,Information Technology
2016-12,APO,1,Financials
2016-12,APTV,1,Consumer Discretionary
2016-12,ARE,1,Real Estate
2016-12,ASH,1,Materials
2016-12,ATI,3,Industrials
2016-12,ATO,1,Utilities
2016-12,AVB,1,Real Estate
2016-12,AVGO,1,Information Technology
2016-12,AVY,1,Materials
2016-12,AWK,1,Utilities
2016-12,AXON,1,Industrials
2016-12,AXP,2,Financials
2016-12,AYI,1,Industrials
2016-12,AZO,1,Consumer Discretionary
2016-12,BA,1,Industrials
2016-12,BAC,2,Financials
2016-12,BALL,1,Materials
2016-12,BAX,1,Health Care
2016-12,BBBY,1,Unknown
2016-12,BBT,2,Unknown
2016-12,BBWI,1,Consumer Discretionary
2016-12,BBY,1,Consumer Discretionary
2016-12,BC,1,Consumer Discretionary
2016-12,BDX,1,Health Care
2016-12,BEN,1,Financials
2016-12,BF.B,1,Consumer Staples
2016-12,BG,2,Consumer Staples
2016-12,BIIB,1,Health Care
2016-12,BIO,1,Health Care
2016-12,BK,2,Unknown
2016-12,BKNG,1,Consumer Discretionary
2016-12,BKR,1,Energy
2016-12,BLDR,2,Industrials
2016-12,BLK,1,Financials
2016-12,BMS,1,Unknown
2016-12,BMY,1,Health Care
2016-12,BR,1,Industrials
2016-12,BRK.B,1,Financials
2016-12,BRO,1,Financials
2016-12,BSX,1,Health Care
2016-12,BUD,1,Unknown
2016-12,BWA,1,Consumer Discretionary
2016-12,BX,1,Financials
2016-12,BXP,1,Real Estate
2016-12,C,2,Financials
2016-12,CAG,1,Consumer Staples
2016-12,CAH,1,Health Care
2016-12,CAR,1,Industrials
2016-12,CAT,1,Industrials
2016-12,CB,1,Financials
2016-12,CBOE,1,Financials
2016-12,CBRE,1,Real Estate
2016-12,CCEP,1,Unknown
2016-12,CCI,1,Real Estate
2016-12,CCK,1,Materials
2016-12,CCL,1,Consumer Discretionary
2016-12,CCU,1,Unknown
2016-12,CDNS,1,Information Technology
2016-12,CE,2,Materials
2016-12,CF,1,Materials
2016-12,CHD,1,Consumer Staples
2016-12,CHRW,1,Industrials
2016-12,CHTR,1,Communication Services
2016-12,CI,1,Health Care
2016-12,CIEN,1,Information Technology
2016-12,CIN,3,Unknown
2016-12,CINF,1,Financials
2016-12,CL,1,Consumer Staples
2016-12,CLF,3,Materials
2016-12,CLX,1,Consumer Staples
2016-12,CMCSA,1,Communication Services
2016-12,CME,1,Financials
2016-12,CMG,1,Consumer Discretionary
2016-12,CMI,1,Industrials
2016-12,CMS,1,Utilities
2016-12,CMX,1,Unknown
2016-12,CNC,1,Health Care
2016-12,CNP,1,Utilities
2016-12,CNX,2,Unknown
2016-12,COF,2,Financials
2016-12,COO,1,Health Care
2016-12,COP,2,Energy
2016-12,COR,1,Health Care
2016-12,COST,1,Consumer Staples
2016-12,CPAY,1,Financials
2016-12,CPB,1,Consumer Staples
2016-12,CPRI,1,Unknown
2016-12,CPRT,1,Industrials
2016-12,CPT,1,Real Estate
2016-12,CRH,2,Materials
2016-12,CRL,1,Health Care
2016-12,CRM,2,Information Technology
2016-12,CSCO,1,Information Technology
2016-12,CSGP,1,Real Estate
2016-12,CSR,1,Unknown
2016-12,CSX,1,Industrials
2016-12,CTAS,1,Industrials
2016-12,CTRA,1,Unknown
2016-12,CTSH,2,Information Technology
2016-12,CVS,1,Health Care
2016-12,CVX,1,Energy
2016-12,D,1,Utilities
2016-12,DAL,1,Industrials
2016-12,DD,2,Materials
2016-12,DDR,1,Unknown
2016-12,DDS,1,Consumer Discretionary
2016-12,DE,1,Industrials
2016-12,DECK,1,Consumer Discretionary
2016-12,DG,1,Consumer Staples
2016-12,DGX,1,Health Care
2016-12,DHI,1,Consumer Discretionary
2016-12,DHR,1,Health Care
2016-12,DIS,1,Communication Services
2016-12,DLR,1,Real Estate
2016-12,DLTR,1,Consumer Staples
2016-12,DLX,1,Unknown
2016-12,DOC,1,Real Estate
2016-12,DOV,1,Industrials
2016-12,DPZ,1,Consumer Discretionary
2016-12,DRI,1,Consumer Discretionary
2016-12,DTE,1,Utilities
2016-12,DUK,1,Utilities
2016-12,DVA,1,Health Care
2016-12,DVN,2,Energy
2016-12,DXC,2,Information Technology
2016-12,DXCM,1,Health Care
2016-12,EA,2,Communication Services
2016-12,EBAY,1,Consumer Discretionary
2016-12,EC,2,Unknown
2016-12,ECL,1,Materials
2016-12,ED,1,Utilities
2016-12,EFU,1,Unknown
2016-12,EFX,1,Industrials
2016-12,EG,1,Financials
2016-12,EHC,1,Health Care
2016-12,EIX,1,Utilities
2016-12,EL,1,Consumer Staples
2016-12,ELV,1,Health Care
2016-12,EME,1,Industrials
2016-12,EMN,2,Materials
2016-12,EMR,1,Industrials
2016-12,EOG,2,Energy
2016-12,EQIX,1,Real Estate
2016-12,EQR,1,Real Estate
2016-12,EQT,1,Energy
2016-12,ERIE,1,Unknown
2016-12,ES,1,Utilities
2016-12,ESRX,1,Unknown
2016-12,ESS,1,Real Estate
2016-12,ETN,1,Industrials
2016-12,ETR,1,Utilities
2016-12,EVRG,1,Utilities
2016-12,EW,1,Health Care
2016-12,EXC,1,Utilities
2016-12,EXPD,1,Industrials
2016-12,EXPE,1,Consumer Discretionary
2016-12,EXR,1,Real Estate
2016-12,F,2,Consumer Discretionary
2016-12,FAST,1,Industrials
2016-12,FCX,3,Materials
2016-12,FDS,1,Financials
2016-12,FDX,2,Industrials
2016-12,FE,1,Utilities
2016-12,FFIV,2,Information Technology
2016-12,FHN,2,Financials
2016-12,FICO,1,Information Technology
2016-12,FIS,1,Financials
2016-12,FISV,1,Financials
2016-12,FITB,2,Financials
2016-12,FIX,1,Industrials
2016-12,FLR,2,Unknown
2016-12,FLS,1,Industrials
2016-12,FMC,1,Materials
2016-12,FMCC,3,Unknown
2016-12,FNMA,3,Unknown
2016-12,FOSL,1,Unknown
2016-12,FRT,1,Real Estate
2016-12,FSLR,2,Information Technology
2016-12,FTI,2,Energy
2016-12,FTNT,2,Information Technology
2016-12,G,1,Industrials
2016-12,GD,1,Industrials
2016-12,GE,1,Industrials
2016-12,GEN,1,Information Technology
2016-12,GENZ,1,Unknown
2016-12,GHC,1,Unknown
2016-12,GILD,1,Health Care
2016-12,GIS,1,Consumer Staples
2016-12,GL,2,Financials
2016-12,GLW,1,Information Technology
2016-12,GM,2,Consumer Discretionary
2016-12,GME,1,Consumer Discretionary
2016-12,GNRC,1,Industrials
2016-12,GNW,2,Unknown
2016-12,GOOG,1,Communication Services
2016-12,GOOGL,1,Communication Services
2016-12,GPC,1,Consumer Discretionary
2016-12,GPN,1,Financials
2016-12,GR,3,Unknown
2016-12,GRMN,1,Consumer Discretionary
2016-12,GS,2,Financials
2016-12,GT,1,Unknown
2016-12,GTE,2,Unknown
2016-12,GWW,1,Industrials
2016-12,H,1,Consumer Discretionary
2016-12,HAL,2,Energy
2016-12,HAS,1,Consumer Discretionary
2016-12,HBAN,2,Financials
2016-12,HCA,1,Health Care
2016-12,HD,1,Consumer Discretionary
2016-12,HIG,2,Financials
2016-12,HII,1,Industrials
2016-12,HOG,1,Consumer Discretionary
2016-12,HON,1,Industrials
2016-12,HP,2,Unknown
2016-12,HPQ,1,Information Technology
2016-12,HRB,1,Consumer Discretionary
2016-12,HRL,1,Consumer Staples
2016-12,HSIC,1,Health Care
2016-12,HST,1,Real Estate
2016-12,HSY,1,Consumer Staples
2016-12,HUBB,1,Industrials
2016-12,HUM,1,Health Care
2016-12,IBKR,1,Financials
2016-12,IBM,1,Information Technology
2016-12,ICE,1,Financials
2016-12,IDXX,1,Health Care
2016-12,IEX,1,Industrials
2016-12,IFF,1,Materials
2016-12,ILMN,1,Health Care
2016-12,INCY,1,Health Care
2016-12,INTC,1,Information Technology
2016-12,INTU,1,Information Technology
2016-12,IP,1,Materials
2016-12,IPGP,1,Information Technology
2016-12,IRM,1,Real Estate
2016-12,ISRG,1,Health Care
2016-12,IT,1,Information Technology
2016-12,ITT,2,Industrials
2016-12,ITW,1,Industrials
2016-12,IVZ,2,Financials
2016-12,J,2,Industrials
2016-12,JBHT,1,Industrials
2016-12,JBL,1,Information Technology
2016-12,JCI,1,Industrials
2016-12,JEF,2,Financials
2016-12,JKHY,1,Financials
2016-12,JNJ,1,Health Care
2016-12,JPM,2,Financials
2016-12,KBH,1,Unknown
2016-12,KDP,1,Consumer Staples
2016-12,KEY,2,Financials
2016-12,KG,1,Unknown
2016-12,KIM,1,Real Estate
2016-12,KKR,2,Financials
2016-12,KLAC,1,Information Technology
2016-12,KMB,1,Consumer Staples
2016-12,KMG,1,Unknown
2016-12,KMI,1,Energy
2016-12,KMX,1,Consumer Discretionary
2016-12,KO,1,Consumer Staples
2016-12,KR,1,Consumer Staples
2016-12,KSS,2,Unknown
2016-12,L,2,Financials
2016-12,LDOS,1,Industrials
2016-12,LEG,1,Unknown
2016-12,LEN,1,Consumer Discretionary
2016-12,LH,1,Health Care
2016-12,LHX,2,Industrials
2016-12,LII,1,Industrials
2016-12,LIN,1,Materials
2016-12,LKQ,1,Consumer Discretionary
2016-12,LLY,1,Health Care
2016-12,LMT,1,Industrials
2016-12,LNC,2,Financials
2016-12,LNT,1,Utilities
2016-12,LOW,1,Consumer Discretionary
2016-12,LPX,1,Materials
2016-12,LRCX,1,Information Technology
2016-12,LULU,1,Consumer Discretionary
2016-12,LUMN,1,Unknown
2016-12,LUV,1,Industrials
2016-12,LVS,1,Consumer Discretionary
2016-12,LYB,2,Materials
2016-12,LYV,1,Communication Services
2016-12,M,1,Consumer Discretionary
2016-12,MA,1,Financials
2016-12,MAA,1,Real Estate
2016-12,MAC,1,Unknown
2016-12,MAR,1,Consumer Discretionary
2016-12,MAS,1,Industrials
2016-12,MAT,2,Consumer Discretionary
2016-12,MBI,3,Unknown
2016-12,MCD,1,Consumer Discretionary
2016-12,MCHP,2,Information Technology
2016-12,MCK,1,Health Care
2016-12,MCO,1,Financials
2016-12,MDLZ,1,Consumer Staples
2016-12,MDT,1,Health Care
2016-12,MET,2,Financials
2016-12,MGM,2,Consumer Discretionary
2016-12,MHK,1,Consumer Discretionary
2016-12,MKC,1,Consumer Staples
2016-12,MKTX,1,Financials
2016-12,MLM,2,Materials
2016-12,MMM,1,Industrials
2016-12,MNST,1,Consumer Staples
2016-12,MO,1,Consumer Staples
2016-12,MOH,1,Health Care
2016-12,MOS,1,Materials
2016-12,MPC,1,Energy
2016-12,MPWR,2,Information Technology
2016-12,MRK,1,Health Care
2016-12,MS,2,Financials
2016-12,MSCI,1,Financials
2016-12,MSFT,2,Information Technology
2016-12,MSI,1,Information Technology
2016-12,MTB,2,Financials
2016-12,MTCH,1,Communication Services
2016-12,MTD,1,Health Care
2016-12,MTG,2,Financials
2016-12,MTW,2,Unknown
2016-12,MU,2,Information Technology
2016-12,MUR,2,Unknown
2016-12,NBR,2,Unknown
2016-12,NC,1,Unknown
2016-12,NDAQ,1,Financials
2016-12,NDSN,2,Industrials
2016-12,NEE,1,Utilities
2016-12,NFLX,2,Communication Services
2016-12,NFX,1,Unknown
2016-12,NI,1,Utilities
2016-12,NKE,1,Consumer Discretionary
2016-12,NKTR,1,Unknown
2016-12,NOC,1,Industrials
2016-12,NOV,2,Energy
2016-12,NRG,2,Utilities
2016-12,NSC,1,Industrials
2016-12,NTAP,2,Information Technology
2016-12,NTRS,2,Financials
2016-12,NUE,1,Materials
2016-12,NVDA,1,Information Technology
2016-12,NVR,1,Consumer Discretionary
2016-12,NWL,1,Consumer Discretionary
2016-12,NXPI,2,Unknown
2016-12,NYT,1,Communication Services
2016-12,O,1,Real Estate
2016-12,ODFL,1,Industrials
2016-12,OI,2,Unknown
2016-12,OK,3,Unknown
2016-12,OKE,1,Energy
2016-12,OMC,1,Communication Services
2016-12,ON,2,Information Technology
2016-12,ORCL,1,Information Technology
2016-12,ORLY,1,Consumer Discretionary
2016-12,OXY,2,Energy
2016-12,PAYX,1,Industrials
2016-12,PBI,1,Unknown
2016-12,PCAR,1,Industrials
2016-12,PCG,1,Utilities
2016-12,PEG,1,Utilities
2016-12,PENN,1,Consumer Discretionary
2016-12,PEP,1,Consumer Staples
2016-12,PFE,1,Health Care
2016-12,PFG,2,Financials
2016-12,PG,1,Consumer Staples
2016-12,PGR,1,Financials
2016-12,PH,1,Industrials
2016-12,PHM,1,Consumer Discretionary
2016-12,PKG,1,Materials
2016-12,PLD,1,Real Estate
2016-12,PM,1,Consumer Staples
2016-12,PNC,2,Financials
2016-12,PNR,1,Industrials
2016-12,PNW,1,Utilities
2016-12,PODD,1,Health Care
2016-12,POOL,1,Consumer Discretionary
2016-12,PPG,1,Materials
2016-12,PPL,1,Utilities
2016-12,PRGO,1,Health Care
2016-12,PRU,2,Financials
2016-12,PSA,1,Real Estate
2016-12,PSKY,1,Unknown
2016-12,PTC,2,Information Technology
2016-12,PVH,2,Consumer Discretionary
2016-12,PWJ,1,Unknown
2016-12,PWR,2,Industrials
2016-12,QCOM,1,Information Technology
2016-12,R,2,Industrials
2016-12,RCL,1,Consumer Discretionary
2016-12,REG,1,Real Estate
2016-12,REGN,1,Health Care
2016-12,RF,2,Financials
2016-12,RHI,1,Industrials
2016-12,RIG,2,Unknown
2016-12,RJF,2,Financials
2016-12,RL,2,Consumer Discretionary
2016-12,RMD,1,Health Care
2016-12,ROK,1,Industrials
2016-12,ROL,1,Industrials
2016-12,ROP,1,Industrials
2016-12,ROST,1,Consumer Discretionary
2016-12,RRC,1,Energy
2016-12,RSG,1,Industrials
2016-12,RTX,1,Industrials
2016-12,RVTY,1,Health Care
2016-12,SANM,1,Unknown
2016-12,SBAC,1,Real Estate
2016-12,SBUX,1,Consumer Discretionary
2016-12,SCHW,2,Financials
2016-12,SCI,1,Consumer Discretionary
2016-12,SDS,1,Unknown
2016-12,SHW,1,Materials
2016-12,SIG,1,Unknown
2016-12,SII,1,Unknown
2016-12,SJM,1,Consumer Staples
2016-12,SLB,2,Energy
2016-12,SLG,1,Unknown
2016-12,SLM,2,Financials
2016-12,SNA,1,Industrials
2016-12,SNPS,1,Information Technology
2016-12,SO,1,Utilities
2016-12,SPG,1,Real Estate
2016-12,SPGI,1,Financials
2016-12,SRE,1,Utilities
2016-12,SSP,1,Unknown
2016-12,STE,1,Health Care
2016-12,STLD,2,Materials
2016-12,STT,2,Financials
2016-12,STX,1,Unknown
2016-12,STZ,1,Consumer Staples
2016-12,SUB,1,Unknown
2016-12,SVU,1,Unknown
2016-12,SW,2,Materials
2016-12,SWK,1,Industrials
2016-12,SWKS,1,Information Technology
2016-12,SYK,1,Health Care
2016-12,SYY,1,Consumer Staples
2016-12,T,1,Communication Services
2016-12,TAP,1,Consumer Staples
2016-12,TDC,1,Information Technology
2016-12,TDG,1,Industrials
2016-12,TDY,1,Industrials
2016-12,TECH,1,Health Care
2016-12,TEL,1,Unknown
2016-12,TER,2,Information Technology
2016-12,TEX,2,Unknown
2016-12,TFC,2,Financials
2016-12,TFX,1,Health Care
2016-12,TGT,1,Consumer Staples
2016-12,THC,1,Health Care
2016-12,TJX,1,Consumer Discretionary
2016-12,TKO,1,Communication Services
2016-12,TKR,1,Industrials
2016-12,TMO,1,Health Care
2016-12,TMUS,2,Communication Services
2016-12,TPL,1,Energy
2016-12,TPR,1,Consumer Discretionary
2016-12,TRGP,2,Energy
2016-12,TRIP,1,Unknown
2016-12,TRMB,1,Information Technology
2016-12,TROW,1,Financials
2016-12,TRV,1,Financials
2016-12,TSCO,1,Consumer Discretionary
2016-12,TSLA,2,Consumer Discretionary
2016-12,TSN,1,Consumer Staples
2016-12,TT,1,Industrials
2016-12,TTWO,1,Communication Services
2016-12,TWX,1,Unknown
2016-12,TX,2,Unknown
2016-12,TXN,1,Information Technology
2016-12,TXT,1,Industrials
2016-12,TYL,1,Information Technology
2016-12,UAA,1,Consumer Discretionary
2016-12,UAL,1,Industrials
2016-12,UDR,1,Real Estate
2016-12,UHS,1,Health Care
2016-12,UIS,1,Unknown
2016-12,ULTA,1,Consumer Discretionary
2016-12,UNH,1,Health Care
2016-12,UNM,2,Financials
2016-12,UNP,1,Industrials
2016-12,UPS,1,Industrials
2016-12,URBN,1,Unknown
2016-12,URI,2,Industrials
2016-12,USB,2,Financials
2016-12,UST,1,Unknown
2016-12,V,1,Financials
2016-12,VFC,1,Consumer Discretionary
2016-12,VIAV,1,Unknown
2016-12,VLO,2,Energy
2016-12,VMC,1,Materials
2016-12,VNO,1,Real Estate
2016-12,VO,1,Unknown
2016-12,VRSK,1,Industrials
2016-12,VRSN,1,Information Technology
2016-12,VRTS,2,Unknown
2016-12,VRTX,1,Health Care
2016-12,VTR,1,Real Estate
2016-12,VTRS,1,Health Care
2016-12,VZ,1,Communication Services
2016-12,WAB,1,Industrials
2016-12,WAT,1,Health Care
2016-12,WBD,1,Communication Services
2016-12,WDC,2,Information Technology
2016-12,WEC,1,Utilities
2016-12,WELL,1,Real Estate
2016-12,WEN,1,Consumer Discretionary
2016-12,WFC,2,Financials
2016-12,WHR,1,Consumer Discretionary
2016-12,WM,1,Industrials
2016-12,WMB,2,Energy
2016-12,WMT,1,Consumer Staples
2016-12,WOR,1,Unknown
2016-12,WRB,1,Financials
2016-12,WSM,1,Consumer Discretionary
2016-12,WST,1,Health Care
2016-12,WTW,1,Financials
2016-12,WU,1,Information Technology
2016-12,WY,1,Real Estate
2016-12,WYNN,1,Consumer Discretionary
2016-12,XEL,1,Utilities
2016-12,XOM,1,Energy
2016-12,XRAY,1,Health Care
2016-12,XRX,1,Unknown
2016-12,XYL,1,Industrials
2016-12,YUM,1,Consumer Discretionary
2016-12,ZBH,1,Health Care
2016-12,ZBRA,1,Information Technology
2016-12,ZION,2,Financials
2017-12,A,2,Health Care
2017-12,AAL,3,Industrials
2017-12,AAP,3,Unknown
2017-12,AAPL,3,Information Technology
2017-12,ABT,3,Health Care
2017-12,ACGL,3,Financials
2017-12,ACN,2,Information Technology
2017-12,ADBE,2,Information Technology
2017-12,ADI,3,Information Technology
2017-12,ADM,3,Consumer Staples
2017-12,ADP,2,Industrials
2017-12,ADSK,2,Information Technology
2017-12,AEE,3,Utilities
2017-12,AEP,3,Utilities
2017-12,AES,3,Utilities
2017-12,AET,3,Unknown
2017-12,AFL,3,Financials
2017-12,AIG,2,Financials
2017-12,AIV,3,Unknown
2017-12,AIZ,2,Financials
2017-12,AJG,3,Financials
2017-12,AKAM,2,Information Technology
2017-12,AL,3,Industrials
2017-12,ALB,2,Materials
2017-12,ALGN,3,Health Care
2017-12,ALK,3,Industrials
2017-12,ALL,3,Financials
2017-12,AMAT,3,Information Technology
2017-12,AMCR,2,Materials
2017-12,AMD,2,Information Technology
2017-12,AME,3,Industrials
2017-12,AMG,3,Financials
2017-12,AMGN,2,Health Care
2017-12,AMP,3,Financials
2017-12,AMT,3,Real Estate
2017-12,AMZN,2,Consumer Discretionary
2017-12,AN,3,Consumer Discretionary
2017-12,ANDV,2,Unknown
2017-12,ANF,3,Unknown
2017-12,AON,2,Financials
2017-12,AOS,3,Industrials
2017-12,APA,2,Energy
2017-12,APD,3,Materials
2017-12,APH,3,Information Technology
2017-12,APO,3,Financials
2017-12,APTV,3,Consumer Discretionary
2017-12,ARE,3,Real Estate
2017-12,ASH,3,Materials
2017-12,ATI,3,Industrials
2017-12,ATO,3,Utilities
2017-12,AVB,3,Real Estate
2017-12,AVGO,2,Information Technology
2017-12,AVY,3,Materials
2017-12,AWK,3,Utilities
2017-12,AXON,3,Industrials
2017-12,AXP,2,Financials
2017-12,AYI,2,Industrials
2017-12,AZO,3,Consumer Discretionary
2017-12,BA,2,Industrials
2017-12,BAC,2,Financials
2017-12,BALL,2,Materials
2017-12,BAX,3,Health Care
2017-12,BBBY,3,Unknown
2017-12,BBT,3,Unknown
2017-12,BBWI,3,Consumer Discretionary
2017-12,BBY,3,Consumer Discretionary
2017-12,BC,3,Consumer Discretionary
2017-12,BDX,2,Health Care
2017-12,BEN,3,Financials
2017-12,BF.B,3,Consumer Staples
2017-12,BG,2,Consumer Staples
2017-12,BIIB,3,Health Care
2017-12,BIO,3,Health Care
2017-12,BK,2,Unknown
2017-12,BKNG,2,Consumer Discretionary
2017-12,BKR,2,Energy
2017-12,BLDR,2,Industrials
2017-12,BLK,2,Financials
2017-12,BMS,3,Unknown
2017-12,BMY,3,Health Care
2017-12,BR,3,Industrials
2017-12,BRK.B,2,Financials
2017-12,BRO,3,Financials
2017-12,BSX,2,Health Care
2017-12,BUD,3,Unknown
2017-12,BWA,3,Consumer Discretionary
2017-12,BX,2,Financials
2017-12,BXP,3,Real Estate
2017-12,C,2,Financials
2017-12,CAG,3,Consumer Staples
2017-12,CAH,2,Health Care
2017-12,CAR,3,Industrials
2017-12,CAT,3,Industrials
2017-12,CB,2,Financials
2017-12,CBOE,3,Financials
2017-12,CBRE,3,Real Estate
2017-12,CCEP,2,Unknown
2017-12,CCI,3,Real Estate
2017-12,CCK,2,Materials
2017-12,CCL,3,Consumer Discretionary
2017-12,CCU,3,Unknown
2017-12,CDNS,2,Information Technology
2017-12,CE,2,Materials
2017-12,CF,2,Materials
2017-12,CG,3,Financials
2017-12,CHD,3,Consumer Staples
2017-12,CHRW,3,Industrials
2017-12,CHTR,2,Communication Services
2017-12,CI,3,Health Care
2017-12,CIEN,3,Information Technology
2017-12,CINF,3,Financials
2017-12,CL,3,Consumer Staples
2017-12,CLX,3,Consumer Staples
2017-12,CMCSA,3,Communication Services
2017-12,CME,3,Financials
2017-12,CMG,3,Consumer Discretionary
2017-12,CMI,3,Industrials
2017-12,CMS,3,Utilities
2017-12,CMX,3,Unknown
2017-12,CNC,2,Health Care
2017-12,CNG,2,Unknown
2017-12,CNP,3,Utilities
2017-12,CNX,2,Unknown
2017-12,COF,2,Financials
2017-12,COMS,1,Unknown
2017-12,COO,3,Health Care
2017-12,COP,2,Energy
2017-12,COR,3,Health Care
2017-12,COST,3,Consumer Staples
2017-12,CPAY,2,Financials
2017-12,CPB,3,Consumer Staples
2017-12,CPRI,3,Unknown
2017-12,CPRT,3,Industrials
2017-12,CPT,3,Real Estate
2017-12,CPWR,1,Unknown
2017-12,CRH,2,Materials
2017-12,CRL,2,Health Care
2017-12,CRM,2,Information Technology
2017-12,CSCO,2,Information Technology
2017-12,CSGP,3,Real Estate
2017-12,CSR,3,Unknown
2017-12,CSX,3,Industrials
2017-12,CTAS,3,Industrials
2017-12,CTRA,2,Unknown
2017-12,CTSH,2,Information Technology
2017-12,CVS,3,Health Care
2017-12,CVX,2,Energy
2017-12,D,3,Utilities
2017-12,DAL,3,Industrials
2017-12,DD,2,Materials
2017-12,DDR,3,Unknown
2017-12,DDS,3,Consumer Discretionary
2017-12,DE,2,Industrials
2017-12,DECK,3,Consumer Discretionary
2017-12,DG,3,Consumer Staples
2017-12,DGX,3,Health Care
2017-12,DHI,3,Consumer Discretionary
2017-12,DHR,3,Health Care
2017-12,DIS,2,Communication Services
2017-12,DLR,3,Real Estate
2017-12,DLTR,3,Consumer Staples
2017-12,DLX,3,Unknown
2017-12,DOC,3,Real Estate
2017-12,DOV,3,Industrials
2017-12,DPZ,3,Consumer Discretionary
2017-12,DRI,3,Consumer Discretionary
2017-12,DTE,3,Utilities
2017-12,DUK,3,Utilities
2017-12,DVA,3,Health Care
2017-12,DVN,2,Energy
2017-12,DXC,2,Information Technology
2017-12,DXCM,3,Health Care
2017-12,EA,2,Communication Services
2017-12,EBAY,2,Consumer Discretionary
2017-12,EC,2,Unknown
2017-12,ECL,2,Materials
2017-12,ED,3,Utilities
2017-12,EFU,3,Unknown
2017-12,EFX,3,Industrials
2017-12,EG,3,Financials
2017-12,EHC,3,Health Care
2017-12,EIX,3,Utilities
2017-12,EL,3,Consumer Staples
2017-12,ELV,3,Health Care
2017-12,EME,3,Industrials
2017-12,EMN,2,Materials
2017-12,EMR,3,Industrials
2017-12,EOG,2,Energy
2017-12,EPAM,2,Information Technology
2017-12,EQIX,3,Real Estate
2017-12,EQR,3,Real Estate
2017-12,EQT,2,Energy
2017-12,ERIE,2,Unknown
2017-12,ES,3,Utilities
2017-12,ESRX,2,Unknown
2017-12,ESS,3,Real Estate
2017-12,ETN,3,Industrials
2017-12,ETR,3,Utilities
2017-12,EVRG,3,Utilities
2017-12,EW,3,Health Care
2017-12,EXC,3,Utilities
2017-12,EXPD,3,Industrials
2017-12,EXPE,2,Consumer Discretionary
2017-12,EXR,3,Real Estate
2017-12,F,2,Consumer Discretionary
2017-12,FANG,2,Energy
2017-12,FAST,3,Industrials
2017-12,FCX,3,Materials
2017-12,FDS,3,Financials
2017-12,FDX,3,Industrials
2017-12,FE,3,Utilities
2017-12,FFIV,2,Information Technology
2017-12,FHN,2,Financials
2017-12,FICO,3,Information Technology
2017-12,FIS,2,Financials
2017-12,FISV,3,Financials
2017-12,FITB,2,Financials
2017-12,FIX,3,Industrials
2017-12,FLR,3,Unknown
2017-12,FLS,3,Industrials
2017-12,FMC,3,Materials
2017-12,FMCC,1,Unknown
2017-12,FNMA,1,Unknown
2017-12,FOSL,3,Unknown
2017-12,FRT,3,Real Estate
2017-12,FSLR,2,Information Technology
2017-12,FTI,2,Energy
2017-12,FTNT,2,Information Technology
2017-12,G,3,Industrials
2017-12,GD,2,Industrials
2017-12,GE,2,Industrials
2017-12,GEN,2,Information Technology
2017-12,GENZ,3,Unknown
2017-12,GHC,3,Unknown
2017-12,GILD,2,Health Care
2017-12,GIS,3,Consumer Staples
2017-12,GL,2,Financials
2017-12,GLW,3,Information Technology
2017-12,GM,3,Consumer Discretionary
2017-12,GME,3,Consumer Discretionary
2017-12,GNRC,3,Industrials
2017-12,GNW,2,Unknown
2017-12,GOOG,2,Communication Services
2017-12,GOOGL,2,Communication Services
2017-12,GPC,3,Consumer Discretionary
2017-12,GPN,2,Financials
2017-12,GR,1,Unknown
2017-12,GRMN,3,Consumer Discretionary
2017-12,GS,2,Financials
2017-12,GT,3,Unknown
2017-12,GTE,2,Unknown
2017-12,GWW,2,Industrials
2017-12,H,3,Consumer Discretionary
2017-12,HAL,2,Energy
2017-12,HAS,3,Consumer Discretionary
2017-12,HBAN,2,Financials
2017-12,HCA,2,Health Care
2017-12,HD,3,Consumer Discretionary
2017-12,HIG,2,Financials
2017-12,HII,2,Industrials
2017-12,HOG,3,Consumer Discretionary
2017-12,HON,2,Industrials
2017-12,HP,2,Unknown
2017-12,HPQ,2,Information Technology
2017-12,HRB,2,Consumer Discretionary
2017-12,HRL,3,Consumer Staples
2017-12,HSIC,3,Health Care
2017-12,HST,3,Real Estate
2017-12,HSY,3,Consumer Staples
2017-12,HUBB,2,Industrials
2017-12,HUM,3,Health Care
2017-12,IBKR,3,Financials
2017-12,IBM,2,Information Technology
2017-12,ICE,2,Financials
2017-12,IDXX,3,Health Care
2017-12,IEX,3,Industrials
2017-12,IFF,2,Materials
2017-12,ILMN,3,Health Care
2017-12,INCY,3,Health Care
2017-12,INTC,2,Information Technology
2017-12,INTU,2,Information Technology
2017-12,IP,3,Materials
2017-12,IPGP,3,Information Technology
2017-12,IRM,3,Real Estate
2017-12,ISRG,2,Health Care
2017-12,IT,2,Information Technology
2017-12,ITT,3,Industrials
2017-12,ITW,3,Industrials
2017-12,IVZ,3,Financials
2017-12,J,3,Industrials
2017-12,JBHT,2,Industrials
2017-12,JBL,3,Information Technology
2017-12,JCI,2,Industrials
2017-12,JEF,2,Financials
2017-12,JKHY,3,Financials
2017-12,JNJ,3,Health Care
2017-12,JPM,2,Financials
2017-12,KBH,3,Unknown
2017-12,KDP,3,Consumer Staples
2017-12,KEY,2,Financials
2017-12,KG,2,Unknown
2017-12,KIM,3,Real Estate
2017-12,KKR,3,Financials
2017-12,KLAC,2,Information Technology
2017-12,KMB,3,Consumer Staples
2017-12,KMG,3,Unknown
2017-12,KMI,3,Energy
2017-12,KMX,3,Consumer Discretionary
2017-12,KO,3,Consumer Staples
2017-12,KR,3,Consumer Staples
2017-12,KSS,3,Unknown
2017-12,L,2,Financials
2017-12,LDOS,3,Industrials
2017-12,LEG,3,Unknown
2017-12,LEN,3,Consumer Discretionary
2017-12,LH,3,Health Care
2017-12,LHX,2,Industrials
2017-12,LII,3,Industrials
2017-12,LIN,3,Materials
2017-12,LKQ,3,Consumer Discretionary
2017-12,LLY,2,Health Care
2017-12,LMT,3,Industrials
2017-12,LNC,2,Financials
2017-12,LNT,3,Utilities
2017-12,LOW,3,Consumer Discretionary
2017-12,LPX,3,Materials
2017-12,LRCX,2,Information Technology
2017-12,LULU,3,Consumer Discretionary
2017-12,LUMN,3,Unknown
2017-12,LUV,3,Industrials
2017-12,LVS,3,Consumer Discretionary
2017-12,LYB,2,Materials
2017-12,LYV,2,Communication Services
2017-12,M,3,Consumer Discretionary
2017-12,MA,2,Financials
2017-12,MAA,3,Real Estate
2017-12,MAC,3,Unknown
2017-12,MAR,3,Consumer Discretionary
2017-12,MAS,3,Industrials
2017-12,MAT,3,Consumer Discretionary
2017-12,MAY,1,Unknown
2017-12,MBI,3,Unknown
2017-12,MCD,3,Consumer Discretionary
2017-12,MCHP,2,Information Technology
2017-12,MCK,2,Health Care
2017-12,MCO,3,Financials
2017-12,MDLZ,3,Consumer Staples
2017-12,MDT,2,Health Care
2017-12,MET,2,Financials
2017-12,META,2,Communication Services
2017-12,MGM,2,Consumer Discretionary
2017-12,MHK,3,Consumer Discretionary
2017-12,MKC,3,Consumer Staples
2017-12,MKTX,3,Financials
2017-12,MLM,2,Materials
2017-12,MMM,3,Industrials
2017-12,MNST,2,Consumer Staples
2017-12,MO,3,Consumer Staples
2017-12,MOH,3,Health Care
2017-12,MOS,3,Materials
2017-12,MPC,2,Energy
2017-12,MPWR,2,Information Technology
2017-12,MRK,2,Health Care
2017-12,MS,2,Financials
2017-12,MSCI,3,Financials
2017-12,MSFT,2,Information Technology
2017-12,MSI,3,Information Technology
2017-12,MTB,2,Financials
2017-12,MTCH,2,Communication Services
2017-12,MTD,3,Health Care
2017-12,MTG,3,Financials
2017-12,MTW,2,Unknown
2017-12,MU,2,Information Technology
2017-12,MUR,2,Unknown
2017-12,NBR,2,Unknown
2017-12,NC,2,Unknown
2017-12,NDAQ,3,Financials
2017-12,NDSN,3,Industrials
2017-12,NEE,3,Utilities
2017-12,NEM,3,Materials
2017-12,NFLX,2,Communication Services
2017-12,NFX,3,Unknown
2017-12,NI,3,Utilities
2017-12,NKE,3,Consumer Discretionary
2017-12,NKTR,3,Unknown
2017-12,NOC,3,Industrials
2017-12,NOV,2,Energy
2017-12,NOW,2,Information Technology
2017-12,NRG,2,Utilities
2017-12,NSC,3,Industrials
2017-12,NSM,2,Unknown
2017-12,NTAP,3,Information Technology
2017-12,NTRS,2,Financials
2017-12,NUE,3,Materials
2017-12,NVDA,3,Information Technology
2017-12,NVR,2,Consumer Discretionary
2017-12,NWL,2,Consumer Discretionary
2017-12,NXPI,2,Unknown
2017-12,NYT,3,Communication Services
2017-12,O,3,Real Estate
2017-12,ODFL,3,Industrials
2017-12,OI,2,Unknown
2017-12,OKE,2,Energy
2017-12,OMC,3,Communication Services
2017-12,ON,2,Information Technology
2017-12,ORCL,2,Information Technology
2017-12,ORLY,3,Consumer Discretionary
2017-12,OXY,2,Energy
2017-12,PANW,2,Information Technology
2017-12,PAYX,3,Industrials
2017-12,PBI,2,Unknown
2017-12,PCAR,3,Industrials
2017-12,PCG,3,Utilities
2017-12,PEG,3,Utilities
2017-12,PENN,3,Consumer Discretionary
2017-12,PEP,3,Consumer Staples
2017-12,PFE,2,Health Care
2017-12,PFG,3,Financials
2017-12,PG,3,Consumer Staples
2017-12,PGR,3,Financials
2017-12,PH,3,Industrials
2017-12,PHM,3,Consumer Discretionary
2017-12,PKG,3,Materials
2017-12,PLD,3,Real Estate
2017-12,PM,3,Consumer Staples
2017-12,PNC,2,Financials
2017-12,PNR,3,Industrials
2017-12,PNW,3,Utilities
2017-12,PODD,3,Health Care
2017-12,POOL,3,Consumer Discretionary
2017-12,PPG,3,Materials
2017-12,PPL,3,Utilities
2017-12,PRGO,3,Health Care
2017-12,PRU,2,Financials
2017-12,PSA,3,Real Estate
2017-12,PSKY,2,Unknown
2017-12,PSX,2,Energy
2017-12,PTC,3,Information Technology
2017-12,PVH,3,Consumer Discretionary
2017-12,PWJ,3,Unknown
2017-12,PWR,3,Industrials
2017-12,QCOM,3,Information Technology
2017-12,R,2,Industrials
2017-12,RCL,2,Consumer Discretionary
2017-12,REG,3,Real Estate
2017-12,REGN,2,Health Care
2017-12,RF,2,Financials
2017-12,RHI,3,Industrials
2017-12,RIG,2,Unknown
2017-12,RJF,3,Financials
2017-12,RL,2,Consumer Discretionary
2017-12,RMD,3,Health Care
2017-12,ROK,3,Industrials
2017-12,ROL,3,Industrials
2017-12,ROP,3,Industrials
2017-12,ROST,3,Consumer Discretionary
2017-12,RRC,2,Energy
2017-12,RSG,3,Industrials
2017-12,RTX,3,Industrials
2017-12,RVTY,3,Health Care
2017-12,SANM,3,Unknown
2017-12,SBAC,3,Real Estate
2017-12,SBUX,3,Consumer Discretionary
2017-12,SCHW,2,Financials
2017-12,SCI,2,Consumer Discretionary
2017-12,SDS,3,Unknown
2017-12,SHW,3,Materials
2017-12,SIG,2,Unknown
2017-12,SII,3,Unknown
2017-12,SJM,3,Consumer Staples
2017-12,SLB,2,Energy
2017-12,SLG,3,Unknown
2017-12,SLM,3,Financials
2017-12,SNA,2,Industrials
2017-12,SNPS,2,Information Technology
2017-12,SO,3,Utilities
2017-12,SPG,3,Real Estate
2017-12,SPGI,3,Financials
2017-12,SRE,3,Utilities
2017-12,SSP,3,Unknown
2017-12,STE,2,Health Care
2017-12,STLD,2,Materials
2017-12,STT,2,Financials
2017-12,STX,3,Unknown
2017-12,SUB,3,Unknown
2017-12,SUN,2,Unknown
2017-12,SVU,3,Unknown
2017-12,SW,2,Materials
2017-12,SWK,3,Industrials
2017-12,SWKS,2,Information Technology
2017-12,SYK,2,Health Care
2017-12,SYY,3,Consumer Staples
2017-12,T,3,Communication Services
2017-12,TAP,3,Consumer Staples
2017-12,TDC,3,Information Technology
2017-12,TDG,2,Industrials
2017-12,TDY,3,Industrials
2017-12,TECH,3,Health Care
2017-12,TEL,3,Unknown
2017-12,TER,2,Information Technology
2017-12,TEX,3,Unknown
2017-12,TFC,2,Financials
2017-12,TFX,3,Health Care
2017-12,TGT,3,Consumer Staples
2017-12,THC,2,Health Care
2017-12,TJX,3,Consumer Discretionary
2017-12,TKO,2,Communication Services
2017-12,TKR,3,Industrials
2017-12,TMO,2,Health Care
2017-12,TPL,2,Energy
2017-12,TPR,3,Consumer Discretionary
2017-12,TRGP,2,Energy
2017-12,TRIP,2,Unknown
2017-12,TRMB,3,Information Technology
2017-12,TROW,3,Financials
2017-12,TRV,3,Financials
2017-12,TSCO,3,Consumer Discretionary
2017-12,TSLA,2,Consumer Discretionary
2017-12,TSN,3,Consumer Staples
2017-12,TT,3,Industrials
2017-12,TTWO,2,Communication Services
2017-12,TWX,3,Unknown
2017-12,TX,2,Unknown
2017-12,TXN,3,Information Technology
2017-12,TXT,3,Industrials
2017-12,TYL,2,Information Technology
2017-12,UAA,2,Consumer Discretionary
2017-12,UAL,3,Industrials
2017-12,UDR,3,Real Estate
2017-12,UHS,2,Health Care
2017-12,UIS,2,Unknown
2017-12,ULTA,3,Consumer Discretionary
2017-12,UNH,3,Health Care
2017-12,UNM,2,Financials
2017-12,UNP,3,Industrials
2017-12,UPS,3,Industrials
2017-12,URBN,3,Unknown
2017-12,URI,3,Industrials
2017-12,USB,2,Financials
2017-12,UST,3,Unknown
2017-12,V,2,Financials
2017-12,VFC,3,Consumer Discretionary
2017-12,VIAV,3,Unknown
2017-12,VLO,2,Energy
2017-12,VMC,3,Materials
2017-12,VNO,3,Real Estate
2017-12,VO,3,Unknown
2017-12,VRSK,3,Industrials
2017-12,VRSN,2,Information Technology
2017-12,VRTS,2,Unknown
2017-12,VRTX,2,Health Care
2017-12,VTR,3,Real Estate
2017-12,VTRS,3,Health Care
2017-12,VZ,3,Communication Services
2017-12,WAB,3,Industrials
2017-12,WAT,3,Health Care
2017-12,WBD,2,Communication Services
2017-12,WDAY,2,Information Technology
2017-12,WDC,2,Information Technology
2017-12,WEC,3,Utilities
2017-12,WELL,3,Real Estate
2017-12,WEN,3,Consumer Discretionary
2017-12,WFC,2,Financials
2017-12,WHR,3,Consumer Discretionary
2017-12,WM,2,Industrials
2017-12,WMB,3,Energy
2017-12,WMT,3,Consumer Staples
2017-12,WOR,3,Unknown
2017-12,WRB,3,Financials
2017-12,WSM,3,Consumer Discretionary
2017-12,WST,3,Health Care
2017-12,WTW,2,Financials
2017-12,WU,3,Information Technology
2017-12,WY,3,Real Estate
2017-12,WYNN,3,Consumer Discretionary
2017-12,XEL,3,Utilities
2017-12,XOM,2,Energy
2017-12,XRAY,3,Health Care
2017-12,XRX,2,Unknown
2017-12,XYL,3,Industrials
2017-12,YUM,3,Consumer Discretionary
2017-12,ZBH,2,Health Care
2017-12,ZBRA,3,Information Technology
2017-12,ZION,2,Financials
2018-12,A,2,Health Care
2018-12,AAL,1,Industrials
2018-12,AAP,1,Unknown
2018-12,AAPL,1,Information Technology
2018-12,ABBV,2,Health Care
2018-12,ABT,2,Health Care
2018-12,ACGL,1,Financials
2018-12,ACN,2,Information Technology
2018-12,ADBE,2,Information Technology
2018-12,ADI,1,Information Technology
2018-12,ADM,2,Consumer Staples
2018-12,ADP,1,Industrials
2018-12,ADSK,2,Information Technology
2018-12,AEE,1,Utilities
2018-12,AEP,1,Utilities
2018-12,AES,2,Utilities
2018-12,AFL,2,Financials
2018-12,AIG,2,Financials
2018-12,AIV,1,Unknown
2018-12,AIZ,2,Financials
2018-12,AJG,2,Financials
2018-12,AKAM,2,Information Technology
2018-12,AL,1,Industrials
2018-12,ALB,2,Materials
2018-12,ALGN,2,Health Care
2018-12,ALK,1,Industrials
2018-12,ALL,1,Financials
2018-12,ALLE,1,Industrials
2018-12,AMAT,2,Information Technology
2018-12,AMCR,2,Materials
2018-12,AMD,3,Information Technology
2018-12,AME,1,Industrials
2018-12,AMG,2,Financials
2018-12,AMGN,2,Health Care
2018-12,AMP,2,Financials
2018-12,AMT,2,Real Estate
2018-12,AMZN,2,Consumer Discretionary
2018-12,AN,1,Consumer Discretionary
2018-12,ANF,1,Unknown
2018-12,AON,2,Financials
2018-12,AOS,1,Industrials
2018-12,APA,3,Energy
2018-12,APD,1,Materials
2018-12,APH,1,Information Technology
2018-12,APO,1,Financials
2018-12,APTV,2,Consumer Discretionary
2018-12,ARE,1,Real Estate
2018-12,ASH,1,Materials
2018-12,ATI,3,Industrials
2018-12,ATO,1,Utilities
2018-12,AVB,1,Real Estate
2018-12,AVGO,2,Information Technology
2018-12,AVY,1,Materials
2018-12,AWK,1,Utilities
2018-12,AXON,1,Industrials
2018-12,AXP,2,Financials
2018-12,AYI,1,Industrials
2018-12,AZO,1,Consumer Discretionary
2018-12,BA,2,Industrials
2018-12,BAC,2,Financials
2018-12,BALL,2,Materials
2018-12,BAX,2,Health Care
2018-12,BBBY,1,Unknown
2018-12,BBT,2,Unknown
2018-12,BBWI,1,Consumer Discretionary
2018-12,BBY,1,Consumer Discretionary
2018-12,BC,1,Consumer Discretionary
2018-12,BDX,2,Health Care
2018-12,BEN,1,Financials
2018-12,BF.B,2,Consumer Staples
2018-12,BG,2,Consumer Staples
2018-12,BIIB,2,Health Care
2018-12,BIO,1,Health Care
2018-12,BK,2,Unknown
2018-12,BKNG,2,Consumer Discretionary
2018-12,BKR,2,Energy
2018-12,BLDR,2,Industrials
2018-12,BLK,1,Financials
2018-12,BMS,1,Unknown
2018-12,BMY,1,Health Care
2018-12,BR,1,Industrials
2018-12,BRK.B,2,Financials
2018-12,BRO,1,Financials
2018-12,BSX,2,Health Care
2018-12,BUD,2,Unknown
2018-12,BWA,2,Consumer Discretionary
2018-12,BX,2,Financials
2018-12,BXP,1,Real Estate
2018-12,C,2,Financials
2018-12,CAG,1,Consumer Staples
2018-12,CAH,2,Health Care
2018-12,CAR,2,Industrials
2018-12,CAT,1,Industrials
2018-12,CB,2,Financials
2018-12,CBOE,1,Financials
2018-12,CBRE,2,Real Estate
2018-12,CCEP,2,Unknown
2018-12,CCI,1,Real Estate
2018-12,CCK,2,Materials
2018-12,CCL,2,Consumer Discretionary
2018-12,CCU,2,Unknown
2018-12,CDNS,2,Information Technology
2018-12,CDW,2,Information Technology
2018-12,CE,2,Materials
2018-12,CF,1,Materials
2018-12,CG,1,Financials
2018-12,CHD,1,Consumer Staples
2018-12,CHRW,1,Industrials
2018-12,CHTR,2,Communication Services
2018-12,CI,1,Health Care
2018-12,CIEN,1,Information Technology
2018-12,CINF,1,Financials
2018-12,CL,2,Consumer Staples
2018-12,CLX,1,Consumer Staples
2018-12,CMCSA,2,Communication Services
2018-12,CME,1,Financials
2018-12,CMG,1,Consumer Discretionary
2018-12,CMI,1,Industrials
2018-12,CMS,1,Utilities
2018-12,CNC,1,Health Care
2018-12,CNG,2,Unknown
2018-12,CNP,1,Utilities
2018-12,CNX,3,Unknown
2018-12,COF,2,Financials
2018-12,COL,3,Unknown
2018-12,COMS,3,Unknown
2018-12,COO,2,Health Care
2018-12,COP,2,Energy
2018-12,COR,1,Health Care
2018-12,COST,1,Consumer Staples
2018-12,COTY,1,Consumer Staples
2018-12,CPAY,2,Financials
2018-12,CPB,1,Consumer Staples
2018-12,CPRI,1,Unknown
2018-12,CPRT,1,Industrials
2018-12,CPT,1,Real Estate
2018-12,CPWR,3,Unknown
2018-12,CRH,2,Materials
2018-12,CRL,2,Health Care
2018-12,CRM,2,Information Technology
2018-12,CSCO,2,Information Technology
2018-12,CSGP,2,Real Estate
2018-12,CSR,1,Unknown
2018-12,CSX,1,Industrials
2018-12,CTAS,1,Industrials
2018-12,CTRA,1,Unknown
2018-12,CTSH,2,Information Technology
2018-12,CVG,1,Unknown
2018-12,CVS,2,Health Care
2018-12,CVX,2,Energy
2018-12,D,1,Utilities
2018-12,DAL,1,Industrials
2018-12,DD,2,Materials
2018-12,DDR,1,Unknown
2018-12,DDS,1,Consumer Discretionary
2018-12,DE,1,Industrials
2018-12,DECK,1,Consumer Discretionary
2018-12,DG,1,Consumer Staples
2018-12,DGX,1,Health Care
2018-12,DHI,1,Consumer Discretionary
2018-12,DHR,1,Health Care
2018-12,DIS,2,Communication Services
2018-12,DLR,1,Real Estate
2018-12,DLTR,1,Consumer Staples
2018-12,DLX,1,Unknown
2018-12,DOC,1,Real Estate
2018-12,DOV,1,Industrials
2018-12,DPZ,1,Consumer Discretionary
2018-12,DRI,1,Consumer Discretionary
2018-12,DTE,1,Utilities
2018-12,DUK,1,Utilities
2018-12,DVA,1,Health Care
2018-12,DVN,3,Energy
2018-12,DXC,2,Information Technology
2018-12,DXCM,1,Health Care
2018-12,EA,2,Communication Services
2018-12,EBAY,2,Consumer Discretionary
2018-12,EC,2,Unknown
2018-12,ECL,2,Materials
2018-12,ED,1,Utilities
2018-12,EFU,1,Unknown
2018-12,EFX,2,Industrials
2018-12,EG,1,Financials
2018-12,EHC,1,Health Care
2018-12,EIX,1,Utilities
2018-12,EL,2,Consumer Staples
2018-12,ELV,1,Health Care
2018-12,EME,2,Industrials
2018-12,EMN,2,Materials
2018-12,EMR,1,Industrials
2018-12,EOG,2,Energy
2018-12,EPAM,2,Information Technology
2018-12,EQIX,2,Real Estate
2018-12,EQR,1,Real Estate
2018-12,EQT,1,Energy
2018-12,ERIE,2,Unknown
2018-12,ES,1,Utilities
2018-12,ESRX,2,Unknown
2018-12,ESS,1,Real Estate
2018-12,ETN,1,Industrials
2018-12,ETR,1,Utilities
2018-12,EVRG,1,Utilities
2018-12,EW,1,Health Care
2018-12,EXC,1,Utilities
2018-12,EXPD,1,Industrials
2018-12,EXPE,2,Consumer Discretionary
2018-12,F,1,Consumer Discretionary
2018-12,FANG,1,Energy
2018-12,FAST,1,Industrials
2018-12,FCX,3,Materials
2018-12,FDS,1,Financials
2018-12,FDX,1,Industrials
2018-12,FE,1,Utilities
2018-12,FFIV,2,Information Technology
2018-12,FHN,2,Financials
2018-12,FICO,1,Information Technology
2018-12,FIS,1,Financials
2018-12,FISV,1,Financials
2018-12,FITB,2,Financials
2018-12,FIX,2,Industrials
2018-12,FLR,1,Unknown
2018-12,FLS,1,Industrials
2018-12,FMC,1,Materials
2018-12,FMCC,3,Unknown
2018-12,FNMA,3,Unknown
2018-12,FOSL,1,Unknown
2018-12,FRT,1,Real Estate
2018-12,FSLR,2,Information Technology
2018-12,FTI,2,Energy
2018-12,FTNT,2,Information Technology
2018-12,G,1,Industrials
2018-12,GD,2,Industrials
2018-12,GE,1,Industrials
2018-12,GEN,2,Information Technology
2018-12,GENZ,1,Unknown
2018-12,GHC,1,Unknown
2018-12,GILD,2,Health Care
2018-12,GIS,1,Consumer Staples
2018-12,GL,2,Financials
2018-12,GLW,1,Information Technology
2018-12,GM,1,Consumer Discretionary
2018-12,GME,1,Consumer Discretionary
2018-12,GNRC,1,Industrials
2018-12,GNW,2,Unknown
2018-12,GOOG,2,Communication Services
2018-12,GOOGL,2,Communication Services
2018-12,GPC,1,Consumer Discretionary
2018-12,GPN,2,Financials
2018-12,GRMN,1,Consumer Discretionary
2018-12,GS,2,Financials
2018-12,GT,1,Unknown
2018-12,GTE,3,Unknown
2018-12,GWW,1,Industrials
2018-12,H,1,Consumer Discretionary
2018-12,HAL,2,Energy
2018-12,HAS,2,Consumer Discretionary
2018-12,HBAN,2,Financials
2018-12,HCA,2,Health Care
2018-12,HD,1,Consumer Discretionary
2018-12,HIG,2,Financials
2018-12,HII,2,Industrials
2018-12,HLT,1,Consumer Discretionary
2018-12,HOG,1,Consumer Discretionary
2018-12,HON,1,Industrials
2018-12,HP,2,Unknown
2018-12,HPQ,2,Information Technology
2018-12,HRL,1,Consumer Staples
2018-12,HSIC,2,Health Care
2018-12,HST,1,Real Estate
2018-12,HSY,1,Consumer Staples
2018-12,HUBB,1,Industrials
2018-12,HUM,1,Health Care
2018-12,IBKR,2,Financials
2018-12,IBM,2,Information Technology
2018-12,ICE,2,Financials
2018-12,IDXX,1,Health Care
2018-12,IEX,1,Industrials
2018-12,IFF,2,Materials
2018-12,ILMN,2,Health Care
2018-12,INCY,2,Health Care
2018-12,INTC,2,Information Technology
2018-12,INTU,2,Information Technology
2018-12,IP,1,Materials
2018-12,IPGP,2,Information Technology
2018-12,IQV,1,Health Care
2018-12,IRM,1,Real Estate
2018-12,ISRG,2,Health Care
2018-12,IT,1,Information Technology
2018-12,ITT,1,Industrials
2018-12,ITW,1,Industrials
2018-12,IVZ,2,Financials
2018-12,J,1,Industrials
2018-12,JBHT,1,Industrials
2018-12,JBL,2,Information Technology
2018-12,JCI,1,Industrials
2018-12,JEF,2,Financials
2018-12,JKHY,1,Financials
2018-12,JNJ,2,Health Care
2018-12,JPM,2,Financials
2018-12,KBH,1,Unknown
2018-12,KDP,2,Consumer Staples
2018-12,KEY,2,Financials
2018-12,KG,3,Unknown
2018-12,KIM,1,Real Estate
2018-12,KKR,2,Financials
2018-12,KLAC,2,Information Technology
2018-12,KMB,1,Consumer Staples
2018-12,KMI,1,Energy
2018-12,KMX,1,Consumer Discretionary
2018-12,KO,2,Consumer Staples
2018-12,KR,1,Consumer Staples
2018-12,KSS,1,Unknown
2018-12,L,2,Financials
2018-12,LDOS,1,Industrials
2018-12,LEG,1,Unknown
2018-12,LEN,1,Consumer Discretionary
2018-12,LH,1,Health Care
2018-12,LHX,2,Industrials
2018-12,LII,1,Industrials
2018-12,LIN,1,Materials
2018-12,LKQ,1,Consumer Discretionary
2018-12,LLY,2,Health Care
2018-12,LMT,2,Industrials
2018-12,LNC,2,Financials
2018-12,LNT,1,Utilities
2018-12,LOW,1,Consumer Discretionary
2018-12,LPX,1,Materials
2018-12,LRCX,2,Information Technology
2018-12,LULU,1,Consumer Discretionary
2018-12,LUMN,2,Unknown
2018-12,LUV,1,Industrials
2018-12,LVS,1,Consumer Discretionary
2018-12,LYB,2,Materials
2018-12,LYV,2,Communication Services
2018-12,M,1,Consumer Discretionary
2018-12,MA,2,Financials
2018-12,MAA,1,Real Estate
2018-12,MAC,1,Unknown
2018-12,MAR,1,Consumer Discretionary
2018-12,MAS,1,Industrials
2018-12,MAT,1,Consumer Discretionary
2018-12,MBI,1,Unknown
2018-12,MCD,2,Consumer Discretionary
2018-12,MCHP,2,Information Technology
2018-12,MCK,2,Health Care
2018-12,MCO,1,Financials
2018-12,MDLZ,2,Consumer Staples
2018-12,MDT,2,Health Care
2018-12,MET,2,Financials
2018-12,META,2,Communication Services
2018-12,MGM,2,Consumer Discretionary
2018-12,MHK,1,Consumer Discretionary
2018-12,MKC,1,Consumer Staples
2018-12,MLM,1,Materials
2018-12,MMI,2,Unknown
2018-12,MMM,1,Industrials
2018-12,MNST,2,Consumer Staples
2018-12,MO,1,Consumer Staples
2018-12,MOH,1,Health Care
2018-12,MOS,1,Materials
2018-12,MPC,2,Energy
2018-12,MPWR,2,Information Technology
2018-12,MRK,2,Health Care
2018-12,MS,2,Financials
2018-12,MSCI,1,Financials
2018-12,MSFT,2,Information Technology
2018-12,MSI,1,Information Technology
2018-12,MTB,2,Financials
2018-12,MTCH,2,Communication Services
2018-12,MTD,2,Health Care
2018-12,MTG,2,Financials
2018-12,MTW,3,Unknown
2018-12,MU,2,Information Technology
2018-12,MUR,3,Unknown
2018-12,NBR,3,Unknown
2018-12,NC,2,Unknown
2018-12,NCLH,2,Consumer Discretionary
2018-12,NDAQ,1,Financials
2018-12,NDSN,1,Industrials
2018-12,NEE,1,Utilities
2018-12,NEM,2,Materials
2018-12,NFLX,2,Communication Services
2018-12,NFX,3,Unknown
2018-12,NI,1,Utilities
2018-12,NKE,1,Consumer Discretionary
2018-12,NKTR,3,Unknown
2018-12,NOC,2,Industrials
2018-12,NOV,2,Energy
2018-12,NOW,2,Information Technology
2018-12,NRG,1,Utilities
2018-12,NSC,1,Industrials
2018-12,NTAP,1,Information Technology
2018-12,NTRS,2,Financials
2018-12,NUE,1,Materials
2018-12,NVDA,2,Information Technology
2018-12,NVR,2,Consumer Discretionary
2018-12,NWL,1,Consumer Discretionary
2018-12,NWS,2,Communication Services
2018-12,NWSA,2,Communication Services
2018-12,NXPI,2,Unknown
2018-12,NYT,1,Communication Services
2018-12,O,1,Real Estate
2018-12,ODFL,1,Industrials
2018-12,OI,2,Unknown
2018-12,OKE,2,Energy
2018-12,OMC,2,Communication Services
2018-12,ON,2,Information Technology
2018-12,ORCL,2,Information Technology
2018-12,ORLY,1,Consumer Discretionary
2018-12,OXY,2,Energy
2018-12,PANW,2,Information Technology
2018-12,PAYX,1,Industrials
2018-12,PBI,2,Unknown
2018-12,PCAR,1,Industrials
2018-12,PEG,1,Utilities
2018-12,PENN,1,Consumer Discretionary
2018-12,PEP,2,Consumer Staples
2018-12,PFE,2,Health Care
2018-12,PFG,2,Financials
2018-12,PG,1,Consumer Staples
2018-12,PGR,1,Financials
2018-12,PH,1,Industrials
2018-12,PHM,1,Consumer Discretionary
2018-12,PKG,2,Materials
2018-12,PLD,1,Real Estate
2018-12,PM,2,Consumer Staples
2018-12,PNC,2,Financials
2018-12,PNR,1,Industrials
2018-12,PNW,1,Utilities
2018-12,PODD,2,Health Care
2018-12,POOL,1,Consumer Discretionary
2018-12,PPG,1,Materials
2018-12,PPL,2,Utilities
2018-12,PRGO,1,Health Care
2018-12,PRU,2,Financials
2018-12,PSA,1,Real Estate
2018-12,PSKY,1,Unknown
2018-12,PSX,1,Energy
2018-12,PTC,2,Information Technology
2018-12,PVH,1,Consumer Discretionary
2018-12,PWJ,1,Unknown
2018-12,PWR,2,Industrials
2018-12,QCOM,1,Information Technology
2018-12,R,1,Industrials
2018-12,RCL,2,Consumer Discretionary
2018-12,REG,1,Real Estate
2018-12,REGN,1,Health Care
2018-12,RF,2,Financials
2018-12,RHI,2,Industrials
2018-12,RIG,3,Unknown
2018-12,RJF,2,Financials
2018-12,RL,1,Consumer Discretionary
2018-12,RMD,1,Health Care
2018-12,ROK,1,Industrials
2018-12,ROL,1,Industrials
2018-12,ROP,1,Industrials
2018-12,ROST,1,Consumer Discretionary
2018-12,RRC,3,Energy
2018-12,RSG,2,Industrials
2018-12,RTX,1,Industrials
2018-12,RVTY,2,Health Care
2018-12,SANM,1,Unknown
2018-12,SBAC,2,Real Estate
2018-12,SBUX,1,Consumer Discretionary
2018-12,SCHW,2,Financials
2018-12,SCI,2,Consumer Discretionary
2018-12,SDS,1,Unknown
2018-12,SHW,1,Materials
2018-12,SIG,1,Unknown
2018-12,SII,1,Unknown
2018-12,SJM,1,Consumer Staples
2018-12,SLB,2,Energy
2018-12,SLG,1,Unknown
2018-12,SLM,1,Financials
2018-12,SMCI,1,Information Technology
2018-12,SNA,1,Industrials
2018-12,SNPS,2,Information Technology
2018-12,SO,1,Utilities
2018-12,SPG,1,Real Estate
2018-12,SPGI,2,Financials
2018-12,SRE,1,Utilities
2018-12,SSP,3,Unknown
2018-12,STE,1,Health Care
2018-12,STLD,1,Materials
2018-12,STT,2,Financials
2018-12,STX,1,Unknown
2018-12,STZ,1,Consumer Staples
2018-12,SUB,1,Unknown
2018-12,SUN,2,Unknown
2018-12,SW,1,Materials
2018-12,SWK,1,Industrials
2018-12,SWKS,2,Information Technology
2018-12,SYK,2,Health Care
2018-12,SYY,1,Consumer Staples
2018-12,T,1,Communication Services
2018-12,TAP,2,Consumer Staples
2018-12,TDC,1,Information Technology
2018-12,TDG,2,Industrials
2018-12,TDY,1,Industrials
2018-12,TECH,1,Health Care
2018-12,TEL,1,Unknown
2018-12,TER,2,Information Technology
2018-12,TEX,1,Unknown
2018-12,TFC,2,Financials
2018-12,TFX,1,Health Care
2018-12,TGT,1,Consumer Staples
2018-12,THC,2,Health Care
2018-12,TJX,1,Consumer Discretionary
2018-12,TKO,2,Communication Services
2018-12,TKR,1,Industrials
2018-12,TMO,2,Health Care
2018-12,TMUS,2,Communication Services
2018-12,TPL,2,Energy
2018-12,TPR,1,Consumer Discretionary
2018-12,TRGP,3,Energy
2018-12,TRIP,2,Unknown
2018-12,TRMB,1,Information Technology
2018-12,TROW,1,Financials
2018-12,TRV,1,Financials
2018-12,TSCO,1,Consumer Discretionary
2018-12,TSLA,2,Consumer Discretionary
2018-12,TT,1,Industrials
2018-12,TTWO,2,Communication Services
2018-12,TX,2,Unknown
2018-12,TXN,1,Information Technology
2018-12,TXT,1,Industrials
2018-12,TYL,2,Information Technology
2018-12,UAA,1,Consumer Discretionary
2018-12,UAL,1,Industrials
2018-12,UDR,1,Real Estate
2018-12,UHS,2,Health Care
2018-12,UIS,1,Unknown
2018-12,ULTA,2,Consumer Discretionary
2018-12,UNH,1,Health Care
2018-12,UNM,2,Financials
2018-12,UNP,1,Industrials
2018-12,UPS,1,Industrials
2018-12,URBN,1,Unknown
2018-12,URI,1,Industrials
2018-12,USB,2,Financials
2018-12,UST,1,Unknown
2018-12,V,2,Financials
2018-12,VFC,2,Consumer Discretionary
2018-12,VIAV,1,Unknown
2018-12,VLO,2,Energy
2018-12,VMC,1,Materials
2018-12,VNO,1,Real Estate
2018-12,VO,1,Unknown
2018-12,VRSK,1,Industrials
2018-12,VRSN,2,Information Technology
2018-12,VRTS,2,Unknown
2018-12,VRTX,2,Health Care
2018-12,VTR,1,Real Estate
2018-12,VTRS,2,Health Care
2018-12,VZ,2,Communication Services
2018-12,WAB,1,Industrials
2018-12,WAT,2,Health Care
2018-12,WBD,2,Communication Services
2018-12,WDAY,2,Information Technology
2018-12,WDC,2,Information Technology
2018-12,WEC,1,Utilities
2018-12,WELL,1,Real Estate
2018-12,WEN,1,Consumer Discretionary
2018-12,WFC,2,Financials
2018-12,WHR,1,Consumer Discretionary
2018-12,WM,2,Industrials
2018-12,WMB,2,Energy
2018-12,WMT,1,Consumer Staples
2018-12,WOR,1,Unknown
2018-12,WRB,1,Financials
2018-12,WSM,1,Consumer Discretionary
2018-12,WST,1,Health Care
2018-12,WTW,2,Financials
2018-12,WU,1,Information Technology
2018-12,WY,1,Real Estate
2018-12,WYNN,1,Consumer Discretionary
2018-12,XEL,1,Utilities
2018-12,XOM,1,Energy
2018-12,XRAY,2,Health Care
2018-12,XRX,2,Unknown
2018-12,XYL,1,Industrials
2018-12,YUM,1,Consumer Discretionary
2018-12,ZBH,2,Health Care
2018-12,ZBRA,2,Information Technology
2018-12,ZION,2,Financials
2018-12,ZTS,1,Health Care
2019-12,A,2,Health Care
2019-12,AAL,3,Industrials
2019-12,AAP,3,Unknown
2019-12,AAPL,3,Information Technology
2019-12,ABBV,2,Health Care
2019-12,ABT,2,Health Care
2019-12,ACGL,3,Financials
2019-12,ACN,2,Information Technology
2019-12,ADBE,2,Information Technology
2019-12,ADI,1,Information Technology
2019-12,ADM,2,Consumer Staples
2019-12,ADP,2,Industrials
2019-12,ADSK,2,Information Technology
2019-12,AEE,3,Utilities
2019-12,AEP,3,Utilities
2019-12,AES,3,Utilities
2019-12,AFL,2,Financials
2019-12,AIG,2,Financials
2019-12,AIV,2,Unknown
2019-12,AIZ,2,Financials
2019-12,AJG,2,Financials
2019-12,AKAM,2,Information Technology
2019-12,AL,3,Industrials
2019-12,ALB,2,Materials
2019-12,ALGN,1,Health Care
2019-12,ALK,3,Industrials
2019-12,ALL,2,Financials
2019-12,ALLE,3,Industrials
2019-12,AMAT,1,Information Technology
2019-12,AMCR,2,Materials
2019-12,AMD,2,Information Technology
2019-12,AME,3,Industrials
2019-12,AMG,1,Financials
2019-12,AMGN,2,Health Care
2019-12,AMP,1,Financials
2019-12,AMT,2,Real Estate
2019-12,AMZN,2,Consumer Discretionary
2019-12,AN,3,Consumer Discretionary
2019-12,ANET,1,Information Technology
2019-12,ANF,3,Unknown
2019-12,AON,2,Financials
2019-12,AOS,3,Industrials
2019-12,APA,2,Energy
2019-12,APD,2,Materials
2019-12,APH,3,Information Technology
2019-12,APO,3,Financials
2019-12,APTV,1,Consumer Discretionary
2019-12,ARE,2,Real Estate
2019-12,ARES,2,Financials
2019-12,ASH,3,Materials
2019-12,ATI,3,Industrials
2019-12,ATO,3,Utilities
2019-12,AVB,3,Real Estate
2019-12,AVGO,2,Information Technology
2019-12,AVY,2,Materials
2019-12,AWK,3,Utilities
2019-12,AXON,3,Industrials
2019-12,AXP,2,Financials
2019-12,AYI,3,Industrials
2019-12,AZO,3,Consumer Discretionary
2019-12,BA,2,Industrials
2019-12,BAC,1,Financials
2019-12,BALL,2,Materials
2019-12,BAX,2,Health Care
2019-12,BBBY,1,Unknown
2019-12,BBT,1,Unknown
2019-12,BBWI,3,Consumer Discretionary
2019-12,BBY,3,Consumer Discretionary
2019-12,BC,3,Consumer Discretionary
2019-12,BDX,2,Health Care
2019-12,BEN,3,Financials
2019-12,BF.B,3,Consumer Staples
2019-12,BG,2,Consumer Staples
2019-12,BIIB,3,Health Care
2019-12,BIO,3,Health Care
2019-12,BK,2,Unknown
2019-12,BKNG,2,Consumer Discretionary
2019-12,BKR,2,Energy
2019-12,BLDR,1,Industrials
2019-12,BLK,2,Financials
2019-12,BMY,3,Health Care
2019-12,BR,3,Industrials
2019-12,BRK.B,2,Financials
2019-12,BRO,3,Financials
2019-12,BSX,2,Health Care
2019-12,BUD,2,Unknown
2019-12,BWA,1,Consumer Discretionary
2019-12,BX,2,Financials
2019-12,BXP,3,Real Estate
2019-12,C,1,Financials
2019-12,CAG,3,Consumer Staples
2019-12,CAH,2,Health Care
2019-12,CAR,1,Industrials
2019-12,CAT,3,Industrials
2019-12,CB,2,Financials
2019-12,CBRE,1,Real Estate
2019-12,CCEP,2,Unknown
2019-12,CCI,3,Real Estate
2019-12,CCK,2,Materials
2019-12,CCL,3,Consumer Discretionary
2019-12,CCU,2,Unknown
2019-12,CDNS,2,Information Technology
2019-12,CDW,2,Information Technology
2019-12,CE,2,Materials
2019-12,CF,3,Materials
2019-12,CFG,1,Financials
2019-12,CG,3,Financials
2019-12,CHD,3,Consumer Staples
2019-12,CHRW,3,Industrials
2019-12,CHTR,2,Communication Services
2019-12,CI,3,Health Care
2019-12,CIEN,3,Information Technology
2019-12,CINF,3,Financials
2019-12,CL,2,Consumer Staples
2019-12,CLX,3,Consumer Staples
2019-12,CMCSA,2,Communication Services
2019-12,CME,3,Financials
2019-12,CMG,3,Consumer Discretionary
2019-12,CMI,3,Industrials
2019-12,CMS,3,Utilities
2019-12,CMX,2,Unknown
2019-12,CNC,3,Health Care
2019-12,CNG,2,Unknown
2019-12,CNP,3,Utilities
2019-12,CNX,3,Unknown
2019-12,CNXT,2,Unknown
2019-12,COF,1,Financials
2019-12,COL,3,Unknown
2019-12,COMS,1,Unknown
2019-12,COO,2,Health Care
2019-12,COP,2,Energy
2019-12,COR,3,Health Care
2019-12,COST,2,Consumer Staples
2019-12,COTY,3,Consumer Staples
2019-12,CPAY,2,Financials
2019-12,CPB,3,Consumer Staples
2019-12,CPRI,3,Unknown
2019-12,CPRT,3,Industrials
2019-12,CPT,3,Real Estate
2019-12,CRH,2,Materials
2019-12,CRL,2,Health Care
2019-12,CRM,2,Information Technology
2019-12,CSCO,2,Information Technology
2019-12,CSGP,2,Real Estate
2019-12,CSR,3,Unknown
2019-12,CSX,3,Industrials
2019-12,CTAS,3,Industrials
2019-12,CTRA,3,Unknown
2019-12,CTSH,2,Information Technology
2019-12,CVG,3,Unknown
2019-12,CVS,2,Health Care
2019-12,CVX,2,Energy
2019-12,CZR,1,Consumer Discretionary
2019-12,D,3,Utilities
2019-12,DAL,3,Industrials
2019-12,DD,2,Materials
2019-12,DDR,3,Unknown
2019-12,DDS,3,Consumer Discretionary
2019-12,DE,3,Industrials
2019-12,DECK,3,Consumer Discretionary
2019-12,DG,3,Consumer Staples
2019-12,DGX,3,Health Care
2019-12,DHI,3,Consumer Discretionary
2019-12,DHR,3,Health Care
2019-12,DIS,2,Communication Services
2019-12,DLR,3,Real Estate
2019-12,DLTR,3,Consumer Staples
2019-12,DLX,3,Unknown
2019-12,DOC,3,Real Estate
2019-12,DOV,3,Industrials
2019-12,DPZ,3,Consumer Discretionary
2019-12,DRI,3,Consumer Discretionary
2019-12,DTE,3,Utilities
2019-12,DUK,3,Utilities
2019-12,DVA,3,Health Care
2019-12,DVN,2,Energy
2019-12,DXC,1,Information Technology
2019-12,DXCM,3,Health Care
2019-12,EA,2,Communication Services
2019-12,EBAY,3,Consumer Discretionary
2019-12,EC,2,Unknown
2019-12,ECL,2,Materials
2019-12,ED,3,Utilities
2019-12,EFU,3,Unknown
2019-12,EFX,2,Industrials
2019-12,EG,3,Financials
2019-12,EHC,3,Health Care
2019-12,EIX,3,Utilities
2019-12,EL,2,Consumer Staples
2019-12,ELV,3,Health Care
2019-12,EME,3,Industrials
2019-12,EMN,1,Materials
2019-12,EMR,3,Industrials
2019-12,EOG,2,Energy
2019-12,EPAM,2,Information Technology
2019-12,EQIX,2,Real Estate
2019-12,EQR,3,Real Estate
2019-12,EQT,3,Energy
2019-12,ERIE,3,Unknown
2019-12,ES,3,Utilities
2019-12,ESS,3,Real Estate
2019-12,ETN,3,Industrials
2019-12,ETR,3,Utilities
2019-12,EW,3,Health Care
2019-12,EXC,3,Utilities
2019-12,EXPD,3,Industrials
2019-12,EXPE,2,Consumer Discretionary
2019-12,EXR,3,Real Estate
2019-12,F,2,Consumer Discretionary
2019-12,FANG,3,Energy
2019-12,FAST,3,Industrials
2019-12,FDS,3,Financials
2019-12,FDX,2,Industrials
2019-12,FE,3,Utilities
2019-12,FFIV,2,Information Technology
2019-12,FHN,1,Financials
2019-12,FICO,2,Information Technology
2019-12,FIS,2,Financials
2019-12,FISV,2,Financials
2019-12,FITB,1,Financials
2019-12,FIX,3,Industrials
2019-12,FLR,1,Unknown
2019-12,FLS,3,Industrials
2019-12,FMC,3,Materials
2019-12,FMCC,1,Unknown
2019-12,FNMA,1,Unknown
2019-12,FOSL,3,Unknown
2019-12,FRT,3,Real Estate
2019-12,FSLR,1,Information Technology
2019-12,FTI,2,Energy
2019-12,FTNT,3,Information Technology
2019-12,G,2,Industrials
2019-12,GD,2,Industrials
2019-12,GE,3,Industrials
2019-12,GEN,2,Information Technology
2019-12,GENZ,2,Unknown
2019-12,GHC,3,Unknown
2019-12,GILD,2,Health Care
2019-12,GIS,2,Consumer Staples
2019-12,GL,2,Financials
2019-12,GLW,3,Information Technology
2019-12,GM,2,Consumer Discretionary
2019-12,GME,3,Consumer Discretionary
2019-12,GNRC,3,Industrials
2019-12,GNW,1,Unknown
2019-12,GOOG,2,Communication Services
2019-12,GOOGL,2,Communication Services
2019-12,GPC,3,Consumer Discretionary
2019-12,GPN,2,Financials
2019-12,GRMN,3,Consumer Discretionary
2019-12,GS,1,Financials
2019-12,GT,1,Unknown
2019-12,GTE,2,Unknown
2019-12,GWW,3,Industrials
2019-12,H,3,Consumer Discretionary
2019-12,HAL,2,Energy
2019-12,HAS,2,Consumer Discretionary
2019-12,HBAN,1,Financials
2019-12,HCA,3,Health Care
2019-12,HD,3,Consumer Discretionary
2019-12,HIG,2,Financials
2019-12,HII,2,Industrials
2019-12,HLT,3,Consumer Discretionary
2019-12,HOG,3,Consumer Discretionary
2019-12,HON,2,Industrials
2019-12,HP,2,Unknown
2019-12,HPQ,2,Information Technology
2019-12,HRL,3,Consumer Staples
2019-12,HSIC,2,Health Care
2019-12,HST,3,Real Estate
2019-12,HSY,3,Consumer Staples
2019-12,HUBB,3,Industrials
2019-12,HUM,2,Health Care
2019-12,IBKR,1,Financials
2019-12,IBM,2,Information Technology
2019-12,ICE,2,Financials
2019-12,IDXX,3,Health Care
2019-12,IEX,3,Industrials
2019-12,IFF,2,Materials
2019-12,ILMN,3,Health Care
2019-12,INCY,3,Health Care
2019-12,INTC,2,Information Technology
2019-12,INTU,2,Information Technology
2019-12,IP,3,Materials
2019-12,IPGP,1,Information Technology
2019-12,IQV,3,Health Care
2019-12,IRM,3,Real Estate
2019-12,ISRG,2,Health Care
2019-12,IT,3,Information Technology
2019-12,ITT,3,Industrials
2019-12,ITW,3,Industrials
2019-12,IVZ,1,Financials
2019-12,J,3,Industrials
2019-12,JBHT,3,Industrials
2019-12,JBL,1,Information Technology
2019-12,JCI,3,Industrials
2019-12,JEF,1,Financials
2019-12,JKHY,2,Financials
2019-12,JNJ,2,Health Care
2019-12,JPM,1,Financials
2019-12,KBH,3,Unknown
2019-12,KDP,2,Consumer Staples
2019-12,KEY,1,Financials
2019-12,KEYS,3,Information Technology
2019-12,KG,1,Unknown
2019-12,KIM,3,Real Estate
2019-12,KKR,3,Financials
2019-12,KLAC,2,Information Technology
2019-12,KMB,2,Consumer Staples
2019-12,KMI,3,Energy
2019-12,KMX,3,Consumer Discretionary
2019-12,KO,2,Consumer Staples
2019-12,KR,3,Consumer Staples
2019-12,KSS,3,Unknown
2019-12,L,2,Financials
2019-12,LDOS,2,Industrials
2019-12,LEG,3,Unknown
2019-12,LEN,3,Consumer Discretionary
2019-12,LH,2,Health Care
2019-12,LHX,2,Industrials
2019-12,LII,3,Industrials
2019-12,LIN,2,Materials
2019-12,LKQ,3,Consumer Discretionary
2019-12,LLY,3,Health Care
2019-12,LMT,2,Industrials
2019-12,LNC,1,Financials
2019-12,LNT,3,Utilities
2019-12,LOW,3,Consumer Discretionary
2019-12,LPX,3,Materials
2019-12,LRCX,1,Information Technology
2019-12,LULU,3,Consumer Discretionary
2019-12,LUMN,3,Unknown
2019-12,LUV,3,Industrials
2019-12,LVS,3,Consumer Discretionary
2019-12,LYB,2,Materials
2019-12,LYV,2,Communication Services
2019-12,M,3,Consumer Discretionary
2019-12,MA,2,Financials
2019-12,MAA,3,Real Estate
2019-12,MAC,3,Unknown
2019-12,MAR,3,Consumer Discretionary
2019-12,MAS,3,Industrials
2019-12,MAT,3,Consumer Discretionary
2019-12,MBI,3,Unknown
2019-12,MCD,2,Consumer Discretionary
2019-12,MCHP,1,Information Technology
2019-12,MCK,2,Health Care
2019-12,MCO,3,Financials
2019-12,MDLZ,2,Consumer Staples
2019-12,MDT,2,Health Care
2019-12,MET,1,Financials
2019-12,META,2,Communication Services
2019-12,MGM,2,Consumer Discretionary
2019-12,MHK,3,Consumer Discretionary
2019-12,MKC,3,Consumer Staples
2019-12,MKTX,3,Financials
2019-12,MLM,3,Materials
2019-12,MMI,3,Unknown
2019-12,MMM,3,Industrials
2019-12,MNST,2,Consumer Staples
2019-12,MO,2,Consumer Staples
2019-12,MOH,3,Health Care
2019-12,MOS,3,Materials
2019-12,MPC,1,Energy
2019-12,MPWR,2,Information Technology
2019-12,MRK,2,Health Care
2019-12,MS,1,Financials
2019-12,MSCI,3,Financials
2019-12,MSFT,2,Information Technology
2019-12,MSI,3,Information Technology
2019-12,MTB,1,Financials
2019-12,MTCH,3,Communication Services
2019-12,MTD,2,Health Care
2019-12,MTG,1,Financials
2019-12,MTW,1,Unknown
2019-12,MU,1,Information Technology
2019-12,MUR,2,Unknown
2019-12,NAVI,3,Unknown
2019-12,NBR,2,Unknown
2019-12,NC,1,Unknown
2019-12,NCLH,2,Consumer Discretionary
2019-12,NDAQ,2,Financials
2019-12,NDSN,3,Industrials
2019-12,NEE,3,Utilities
2019-12,NEM,3,Materials
2019-12,NFLX,1,Communication Services
2019-12,NI,3,Utilities
2019-12,NKE,3,Consumer Discretionary
2019-12,NKTR,1,Unknown
2019-12,NOC,2,Industrials
2019-12,NOV,2,Energy
2019-12,NOW,2,Information Technology
2019-12,NRG,3,Utilities
2019-12,NSC,3,Industrials
2019-12,NTAP,3,Information Technology
2019-12,NTRS,1,Financials
2019-12,NUE,3,Materials
2019-12,NVDA,1,Information Technology
2019-12,NVR,3,Consumer Discretionary
2019-12,NWL,3,Consumer Discretionary
2019-12,NWS,2,Communication Services
2019-12,NWSA,2,Communication Services
2019-12,NXPI,1,Unknown
2019-12,NYT,2,Communication Services
2019-12,O,3,Real Estate
2019-12,ODFL,3,Industrials
2019-12,OI,1,Unknown
2019-12,OKE,2,Energy
2019-12,OMC,2,Communication Services
2019-12,ON,1,Information Technology
2019-12,ORCL,2,Information Technology
2019-12,ORLY,3,Consumer Discretionary
2019-12,OXY,2,Energy
2019-12,PANW,3,Information Technology
2019-12,PAYC,3,Information Technology
2019-12,PAYX,3,Industrials
2019-12,PBI,1,Unknown
2019-12,PCAR,3,Industrials
2019-12,PEG,3,Utilities
2019-12,PENN,1,Consumer Discretionary
2019-12,PEP,2,Consumer Staples
2019-12,PFE,2,Health Care
2019-12,PFG,1,Financials
2019-12,PG,2,Consumer Staples
2019-12,PGR,3,Financials
2019-12,PH,3,Industrials
2019-12,PHM,3,Consumer Discretionary
2019-12,PKG,2,Materials
2019-12,PLD,3,Real Estate
2019-12,PM,2,Consumer Staples
2019-12,PNC,1,Financials
2019-12,PNR,3,Industrials
2019-12,PNW,3,Utilities
2019-12,PODD,3,Health Care
2019-12,POOL,3,Consumer Discretionary
2019-12,PPG,3,Materials
2019-12,PPL,3,Utilities
2019-12,PRGO,3,Health Care
2019-12,PRU,1,Financials
2019-12,PSA,3,Real Estate
2019-12,PSKY,2,Unknown
2019-12,PSX,3,Energy
2019-12,PTC,3,Information Technology
2019-12,PVH,3,Consumer Discretionary
2019-12,PWJ,3,Unknown
2019-12,PWR,1,Industrials
2019-12,QCOM,3,Information Technology
2019-12,R,3,Industrials
2019-12,RCL,2,Consumer Discretionary
2019-12,REG,3,Real Estate
2019-12,REGN,3,Health Care
2019-12,RF,1,Financials
2019-12,RHI,1,Industrials
2019-12,RIG,2,Unknown
2019-12,RJF,1,Financials
2019-12,RL,3,Consumer Discretionary
2019-12,RMD,3,Health Care
2019-12,ROK,3,Industrials
2019-12,ROL,3,Industrials
2019-12,ROP,2,Industrials
2019-12,ROST,3,Consumer Discretionary
2019-12,RRC,3,Energy
2019-12,RSG,2,Industrials
2019-12,RTX,3,Industrials
2019-12,RVTY,3,Health Care
2019-12,SANM,1,Unknown
2019-12,SBAC,2,Real Estate
2019-12,SBUX,3,Consumer Discretionary
2019-12,SCHW,1,Financials
2019-12,SCI,2,Consumer Discretionary
2019-12,SDS,3,Unknown
2019-12,SHW,3,Materials
2019-12,SIG,1,Unknown
2019-12,SII,3,Unknown
2019-12,SJM,2,Consumer Staples
2019-12,SLB,3,Energy
2019-12,SLG,3,Unknown
2019-12,SLM,1,Financials
2019-12,SMCI,3,Information Technology
2019-12,SNA,2,Industrials
2019-12,SNPS,2,Information Technology
2019-12,SO,3,Utilities
2019-12,SPG,3,Real Estate
2019-12,SPGI,2,Financials
2019-12,SRE,3,Utilities
2019-12,SSP,1,Unknown
2019-12,STE,2,Health Care
2019-12,STLD,1,Materials
2019-12,STT,1,Financials
2019-12,STX,3,Unknown
2019-12,STZ,3,Consumer Staples
2019-12,SUB,3,Unknown
2019-12,SUN,2,Unknown
2019-12,SW,3,Materials
2019-12,SWK,2,Industrials
2019-12,SWKS,1,Information Technology
2019-12,SYF,1,Financials
2019-12,SYK,2,Health Care
2019-12,SYY,3,Consumer Staples
2019-12,T,3,Communication Services
2019-12,TAP,2,Consumer Staples
2019-12,TDC,1,Information Technology
2019-12,TDG,2,Industrials
2019-12,TDY,3,Industrials
2019-12,TECH,3,Health Care
2019-12,TEL,1,Unknown
2019-12,TER,1,Information Technology
2019-12,TEX,3,Unknown
2019-12,TFC,1,Financials
2019-12,TFX,3,Health Care
2019-12,TGT,3,Consumer Staples
2019-12,THC,3,Health Care
2019-12,TJX,3,Consumer Discretionary
2019-12,TKO,3,Communication Services
2019-12,TKR,3,Industrials
2019-12,TMO,2,Health Care
2019-12,TMUS,3,Communication Services
2019-12,TPL,1,Energy
2019-12,TPR,3,Consumer Discretionary
2019-12,TRGP,2,Energy
2019-12,TRIP,3,Unknown
2019-12,TRMB,3,Information Technology
2019-12,TROW,2,Financials
2019-12,TRV,2,Financials
2019-12,TSCO,3,Consumer Discretionary
2019-12,TSN,3,Consumer Staples
2019-12,TT,3,Industrials
2019-12,TTWO,2,Communication Services
2019-12,TX,2,Unknown
2019-12,TXN,2,Information Technology
2019-12,TXT,1,Industrials
2019-12,TYL,2,Information Technology
2019-12,UAA,3,Consumer Discretionary
2019-12,UAL,3,Industrials
2019-12,UDR,3,Real Estate
2019-12,UHS,2,Health Care
2019-12,UIS,1,Unknown
2019-12,ULTA,2,Consumer Discretionary
2019-12,UNH,3,Health Care
2019-12,UNM,1,Financials
2019-12,UNP,3,Industrials
2019-12,UPS,2,Industrials
2019-12,URBN,3,Unknown
2019-12,URI,1,Industrials
2019-12,USB,2,Financials
2019-12,UST,3,Unknown
2019-12,V,2,Financials
2019-12,VFC,2,Consumer Discretionary
2019-12,VIAV,3,Unknown
2019-12,VLO,1,Energy
2019-12,VMC,3,Materials
2019-12,VNO,3,Real Estate
2019-12,VO,3,Unknown
2019-12,VRSK,2,Industrials
2019-12,VRSN,2,Information Technology
2019-12,VRTS,1,Unknown
2019-12,VRTX,2,Health Care
2019-12,VTR,3,Real Estate
2019-12,VTRS,1,Health Care
2019-12,VZ,2,Communication Services
2019-12,WAB,3,Industrials
2019-12,WAT,2,Health Care
2019-12,WB,1,Unknown
2019-12,WBD,2,Communication Services
2019-12,WDAY,2,Information Technology
2019-12,WDC,1,Information Technology
2019-12,WEC,3,Utilities
2019-12,WELL,3,Real Estate
2019-12,WEN,3,Consumer Discretionary
2019-12,WFC,2,Financials
2019-12,WHR,3,Consumer Discretionary
2019-12,WM,2,Industrials
2019-12,WMB,1,Energy
2019-12,WMT,3,Consumer Staples
2019-12,WOR,3,Unknown
2019-12,WRB,2,Financials
2019-12,WSM,3,Consumer Discretionary
2019-12,WST,3,Health Care
2019-12,WTW,2,Financials
2019-12,WU,2,Information Technology
2019-12,WY,3,Real Estate
2019-12,WYNN,3,Consumer Discretionary
2019-12,XEL,3,Utilities
2019-12,XOM,2,Energy
2019-12,XRAY,2,Health Care
2019-12,XRX,2,Unknown
2019-12,XYL,3,Industrials
2019-12,YUM,3,Consumer Discretionary
2019-12,ZBH,2,Health Care
2019-12,ZBRA,1,Information Technology
2019-12,ZION,1,Financials
2019-12,ZTS,3,Health Care
2020-12,A,3,Health Care
2020-12,AAL,2,Industrials
2020-12,AAP,3,Unknown
2020-12,AAPL,3,Information Technology
2020-12,ABBV,3,Health Care
2020-12,ABT,3,Health Care
2020-12,ACGL,2,Financials
2020-12,ACN,3,Information Technology
2020-12,ACV,3,Unknown
2020-12,ADBE,3,Information Technology
2020-12,ADI,3,Information Technology
2020-12,ADM,3,Consumer Staples
2020-12,ADP,3,Industrials
2020-12,ADSK,3,Information Technology
2020-12,AEE,3,Utilities
2020-12,AEP,3,Utilities
2020-12,AES,3,Utilities
2020-12,AFL,3,Financials
2020-12,AIG,2,Financials
2020-12,AIV,2,Unknown
2020-12,AIZ,3,Financials
2020-12,AJG,3,Financials
2020-12,AKAM,3,Information Technology
2020-12,AL,2,Industrials
2020-12,ALB,2,Materials
2020-12,ALGN,2,Health Care
2020-12,ALK,2,Industrials
2020-12,ALL,3,Financials
2020-12,ALLE,3,Industrials
2020-12,AMAT,2,Information Technology
2020-12,AMCR,3,Materials
2020-12,AMD,3,Information Technology
2020-12,AME,3,Industrials
2020-12,AMG,2,Financials
2020-12,AMGN,3,Health Care
2020-12,AMP,2,Financials
2020-12,AMT,3,Real Estate
2020-12,AMZN,3,Consumer Discretionary
2020-12,AN,2,Consumer Discretionary
2020-12,ANET,3,Information Technology
2020-12,ANF,2,Unknown
2020-12,AON,3,Financials
2020-12,AOS,3,Industrials
2020-12,APA,1,Energy
2020-12,APD,3,Materials
2020-12,APH,3,Information Technology
2020-12,APO,3,Financials
2020-12,APTV,2,Consumer Discretionary
2020-12,ARE,3,Real Estate
2020-12,ARES,3,Financials
2020-12,ASH,3,Materials
2020-12,ATI,2,Industrials
2020-12,ATO,3,Utilities
2020-12,AVB,3,Real Estate
2020-12,AVGO,3,Information Technology
2020-12,AVY,3,Materials
2020-12,AWK,3,Utilities
2020-12,AXON,2,Industrials
2020-12,AXP,2,Financials
2020-12,AYI,2,Industrials
2020-12,AZO,3,Consumer Discretionary
2020-12,BA,2,Industrials
2020-12,BAC,2,Financials
2020-12,BALL,3,Materials
2020-12,BAX,3,Health Care
2020-12,BBT,2,Unknown
2020-12,BBWI,2,Consumer Discretionary
2020-12,BBY,2,Consumer Discretionary
2020-12,BC,2,Consumer Discretionary
2020-12,BDX,3,Health Care
2020-12,BEN,3,Financials
2020-12,BF.B,3,Consumer Staples
2020-12,BG,2,Consumer Staples
2020-12,BIIB,3,Health Care
2020-12,BIO,3,Health Care
2020-12,BK,2,Unknown
2020-12,BKNG,3,Consumer Discretionary
2020-12,BKR,2,Energy
2020-12,BLDR,2,Industrials
2020-12,BLK,3,Financials
2020-12,BMC,2,Unknown
2020-12,BMY,3,Health Care
2020-12,BR,3,Industrials
2020-12,BRK.B,3,Financials
2020-12,BRO,3,Financials
2020-12,BSX,3,Health Care
2020-12,BUD,3,Unknown
2020-12,BWA,2,Consumer Discretionary
2020-12,BX,3,Financials
2020-12,BXP,2,Real Estate
2020-12,C,2,Financials
2020-12,CAG,3,Consumer Staples
2020-12,CAH,3,Health Care
2020-12,CAR,2,Industrials
2020-12,CAT,3,Industrials
2020-12,CB,2,Financials
2020-12,CBOE,3,Financials
2020-12,CBRE,2,Real Estate
2020-12,CCEP,3,Unknown
2020-12,CCI,3,Real Estate
2020-12,CCK,3,Materials
2020-12,CCL,2,Consumer Discretionary
2020-12,CCU,3,Unknown
2020-12,CDNS,3,Information Technology
2020-12,CDW,3,Information Technology
2020-12,CE,2,Materials
2020-12,CF,2,Materials
2020-12,CFG,2,Financials
2020-12,CG,2,Financials
2020-12,CHD,3,Consumer Staples
2020-12,CHRW,3,Industrials
2020-12,CHTR,3,Communication Services
2020-12,CI,3,Health Care
2020-12,CIEN,3,Information Technology
2020-12,CINF,3,Financials
2020-12,CL,3,Consumer Staples
2020-12,CLF,1,Materials
2020-12,CLX,3,Consumer Staples
2020-12,CMCSA,3,Communication Services
2020-12,CME,3,Financials
2020-12,CMG,3,Consumer Discretionary
2020-12,CMI,3,Industrials
2020-12,CMS,3,Utilities
2020-12,CMX,1,Unknown
2020-12,CNC,3,Health Care
2020-12,CNG,3,Unknown
2020-12,CNP,2,Utilities
2020-12,CNX,1,Unknown
2020-12,CNXT,3,Unknown
2020-12,COF,2,Financials
2020-12,COMS,1,Unknown
2020-12,COO,3,Health Care
2020-12,COP,2,Energy
2020-12,COR,3,Health Care
2020-12,COST,3,Consumer Staples
2020-12,COTY,1,Consumer Staples
2020-12,CPAY,3,Financials
2020-12,CPB,3,Consumer Staples
2020-12,CPRI,2,Unknown
2020-12,CPRT,2,Industrials
2020-12,CPT,3,Real Estate
2020-12,CRH,3,Materials
2020-12,CRL,3,Health Care
2020-12,CRM,3,Information Technology
2020-12,CSCO,3,Information Technology
2020-12,CSGP,3,Real Estate
2020-12,CSR,3,Unknown
2020-12,CSX,3,Industrials
2020-12,CTAS,3,Industrials
2020-12,CTRA,3,Unknown
2020-12,CTSH,2,Information Technology
2020-12,CVG,3,Unknown
2020-12,CVS,3,Health Care
2020-12,CVX,3,Energy
2020-12,CZR,2,Consumer Discretionary
2020-12,D,3,Utilities
2020-12,DAL,2,Industrials
2020-12,DD,2,Materials
2020-12,DDR,2,Unknown
2020-12,DDS,2,Consumer Discretionary
2020-12,DE,3,Industrials
2020-12,DECK,2,Consumer Discretionary
2020-12,DG,3,Consumer Staples
2020-12,DGX,3,Health Care
2020-12,DHI,3,Consumer Discretionary
2020-12,DHR,3,Health Care
2020-12,DIS,3,Communication Services
2020-12,DLR,3,Real Estate
2020-12,DLTR,3,Consumer Staples
2020-12,DLX,3,Unknown
2020-12,DOC,3,Real Estate
2020-12,DOV,3,Industrials
2020-12,DPZ,3,Consumer Discretionary
2020-12,DRI,2,Consumer Discretionary
2020-12,DTE,3,Utilities
2020-12,DUK,3,Utilities
2020-12,DVA,3,Health Care
2020-12,DVN,2,Energy
2020-12,DXC,3,Information Technology
2020-12,DXCM,3,Health Care
2020-12,EA,3,Communication Services
2020-12,EBAY,3,Consumer Discretionary
2020-12,EC,3,Unknown
2020-12,ECL,3,Materials
2020-12,ED,3,Utilities
2020-12,EFU,3,Unknown
2020-12,EFX,3,Industrials
2020-12,EG,3,Financials
2020-12,EHC,3,Health Care
2020-12,EIX,3,Utilities
2020-12,EL,3,Consumer Staples
2020-12,ELV,3,Health Care
2020-12,EME,3,Industrials
2020-12,EMN,2,Materials
2020-12,EMR,3,Industrials
2020-12,ENPH,2,Information Technology
2020-12,EOG,2,Energy
2020-12,EPAM,3,Information Technology
2020-12,EQIX,3,Real Estate
2020-12,EQR,3,Real Estate
2020-12,EQT,1,Energy
2020-12,ERIE,3,Unknown
2020-12,ES,3,Utilities
2020-12,ESS,3,Real Estate
2020-12,ETN,3,Industrials
2020-12,ETR,3,Utilities
2020-12,ETSY,2,Consumer Discretionary
2020-12,EVRG,2,Utilities
2020-12,EW,3,Health Care
2020-12,EXC,3,Utilities
2020-12,EXPD,3,Industrials
2020-12,EXPE,2,Consumer Discretionary
2020-12,F,2,Consumer Discretionary
2020-12,FANG,2,Energy
2020-12,FAST,3,Industrials
2020-12,FCPT,3,Unknown
2020-12,FCX,1,Materials
2020-12,FDS,3,Financials
2020-12,FDX,3,Industrials
2020-12,FE,3,Utilities
2020-12,FFIV,3,Information Technology
2020-12,FHN,2,Financials
2020-12,FICO,3,Information Technology
2020-12,FIS,3,Financials
2020-12,FISV,3,Financials
2020-12,FITB,2,Financials
2020-12,FIX,3,Industrials
2020-12,FLR,2,Unknown
2020-12,FLS,2,Industrials
2020-12,FMC,3,Materials
2020-12,FMCC,1,Unknown
2020-12,FNMA,1,Unknown
2020-12,FOSL,1,Unknown
2020-12,FRT,3,Real Estate
2020-12,FSLR,2,Information Technology
2020-12,FTI,2,Energy
2020-12,FTNT,3,Information Technology
2020-12,G,3,Industrials
2020-12,GD,3,Industrials
2020-12,GDDY,2,Information Technology
2020-12,GE,2,Industrials
2020-12,GEN,3,Information Technology
2020-12,GENZ,3,Unknown
2020-12,GHC,3,Unknown
2020-12,GILD,3,Health Care
2020-12,GIS,3,Consumer Staples
2020-12,GL,2,Financials
2020-12,GLW,3,Information Technology
2020-12,GM,2,Consumer Discretionary
2020-12,GME,1,Consumer Discretionary
2020-12,GNRC,3,Industrials
2020-12,GNW,2,Unknown
2020-12,GOOG,3,Communication Services
2020-12,GOOGL,3,Communication Services
2020-12,GPC,3,Consumer Discretionary
2020-12,GPN,3,Financials
2020-12,GRMN,3,Consumer Discretionary
2020-12,GS,2,Financials
2020-12,GT,2,Unknown
2020-12,GTE,2,Unknown
2020-12,GWW,3,Industrials
2020-12,H,2,Consumer Discretionary
2020-12,HAL,2,Energy
2020-12,HAS,3,Consumer Discretionary
2020-12,HBAN,2,Financials
2020-12,HCA,3,Health Care
2020-12,HD,3,Consumer Discretionary
2020-12,HIG,2,Financials
2020-12,HII,2,Industrials
2020-12,HLT,3,Consumer Discretionary
2020-12,HOG,2,Consumer Discretionary
2020-12,HON,3,Industrials
2020-12,HP,2,Unknown
2020-12,HPE,3,Information Technology
2020-12,HPQ,3,Information Technology
2020-12,HRB,2,Consumer Discretionary
2020-12,HRL,3,Consumer Staples
2020-12,HSIC,3,Health Care
2020-12,HST,3,Real Estate
2020-12,HSY,3,Consumer Staples
2020-12,HUBB,3,Industrials
2020-12,HUM,3,Health Care
2020-12,IBKR,2,Financials
2020-12,IBM,3,Information Technology
2020-12,ICE,3,Financials
2020-12,IDXX,3,Health Care
2020-12,IEX,3,Industrials
2020-12,IFF,3,Materials
2020-12,ILMN,3,Health Care
2020-12,INCY,3,Health Care
2020-12,INTC,3,Information Technology
2020-12,INTU,3,Information Technology
2020-12,IP,3,Materials
2020-12,IPGP,3,Information Technology
2020-12,IQV,3,Health Care
2020-12,IRM,3,Real Estate
2020-12,ISRG,3,Health Care
2020-12,IT,3,Information Technology
2020-12,ITT,2,Industrials
2020-12,ITW,3,Industrials
2020-12,IVZ,2,Financials
2020-12,J,3,Industrials
2020-12,JBHT,3,Industrials
2020-12,JBL,2,Information Technology
2020-12,JCI,3,Industrials
2020-12,JEF,2,Financials
2020-12,JKHY,3,Financials
2020-12,JNJ,3,Health Care
2020-12,JPM,2,Financials
2020-12,KBH,2,Unknown
2020-12,KDP,3,Consumer Staples
2020-12,KEY,2,Financials
2020-12,KEYS,3,Information Technology
2020-12,KG,1,Unknown
2020-12,KHC,3,Consumer Staples
2020-12,KIM,3,Real Estate
2020-12,KKR,3,Financials
2020-12,KLAC,3,Information Technology
2020-12,KMB,3,Consumer Staples
2020-12,KMI,3,Energy
2020-12,KMX,2,Consumer Discretionary
2020-12,KO,3,Consumer Staples
2020-12,KR,3,Consumer Staples
2020-12,KSS,2,Unknown
2020-12,L,2,Financials
2020-12,LDG,2,Unknown
2020-12,LDOS,3,Industrials
2020-12,LEG,3,Unknown
2020-12,LEN,3,Consumer Discretionary
2020-12,LH,3,Health Care
2020-12,LHX,3,Industrials
2020-12,LII,3,Industrials
2020-12,LIN,3,Materials
2020-12,LKQ,2,Consumer Discretionary
2020-12,LLY,3,Health Care
2020-12,LMT,3,Industrials
2020-12,LNC,2,Financials
2020-12,LNT,3,Utilities
2020-12,LOW,3,Consumer Discretionary
2020-12,LPX,2,Materials
2020-12,LRCX,2,Information Technology
2020-12,LULU,3,Consumer Discretionary
2020-12,LUMN,3,Unknown
2020-12,LUV,3,Industrials
2020-12,LVS,3,Consumer Discretionary
2020-12,LYB,2,Materials
2020-12,LYV,3,Communication Services
2020-12,M,2,Consumer Discretionary
2020-12,MA,3,Financials
2020-12,MAA,3,Real Estate
2020-12,MAC,2,Unknown
2020-12,MAR,2,Consumer Discretionary
2020-12,MAS,3,Industrials
2020-12,MAT,2,Consumer Discretionary
2020-12,MBI,3,Unknown
2020-12,MCD,3,Consumer Discretionary
2020-12,MCHP,2,Information Technology
2020-12,MCK,3,Health Care
2020-12,MCO,3,Financials
2020-12,MDLZ,3,Consumer Staples
2020-12,MDT,3,Health Care
2020-12,MET,2,Financials
2020-12,META,3,Communication Services
2020-12,MGM,2,Consumer Discretionary
2020-12,MHK,2,Consumer Discretionary
2020-12,MKC,3,Consumer Staples
2020-12,MKTX,3,Financials
2020-12,MLM,3,Materials
2020-12,MMI,3,Unknown
2020-12,MMM,3,Industrials
2020-12,MNST,3,Consumer Staples
2020-12,MO,3,Consumer Staples
2020-12,MOH,3,Health Care
2020-12,MOS,2,Materials
2020-12,MPC,2,Energy
2020-12,MPWR,3,Information Technology
2020-12,MRK,3,Health Care
2020-12,MS,2,Financials
2020-12,MSCI,3,Financials
2020-12,MSFT,3,Information Technology
2020-12,MSI,3,Information Technology
2020-12,MTB,2,Financials
2020-12,MTCH,3,Communication Services
2020-12,MTD,3,Health Care
2020-12,MTG,2,Financials
2020-12,MTW,2,Unknown
2020-12,MU,2,Information Technology
2020-12,MUR,2,Unknown
2020-12,NAVI,2,Unknown
2020-12,NBR,1,Unknown
2020-12,NC,2,Unknown
2020-12,NCLH,2,Consumer Discretionary
2020-12,NDAQ,3,Financials
2020-12,NDSN,3,Industrials
2020-12,NEE,3,Utilities
2020-12,NEM,3,Materials
2020-12,NFLX,3,Communication Services
2020-12,NI,3,Utilities
2020-12,NKE,3,Consumer Discretionary
2020-12,NKTR,2,Unknown
2020-12,NOC,3,Industrials
2020-12,NOV,2,Energy
2020-12,NOW,3,Information Technology
2020-12,NRG,3,Utilities
2020-12,NSC,3,Industrials
2020-12,NTAP,3,Information Technology
2020-12,NTRS,2,Financials
2020-12,NUE,3,Materials
2020-12,NVDA,3,Information Technology
2020-12,NVR,3,Consumer Discretionary
2020-12,NWL,3,Consumer Discretionary
2020-12,NWS,3,Communication Services
2020-12,NWSA,3,Communication Services
2020-12,NXPI,2,Unknown
2020-12,NYT,3,Communication Services
2020-12,O,3,Real Estate
2020-12,ODFL,3,Industrials
2020-12,OI,3,Unknown
2020-12,OKE,2,Energy
2020-12,OMC,3,Communication Services
2020-12,ON,2,Information Technology
2020-12,ORCL,3,Information Technology
2020-12,ORLY,3,Consumer Discretionary
2020-12,OXY,2,Energy
2020-12,PANW,3,Information Technology
2020-12,PAYC,3,Information Technology
2020-12,PAYX,3,Industrials
2020-12,PBI,1,Unknown
2020-12,PCAR,3,Industrials
2020-12,PCG,2,Utilities
2020-12,PEG,3,Utilities
2020-12,PENN,2,Consumer Discretionary
2020-12,PEP,3,Consumer Staples
2020-12,PFE,3,Health Care
2020-12,PFG,2,Financials
2020-12,PG,3,Consumer Staples
2020-12,PGR,3,Financials
2020-12,PH,2,Industrials
2020-12,PHM,3,Consumer Discretionary
2020-12,PKG,3,Materials
2020-12,PLD,3,Real Estate
2020-12,PM,3,Consumer Staples
2020-12,PNC,2,Financials
2020-12,PNR,3,Industrials
2020-12,PNW,3,Utilities
2020-12,PODD,3,Health Care
2020-12,POOL,3,Consumer Discretionary
2020-12,PPG,3,Materials
2020-12,PPL,3,Utilities
2020-12,PRGO,3,Health Care
2020-12,PRU,2,Financials
2020-12,PSKY,2,Unknown
2020-12,PSX,2,Energy
2020-12,PTC,3,Information Technology
2020-12,PVH,2,Consumer Discretionary
2020-12,PWJ,3,Unknown
2020-12,PWR,3,Industrials
2020-12,PYPL,3,Financials
2020-12,QCOM,2,Information Technology
2020-12,QRVO,3,Information Technology
2020-12,R,2,Industrials
2020-12,RCL,2,Consumer Discretionary
2020-12,REG,3,Real Estate
2020-12,REGN,3,Health Care
2020-12,RF,2,Financials
2020-12,RHI,2,Industrials
2020-12,RJF,2,Financials
2020-12,RL,2,Consumer Discretionary
2020-12,RMD,3,Health Care
2020-12,ROK,3,Industrials
2020-12,ROL,3,Industrials
2020-12,ROP,3,Industrials
2020-12,ROST,3,Consumer Discretionary
2020-12,RRC,1,Energy
2020-12,RSG,3,Industrials
2020-12,RTX,3,Industrials
2020-12,RVTY,3,Health Care
2020-12,SANM,3,Unknown
2020-12,SBAC,3,Real Estate
2020-12,SBUX,3,Consumer Discretionary
2020-12,SCHW,2,Financials
2020-12,SCI,2,Consumer Discretionary
2020-12,SDS,3,Unknown
2020-12,SEDG,2,Unknown
2020-12,SHW,3,Materials
2020-12,SIG,2,Unknown
2020-12,SII,3,Unknown
2020-12,SJM,3,Consumer Staples
2020-12,SLB,2,Energy
2020-12,SLG,2,Unknown
2020-12,SLM,2,Financials
2020-12,SMCI,3,Information Technology
2020-12,SNA,3,Industrials
2020-12,SNPS,3,Information Technology
2020-12,SO,3,Utilities
2020-12,SPG,3,Real Estate
2020-12,SPGI,3,Financials
2020-12,SRE,3,Utilities
2020-12,SSP,2,Unknown
2020-12,STE,3,Health Care
2020-12,STLD,2,Materials
2020-12,STT,2,Financials
2020-12,STX,3,Unknown
2020-12,STZ,3,Consumer Staples
2020-12,SUB,3,Unknown
2020-12,SUN,3,Unknown
2020-12,SW,3,Materials
2020-12,SWK,3,Industrials
2020-12,SWKS,3,Information Technology
2020-12,SYF,2,Financials
2020-12,SYK,3,Health Care
2020-12,SYY,3,Consumer Staples
2020-12,T,3,Communication Services
2020-12,TAP,3,Consumer Staples
2020-12,TDC,3,Information Technology
2020-12,TDG,3,Industrials
2020-12,TDY,3,Industrials
2020-12,TECH,3,Health Care
2020-12,TEL,3,Unknown
2020-12,TER,3,Information Technology
2020-12,TEX,2,Unknown
2020-12,TFC,2,Financials
2020-12,TFX,3,Health Care
2020-12,TGT,3,Consumer Staples
2020-12,THC,3,Health Care
2020-12,TJX,3,Consumer Discretionary
2020-12,TKO,3,Communication Services
2020-12,TKR,3,Industrials
2020-12,TMO,3,Health Care
2020-12,TMUS,3,Communication Services
2020-12,TPL,3,Energy
2020-12,TPR,2,Consumer Discretionary
2020-12,TRGP,2,Energy
2020-12,TRIP,3,Unknown
2020-12,TRMB,3,Information Technology
2020-12,TROW,3,Financials
2020-12,TRV,3,Financials
2020-12,TSCO,3,Consumer Discretionary
2020-12,TSLA,1,Consumer Discretionary
2020-12,TSN,3,Consumer Staples
2020-12,TT,3,Industrials
2020-12,TTWO,3,Communication Services
2020-12,TX,2,Unknown
2020-12,TXN,3,Information Technology
2020-12,TXT,2,Industrials
2020-12,TYL,3,Information Technology
2020-12,UAA,2,Consumer Discretionary
2020-12,UAL,2,Industrials
2020-12,UDR,3,Real Estate
2020-12,UHS,3,Health Care
2020-12,UIS,2,Unknown
2020-12,ULTA,3,Consumer Discretionary
2020-12,UNH,3,Health Care
2020-12,UNM,2,Financials
2020-12,UNP,3,Industrials
2020-12,UPS,3,Industrials
2020-12,URBN,2,Unknown
2020-12,URI,2,Industrials
2020-12,USB,2,Financials
2020-12,UST,3,Unknown
2020-12,V,3,Financials
2020-12,VFC,3,Consumer Discretionary
2020-12,VIAV,3,Unknown
2020-12,VLO,2,Energy
2020-12,VMC,3,Materials
2020-12,VNO,3,Real Estate
2020-12,VO,3,Unknown
2020-12,VRSK,3,Industrials
2020-12,VRSN,3,Information Technology
2020-12,VRTS,2,Unknown
2020-12,VRTX,3,Health Care
2020-12,VTR,3,Real Estate
2020-12,VTRS,3,Health Care
2020-12,VZ,3,Communication Services
2020-12,WAB,2,Industrials
2020-12,WAT,3,Health Care
2020-12,WB,2,Unknown
2020-12,WBD,3,Communication Services
2020-12,WDAY,3,Information Technology
2020-12,WDC,3,Information Technology
2020-12,WEC,3,Utilities
2020-12,WELL,3,Real Estate
2020-12,WEN,3,Consumer Discretionary
2020-12,WFC,2,Financials
2020-12,WHR,2,Consumer Discretionary
2020-12,WM,3,Industrials
2020-12,WMB,2,Energy
2020-12,WMT,3,Consumer Staples
2020-12,WOR,2,Unknown
2020-12,WRB,3,Financials
2020-12,WSM,2,Consumer Discretionary
2020-12,WST,3,Health Care
2020-12,WTW,3,Financials
2020-12,WU,3,Information Technology
2020-12,WY,3,Real Estate
2020-12,WYNN,2,Consumer Discretionary
2020-12,XEL,3,Utilities
2020-12,XOM,3,Energy
2020-12,XRAY,3,Health Care
2020-12,XRX,3,Unknown
2020-12,XYL,3,Industrials
2020-12,XYZ,3,Financials
2020-12,YUM,3,Consumer Discretionary
2020-12,ZBH,3,Health Care
2020-12,ZBRA,2,Information Technology
2020-12,ZION,2,Financials
2020-12,ZTS,3,Health Care
2021-12,A,2,Health Care
2021-12,AAL,2,Industrials
2021-12,AAP,3,Unknown
2021-12,AAPL,3,Information Technology
2021-12,ABBV,3,Health Care
2021-12,ABT,2,Health Care
2021-12,ACGL,3,Financials
2021-12,ACN,3,Information Technology
2021-12,ACV,2,Unknown
2021-12,ADBE,2,Information Technology
2021-12,ADI,3,Information Technology
2021-12,ADM,2,Consumer Staples
2021-12,ADP,3,Industrials
2021-12,ADSK,2,Information Technology
2021-12,AEE,3,Utilities
2021-12,AEP,3,Utilities
2021-12,AES,2,Utilities
2021-12,AFL,3,Financials
2021-12,AIG,2,Financials
2021-12,AIV,3,Unknown
2021-12,AIZ,3,Financials
2021-12,AJG,2,Financials
2021-12,AKAM,3,Information Technology
2021-12,AL,2,Industrials
2021-12,ALB,2,Materials
2021-12,ALGN,2,Health Care
2021-12,ALK,2,Industrials
2021-12,ALL,2,Financials
2021-12,ALLE,3,Industrials
2021-12,AMAT,2,Information Technology
2021-12,AMCR,3,Materials
2021-12,AMD,2,Information Technology
2021-12,AME,3,Industrials
2021-12,AMG,2,Financials
2021-12,AMGN,2,Health Care
2021-12,AMP,2,Financials
2021-12,AMT,3,Real Estate
2021-12,AMZN,2,Consumer Discretionary
2021-12,AN,2,Consumer Discretionary
2021-12,ANET,3,Information Technology
2021-12,ANF,2,Unknown
2021-12,AON,2,Financials
2021-12,AOS,3,Industrials
2021-12,APA,1,Energy
2021-12,APD,3,Materials
2021-12,APH,3,Information Technology
2021-12,APO,2,Financials
2021-12,APTV,2,Consumer Discretionary
2021-12,ARE,3,Real Estate
2021-12,ARES,2,Financials
2021-12,ASH,3,Materials
2021-12,ATI,2,Industrials
2021-12,ATO,3,Utilities
2021-12,AVB,3,Real Estate
2021-12,AVGO,3,Information Technology
2021-12,AVY,2,Materials
2021-12,AWK,3,Utilities
2021-12,AXON,1,Industrials
2021-12,AXP,2,Financials
2021-12,AYI,2,Industrials
2021-12,AZO,3,Consumer Discretionary
2021-12,BA,2,Industrials
2021-12,BAC,2,Financials
2021-12,BALL,2,Materials
2021-12,BAX,2,Health Care
2021-12,BBT,2,Unknown
2021-12,BBWI,2,Consumer Discretionary
2021-12,BBY,2,Consumer Discretionary
2021-12,BC,3,Consumer Discretionary
2021-12,BDX,2,Health Care
2021-12,BEN,2,Financials
2021-12,BF.B,3,Consumer Staples
2021-12,BG,2,Consumer Staples
2021-12,BIIB,2,Health Care
2021-12,BIO,2,Health Care
2021-12,BK,2,Unknown
2021-12,BKNG,2,Consumer Discretionary
2021-12,BKR,2,Energy
2021-12,BLDR,2,Industrials
2021-12,BLK,2,Financials
2021-12,BMC,1,Unknown
2021-12,BMY,3,Health Care
2021-12,BR,3,Industrials
2021-12,BRK.B,2,Financials
2021-12,BRO,2,Financials
2021-12,BSX,2,Health Care
2021-12,BUD,2,Unknown
2021-12,BWA,2,Consumer Discretionary
2021-12,BX,2,Financials
2021-12,BXP,2,Real Estate
2021-12,C,2,Financials
2021-12,CAG,2,Consumer Staples
2021-12,CAH,2,Health Care
2021-12,CAR,2,Industrials
2021-12,CAT,2,Industrials
2021-12,CB,2,Financials
2021-12,CBOE,2,Financials
2021-12,CBRE,2,Real Estate
2021-12,CCEP,3,Unknown
2021-12,CCI,3,Real Estate
2021-12,CCK,2,Materials
2021-12,CCL,2,Consumer Discretionary
2021-12,CCU,2,Unknown
2021-12,CDNS,2,Information Technology
2021-12,CDW,2,Information Technology
2021-12,CE,2,Materials
2021-12,CF,2,Materials
2021-12,CFG,2,Financials
2021-12,CG,2,Financials
2021-12,CHD,3,Consumer Staples
2021-12,CHRW,3,Industrials
2021-12,CHTR,2,Communication Services
2021-12,CI,2,Health Care
2021-12,CIEN,3,Information Technology
2021-12,CINF,2,Financials
2021-12,CL,3,Consumer Staples
2021-12,CLF,1,Materials
2021-12,CLX,3,Consumer Staples
2021-12,CMCSA,3,Communication Services
2021-12,CME,3,Financials
2021-12,CMG,3,Consumer Discretionary
2021-12,CMI,2,Industrials
2021-12,CMS,3,Utilities
2021-12,CMX,2,Unknown
2021-12,CNC,2,Health Care
2021-12,CNG,2,Unknown
2021-12,CNP,3,Utilities
2021-12,CNX,1,Unknown
2021-12,CNXT,2,Unknown
2021-12,COF,2,Financials
2021-12,COMS,1,Unknown
2021-12,COO,2,Health Care
2021-12,COP,2,Energy
2021-12,COR,2,Health Care
2021-12,COST,3,Consumer Staples
2021-12,COTY,1,Consumer Staples
2021-12,CPAY,2,Financials
2021-12,CPB,3,Consumer Staples
2021-12,CPRI,2,Unknown
2021-12,CPRT,3,Industrials
2021-12,CPT,3,Real Estate
2021-12,CRH,3,Materials
2021-12,CRL,2,Health Care
2021-12,CRM,2,Information Technology
2021-12,CSCO,3,Information Technology
2021-12,CSGP,2,Real Estate
2021-12,CSR,3,Unknown
2021-12,CSX,2,Industrials
2021-12,CTAS,2,Industrials
2021-12,CTRA,2,Unknown
2021-12,CTSH,2,Information Technology
2021-12,CVG,3,Unknown
2021-12,CVS,2,Health Care
2021-12,CVX,2,Energy
2021-12,CZR,2,Consumer Discretionary
2021-12,D,3,Utilities
2021-12,DAL,2,Industrials
2021-12,DD,3,Materials
2021-12,DDS,2,Consumer Discretionary
2021-12,DE,3,Industrials
2021-12,DECK,3,Consumer Discretionary
2021-12,DELL,3,Information Technology
2021-12,DG,3,Consumer Staples
2021-12,DGX,3,Health Care
2021-12,DHI,3,Consumer Discretionary
2021-12,DHR,3,Health Care
2021-12,DIS,2,Communication Services
2021-12,DLR,3,Real Estate
2021-12,DLTR,3,Consumer Staples
2021-12,DLX,2,Unknown
2021-12,DOC,3,Real Estate
2021-12,DOV,2,Industrials
2021-12,DPZ,3,Consumer Discretionary
2021-12,DRI,2,Consumer Discretionary
2021-12,DTE,3,Utilities
2021-12,DUK,3,Utilities
2021-12,DVA,2,Health Care
2021-12,DVN,1,Energy
2021-12,DXC,1,Information Technology
2021-12,DXCM,2,Health Care
2021-12,EA,2,Communication Services
2021-12,EBAY,2,Consumer Discretionary
2021-12,EC,2,Unknown
2021-12,ECL,3,Materials
2021-12,ED,3,Utilities
2021-12,EFU,3,Unknown
2021-12,EFX,3,Industrials
2021-12,EG,3,Financials
2021-12,EHC,2,Health Care
2021-12,EIX,2,Utilities
2021-12,EL,3,Consumer Staples
2021-12,ELV,3,Health Care
2021-12,EME,3,Industrials
2021-12,EMN,2,Materials
2021-12,EMR,2,Industrials
2021-12,ENPH,1,Information Technology
2021-12,EOG,2,Energy
2021-12,EPAM,2,Information Technology
2021-12,EQIX,3,Real Estate
2021-12,EQR,3,Real Estate
2021-12,EQT,1,Energy
2021-12,ERIE,2,Unknown
2021-12,ES,3,Utilities
2021-12,ESS,3,Real Estate
2021-12,ETN,3,Industrials
2021-12,ETR,2,Utilities
2021-12,ETSY,1,Consumer Discretionary
2021-12,EVRG,3,Utilities
2021-12,EW,3,Health Care
2021-12,EXC,3,Utilities
2021-12,EXPD,3,Industrials
2021-12,EXPE,2,Consumer Discretionary
2021-12,EXR,3,Real Estate
2021-12,F,2,Consumer Discretionary
2021-12,FANG,1,Energy
2021-12,FAST,3,Industrials
2021-12,FCPT,3,Unknown
2021-12,FCX,1,Materials
2021-12,FDS,2,Financials
2021-12,FDX,2,Industrials
2021-12,FE,3,Utilities
2021-12,FFIV,3,Information Technology
2021-12,FHN,2,Financials
2021-12,FICO,2,Information Technology
2021-12,FIS,2,Financials
2021-12,FISV,2,Financials
2021-12,FITB,2,Financials
2021-12,FIX,2,Industrials
2021-12,FLR,1,Unknown
2021-12,FLS,2,Industrials
2021-12,FMC,3,Materials
2021-12,FMCC,1,Unknown
2021-12,FNMA,1,Unknown
2021-12,FOSL,1,Unknown
2021-12,FRT,3,Real Estate
2021-12,FSLR,2,Information Technology
2021-12,FTI,2,Energy
2021-12,FTNT,2,Information Technology
2021-12,FTV,3,Industrials
2021-12,G,2,Industrials
2021-12,GD,2,Industrials
2021-12,GDDY,3,Information Technology
2021-12,GE,2,Industrials
2021-12,GEN,2,Information Technology
2021-12,GENZ,2,Unknown
2021-12,GHC,2,Unknown
2021-12,GILD,2,Health Care
2021-12,GIS,3,Consumer Staples
2021-12,GL,2,Financials
2021-12,GLW,3,Information Technology
2021-12,GM,2,Consumer Discretionary
2021-12,GNRC,2,Industrials
2021-12,GNW,2,Unknown
2021-12,GOOG,2,Communication Services
2021-12,GOOGL,2,Communication Services
2021-12,GPC,3,Consumer Discretionary
2021-12,GPN,2,Financials
2021-12,GRMN,3,Consumer Discretionary
2021-12,GS,2,Financials
2021-12,GT,2,Unknown
2021-12,GTE,2,Unknown
2021-12,GWW,3,Industrials
2021-12,H,2,Consumer Discretionary
2021-12,HAL,2,Energy
2021-12,HAR,1,Unknown
2021-12,HAS,2,Consumer Discretionary
2021-12,HBAN,2,Financials
2021-12,HCA,2,Health Care
2021-12,HD,3,Consumer Discretionary
2021-12,HIG,2,Financials
2021-12,HII,2,Industrials
2021-12,HLT,2,Consumer Discretionary
2021-12,HOG,2,Consumer Discretionary
2021-12,HON,3,Industrials
2021-12,HP,2,Unknown
2021-12,HPE,2,Information Technology
2021-12,HPQ,3,Information Technology
2021-12,HRB,3,Consumer Discretionary
2021-12,HRL,3,Consumer Staples
2021-12,HSIC,2,Health Care
2021-12,HST,2,Real Estate
2021-12,HSY,3,Consumer Staples
2021-12,HUBB,2,Industrials
2021-12,HUM,2,Health Care
2021-12,HWM,2,Industrials
2021-12,IBKR,2,Financials
2021-12,IBM,3,Information Technology
2021-12,ICE,3,Financials
2021-12,IDXX,2,Health Care
2021-12,IEX,3,Industrials
2021-12,IFF,2,Materials
2021-12,ILMN,2,Health Care
2021-12,INCY,3,Health Care
2021-12,INTC,3,Information Technology
2021-12,INTU,3,Information Technology
2021-12,IP,2,Materials
2021-12,IPGP,2,Information Technology
2021-12,IQV,2,Health Care
2021-12,IRM,3,Real Estate
2021-12,ISRG,2,Health Care
2021-12,IT,2,Information Technology
2021-12,ITT,2,Industrials
2021-12,ITW,3,Industrials
2021-12,IVZ,2,Financials
2021-12,J,3,Industrials
2021-12,JBHT,3,Industrials
2021-12,JBL,3,Information Technology
2021-12,JCI,3,Industrials
2021-12,JEF,2,Financials
2021-12,JKHY,2,Financials
2021-12,JNJ,3,Health Care
2021-12,JPM,2,Financials
2021-12,KBH,3,Unknown
2021-12,KDP,2,Consumer Staples
2021-12,KEY,2,Financials
2021-12,KEYS,3,Information Technology
2021-12,KG,2,Unknown
2021-12,KHC,2,Consumer Staples
2021-12,KIM,2,Real Estate
2021-12,KKR,2,Financials
2021-12,KLAC,3,Information Technology
2021-12,KMB,3,Consumer Staples
2021-12,KMI,2,Energy
2021-12,KMX,2,Consumer Discretionary
2021-12,KO,3,Consumer Staples
2021-12,KR,3,Consumer Staples
2021-12,KSS,2,Unknown
2021-12,L,2,Financials
2021-12,LDG,2,Unknown
2021-12,LDOS,2,Industrials
2021-12,LEG,2,Unknown
2021-12,LEN,3,Consumer Discretionary
2021-12,LH,3,Health Care
2021-12,LHX,2,Industrials
2021-12,LII,3,Industrials
2021-12,LIN,3,Materials
2021-12,LKQ,3,Consumer Discretionary
2021-12,LLY,2,Health Care
2021-12,LMT,3,Industrials
2021-12,LNC,2,Financials
2021-12,LNT,3,Utilities
2021-12,LOW,3,Consumer Discretionary
2021-12,LPX,2,Materials
2021-12,LRCX,2,Information Technology
2021-12,LULU,2,Consumer Discretionary
2021-12,LUMN,2,Unknown
2021-12,LUV,2,Industrials
2021-12,LVS,2,Consumer Discretionary
2021-12,LW,2,Consumer Staples
2021-12,LYB,2,Materials
2021-12,LYV,2,Communication Services
2021-12,M,1,Consumer Discretionary
2021-12,MA,2,Financials
2021-12,MAA,3,Real Estate
2021-12,MAC,1,Unknown
2021-12,MAR,2,Consumer Discretionary
2021-12,MAS,3,Industrials
2021-12,MAT,2,Consumer Discretionary
2021-12,MBI,2,Unknown
2021-12,MCD,3,Consumer Discretionary
2021-12,MCHP,2,Information Technology
2021-12,MCK,2,Health Care
2021-12,MCO,2,Financials
2021-12,MDLZ,3,Consumer Staples
2021-12,MDT,2,Health Care
2021-12,MET,2,Financials
2021-12,META,2,Communication Services
2021-12,MGM,2,Consumer Discretionary
2021-12,MHK,2,Consumer Discretionary
2021-12,MKC,3,Consumer Staples
2021-12,MKTX,2,Financials
2021-12,MLM,3,Materials
2021-12,MMI,2,Unknown
2021-12,MMM,3,Industrials
2021-12,MNST,3,Consumer Staples
2021-12,MO,3,Consumer Staples
2021-12,MOH,3,Health Care
2021-12,MOS,2,Materials
2021-12,MPC,2,Energy
2021-12,MPWR,2,Information Technology
2021-12,MRK,2,Health Care
2021-12,MS,2,Financials
2021-12,MSCI,2,Financials
2021-12,MSFT,2,Information Technology
2021-12,MSI,3,Information Technology
2021-12,MTB,2,Financials
2021-12,MTCH,2,Communication Services
2021-12,MTD,2,Health Care
2021-12,MTG,2,Financials
2021-12,MTW,2,Unknown
2021-12,MU,2,Information Technology
2021-12,MUR,1,Unknown
2021-12,NAVI,2,Unknown
2021-12,NBR,1,Unknown
2021-12,NC,2,Unknown
2021-12,NCLH,2,Consumer Discretionary
2021-12,NDAQ,3,Financials
2021-12,NDSN,3,Industrials
2021-12,NEE,3,Utilities
2021-12,NEM,3,Materials
2021-12,NFLX,2,Communication Services
2021-12,NI,3,Utilities
2021-12,NKE,3,Consumer Discretionary
2021-12,NKTR,1,Unknown
2021-12,NOC,3,Industrials
2021-12,NOV,2,Energy
2021-12,NOW,2,Information Technology
2021-12,NRG,2,Utilities
2021-12,NSC,2,Industrials
2021-12,NTAP,3,Information Technology
2021-12,NTRS,2,Financials
2021-12,NUE,3,Materials
2021-12,NVDA,2,Information Technology
2021-12,NVR,3,Consumer Discretionary
2021-12,NWL,2,Consumer Discretionary
2021-12,NWS,2,Communication Services
2021-12,NWSA,2,Communication Services
2021-12,NXPI,2,Unknown
2021-12,NYT,2,Communication Services
2021-12,O,3,Real Estate
2021-12,ODFL,3,Industrials
2021-12,OI,2,Unknown
2021-12,OKE,2,Energy
2021-12,OMC,2,Communication Services
2021-12,ON,2,Information Technology
2021-12,ORCL,2,Information Technology
2021-12,ORLY,3,Consumer Discretionary
2021-12,OXY,2,Energy
2021-12,PANW,2,Information Technology
2021-12,PAYC,2,Information Technology
2021-12,PAYX,3,Industrials
2021-12,PBI,2,Unknown
2021-12,PCAR,2,Industrials
2021-12,PCG,2,Utilities
2021-12,PEG,3,Utilities
2021-12,PENN,1,Consumer Discretionary
2021-12,PEP,3,Consumer Staples
2021-12,PFE,3,Health Care
2021-12,PFG,2,Financials
2021-12,PG,3,Consumer Staples
2021-12,PGR,3,Financials
2021-12,PH,2,Industrials
2021-12,PHM,2,Consumer Discretionary
2021-12,PKG,3,Materials
2021-12,PLD,3,Real Estate
2021-12,PM,2,Consumer Staples
2021-12,PNC,2,Financials
2021-12,PNR,3,Industrials
2021-12,PNW,3,Utilities
2021-12,PODD,2,Health Care
2021-12,POOL,3,Consumer Discretionary
2021-12,PPG,3,Materials
2021-12,PPL,3,Utilities
2021-12,PRGO,2,Health Care
2021-12,PRU,2,Financials
2021-12,PSA,3,Real Estate
2021-12,PSKY,2,Unknown
2021-12,PSX,2,Energy
2021-12,PTC,2,Information Technology
2021-12,PVH,2,Consumer Discretionary
2021-12,PWJ,2,Unknown
2021-12,PWR,2,Industrials
2021-12,PYPL,2,Financials
2021-12,QCOM,2,Information Technology
2021-12,QRVO,2,Information Technology
2021-12,R,2,Industrials
2021-12,RCL,2,Consumer Discretionary
2021-12,REG,3,Real Estate
2021-12,REGN,3,Health Care
2021-12,RF,2,Financials
2021-12,RHI,2,Industrials
2021-12,RJF,2,Financials
2021-12,RL,2,Consumer Discretionary
2021-12,RMD,2,Health Care
2021-12,ROK,3,Industrials
2021-12,ROL,3,Industrials
2021-12,ROP,2,Industrials
2021-12,ROST,3,Consumer Discretionary
2021-12,RRC,1,Energy
2021-12,RSG,3,Industrials
2021-12,RTX,2,Industrials
2021-12,RVTY,3,Health Care
2021-12,SANM,2,Unknown
2021-12,SBAC,3,Real Estate
2021-12,SBUX,3,Consumer Discretionary
2021-12,SCHW,2,Financials
2021-12,SCI,3,Consumer Discretionary
2021-12,SDS,3,Unknown
2021-12,SEDG,2,Unknown
2021-12,SHW,3,Materials
2021-12,SIG,1,Unknown
2021-12,SII,3,Unknown
2021-12,SJM,3,Consumer Staples
2021-12,SLB,2,Energy
2021-12,SLG,2,Unknown
2021-12,SLM,2,Financials
2021-12,SMCI,3,Information Technology
2021-12,SNA,3,Industrials
2021-12,SNPS,3,Information Technology
2021-12,SO,3,Utilities
2021-12,SPG,2,Real Estate
2021-12,SPGI,2,Financials
2021-12,SRE,3,Utilities
2021-12,SSP,2,Unknown
2021-12,STE,2,Health Care
2021-12,STLD,2,Materials
2021-12,STT,2,Financials
2021-12,STX,3,Unknown
2021-12,STZ,3,Consumer Staples
2021-12,SUB,3,Unknown
2021-12,SUN,2,Unknown
2021-12,SW,3,Materials
2021-12,SWK,3,Industrials
2021-12,SWKS,2,Information Technology
2021-12,SYF,2,Financials
2021-12,SYK,2,Health Care
2021-12,SYY,2,Consumer Staples
2021-12,T,3,Communication Services
2021-12,TAP,2,Consumer Staples
2021-12,TDC,2,Information Technology
2021-12,TDG,2,Industrials
2021-12,TDY,2,Industrials
2021-12,TECH,2,Health Care
2021-12,TEG,2,Unknown
2021-12,TEL,3,Unknown
2021-12,TER,2,Information Technology
2021-12,TEX,2,Unknown
2021-12,TFC,2,Financials
2021-12,TFX,2,Health Care
2021-12,TGT,3,Consumer Staples
2021-12,THC,1,Health Care
2021-12,TJX,3,Consumer Discretionary
2021-12,TKO,2,Communication Services
2021-12,TKR,2,Industrials
2021-12,TMO,2,Health Care
2021-12,TMUS,3,Communication Services
2021-12,TPL,2,Energy
2021-12,TPR,2,Consumer Discretionary
2021-12,TRGP,2,Energy
2021-12,TRIP,2,Unknown
2021-12,TRMB,2,Information Technology
2021-12,TROW,2,Financials
2021-12,TRV,2,Financials
2021-12,TSCO,3,Consumer Discretionary
2021-12,TSLA,2,Consumer Discretionary
2021-12,TSN,3,Consumer Staples
2021-12,TT,3,Industrials
2021-12,TTD,1,Communication Services
2021-12,TTWO,2,Communication Services
2021-12,TX,2,Unknown
2021-12,TXN,3,Information Technology
2021-12,TXT,2,Industrials
2021-12,TYL,2,Information Technology
2021-12,UA,2,Consumer Discretionary
2021-12,UAA,2,Consumer Discretionary
2021-12,UAL,2,Industrials
2021-12,UDR,3,Real Estate
2021-12,UHS,2,Health Care
2021-12,UIS,1,Unknown
2021-12,ULTA,2,Consumer Discretionary
2021-12,UNH,3,Health Care
2021-12,UNM,2,Financials
2021-12,UNP,3,Industrials
2021-12,UPS,2,Industrials
2021-12,URBN,2,Unknown
2021-12,URI,2,Industrials
2021-12,USB,2,Financials
2021-12,UST,3,Unknown
2021-12,V,2,Financials
2021-12,VFC,2,Consumer Discretionary
2021-12,VIAV,3,Unknown
2021-12,VLO,2,Energy
2021-12,VMC,3,Materials
2021-12,VNO,2,Real Estate
2021-12,VO,2,Unknown
2021-12,VRSK,3,Industrials
2021-12,VRSN,3,Information Technology
2021-12,VRTS,2,Unknown
2021-12,VRTX,3,Health Care
2021-12,VST,3,Utilities
2021-12,VTR,2,Real Estate
2021-12,VTRS,2,Health Care
2021-12,VZ,3,Communication Services
2021-12,WAB,2,Industrials
2021-12,WAT,2,Health Care
2021-12,WB,2,Unknown
2021-12,WBD,2,Communication Services
2021-12,WDAY,2,Information Technology
2021-12,WDC,2,Information Technology
2021-12,WEC,3,Utilities
2021-12,WELL,3,Real Estate
2021-12,WEN,3,Consumer Discretionary
2021-12,WFC,2,Financials
2021-12,WHR,2,Consumer Discretionary
2021-12,WM,3,Industrials
2021-12,WMB,2,Energy
2021-12,WMT,3,Consumer Staples
2021-12,WOR,2,Unknown
2021-12,WRB,2,Financials
2021-12,WSM,2,Consumer Discretionary
2021-12,WST,3,Health Care
2021-12,WTW,2,Financials
2021-12,WU,2,Information Technology
2021-12,WY,2,Real Estate
2021-12,WYNN,2,Consumer Discretionary
2021-12,XEL,3,Utilities
2021-12,XOM,2,Energy
2021-12,XRAY,3,Health Care
2021-12,XRX,2,Unknown
2021-12,XYL,2,Industrials
2021-12,XYZ,2,Financials
2021-12,YUM,3,Consumer Discretionary
2021-12,ZBH,2,Health Care
2021-12,ZBRA,2,Information Technology
2021-12,ZION,2,Financials
2021-12,ZTS,3,Health Care
2022-12,A,1,Health Care
2022-12,AAL,3,Industrials
2022-12,AAP,1,Unknown
2022-12,AAPL,1,Information Technology
2022-12,ABBV,1,Health Care
2022-12,ABT,1,Health Care
2022-12,ACGL,3,Financials
2022-12,ACN,1,Information Technology
2022-12,ACV,1,Unknown
2022-12,ADBE,1,Information Technology
2022-12,ADI,1,Information Technology
2022-12,ADM,3,Consumer Staples
2022-12,ADP,1,Industrials
2022-12,ADSK,3,Information Technology
2022-12,AEE,1,Utilities
2022-12,AEP,1,Utilities
2022-12,AES,1,Utilities
2022-12,AFL,3,Financials
2022-12,AIG,3,Financials
2022-12,AIV,1,Unknown
2022-12,AIZ,1,Financials
2022-12,AJG,3,Financials
2022-12,AKAM,1,Information Technology
2022-12,AL,2,Industrials
2022-12,ALB,3,Materials
2022-12,ALGN,2,Health Care
2022-12,ALK,3,Industrials
2022-12,ALL,3,Financials
2022-12,ALLE,1,Industrials
2022-12,AM,2,Energy
2022-12,AMAT,2,Information Technology
2022-12,AMCR,1,Materials
2022-12,AMD,2,Information Technology
2022-12,AME,1,Industrials
2022-12,AMG,2,Financials
2022-12,AMGN,1,Health Care
2022-12,AMP,3,Financials
2022-12,AMT,1,Real Estate
2022-12,AMZN,3,Consumer Discretionary
2022-12,AN,1,Consumer Discretionary
2022-12,ANET,1,Information Technology
2022-12,ANF,2,Unknown
2022-12,AON,3,Financials
2022-12,AOS,1,Industrials
2022-12,APA,2,Energy
2022-12,APD,1,Materials
2022-12,APH,1,Information Technology
2022-12,APO,3,Financials
2022-12,APTV,3,Consumer Discretionary
2022-12,ARE,1,Real Estate
2022-12,ARES,3,Financials
2022-12,ASH,1,Materials
2022-12,ATI,3,Industrials
2022-12,ATO,1,Utilities
2022-12,AVB,1,Real Estate
2022-12,AVGO,1,Information Technology
2022-12,AVY,1,Materials
2022-12,AWK,1,Utilities
2022-12,AXON,1,Industrials
2022-12,AXP,3,Financials
2022-12,AYI,1,Industrials
2022-12,AZO,1,Consumer Discretionary
2022-12,BA,2,Industrials
2022-12,BAC,3,Financials
2022-12,BALL,1,Materials
2022-12,BAX,3,Health Care
2022-12,BBBY,2,Unknown
2022-12,BBT,3,Unknown
2022-12,BBWI,2,Consumer Discretionary
2022-12,BBY,1,Consumer Discretionary
2022-12,BC,2,Consumer Discretionary
2022-12,BDX,1,Health Care
2022-12,BEN,1,Financials
2022-12,BF.B,1,Consumer Staples
2022-12,BG,3,Consumer Staples
2022-12,BHF,3,Financials
2022-12,BIIB,1,Health Care
2022-12,BIO,1,Health Care
2022-12,BK,3,Unknown
2022-12,BKNG,3,Consumer Discretionary
2022-12,BKR,3,Energy
2022-12,BLDR,2,Industrials
2022-12,BLK,1,Financials
2022-12,BMY,1,Health Care
2022-12,BR,1,Industrials
2022-12,BRK.B,3,Financials
2022-12,BRO,3,Financials
2022-12,BSX,1,Health Care
2022-12,BUD,1,Unknown
2022-12,BWA,1,Consumer Discretionary
2022-12,BX,3,Financials
2022-12,BXP,3,Real Estate
2022-12,C,3,Financials
2022-12,CAG,1,Consumer Staples
2022-12,CAH,3,Health Care
2022-12,CAR,2,Industrials
2022-12,CAT,1,Industrials
2022-12,CB,3,Financials
2022-12,CBOE,1,Financials
2022-12,CBRE,1,Real Estate
2022-12,CCEP,1,Unknown
2022-12,CCI,1,Real Estate
2022-12,CCK,3,Materials
2022-12,CCL,3,Consumer Discretionary
2022-12,CCU,1,Unknown
2022-12,CDNS,1,Information Technology
2022-12,CDW,1,Information Technology
2022-12,CE,3,Materials
2022-12,CF,1,Materials
2022-12,CFG,3,Financials
2022-12,CG,3,Financials
2022-12,CHD,1,Consumer Staples
2022-12,CHRW,1,Industrials
2022-12,CHTR,1,Communication Services
2022-12,CI,1,Health Care
2022-12,CIEN,1,Information Technology
2022-12,CINF,3,Financials
2022-12,CL,1,Consumer Staples
2022-12,CLF,2,Materials
2022-12,CLX,1,Consumer Staples
2022-12,CMCSA,3,Communication Services
2022-12,CME,1,Financials
2022-12,CMG,1,Consumer Discretionary
2022-12,CMI,3,Industrials
2022-12,CMS,1,Utilities
2022-12,CNC,1,Health Care
2022-12,CNP,1,Utilities
2022-12,CNX,2,Unknown
2022-12,CNXT,1,Unknown
2022-12,COF,3,Financials
2022-12,COMS,2,Unknown
2022-12,COO,1,Health Care
2022-12,COP,3,Energy
2022-12,COR,1,Health Care
2022-12,COST,1,Consumer Staples
2022-12,COTY,2,Consumer Staples
2022-12,CPAY,3,Financials
2022-12,CPB,1,Consumer Staples
2022-12,CPRI,2,Unknown
2022-12,CPRT,1,Industrials
2022-12,CPT,1,Real Estate
2022-12,CRH,1,Materials
2022-12,CRL,3,Health Care
2022-12,CRM,3,Information Technology
2022-12,CSCO,1,Information Technology
2022-12,CSGP,3,Real Estate
2022-12,CSR,1,Unknown
2022-12,CSX,1,Industrials
2022-12,CTAS,1,Industrials
2022-12,CTRA,1,Unknown
2022-12,CTSH,1,Information Technology
2022-12,CVG,1,Unknown
2022-12,CVNA,2,Consumer Discretionary
2022-12,CVS,3,Health Care
2022-12,CVX,3,Energy
2022-12,CZR,2,Consumer Discretionary
2022-12,D,1,Utilities
2022-12,DAL,3,Industrials
2022-12,DD,1,Materials
2022-12,DDS,1,Consumer Discretionary
2022-12,DE,3,Industrials
2022-12,DECK,1,Consumer Discretionary
2022-12,DELL,1,Information Technology
2022-12,DG,1,Consumer Staples
2022-12,DGX,1,Health Care
2022-12,DHI,1,Consumer Discretionary
2022-12,DHR,1,Health Care
2022-12,DIS,3,Communication Services
2022-12,DLR,1,Real Estate
2022-12,DLTR,1,Consumer Staples
2022-12,DLX,3,Unknown
2022-12,DOC,1,Real Estate
2022-12,DOV,1,Industrials
2022-12,DPZ,1,Consumer Discretionary
2022-12,DRI,1,Consumer Discretionary
2022-12,DTE,1,Utilities
2022-12,DUK,1,Utilities
2022-12,DVA,1,Health Care
2022-12,DVN,2,Energy
2022-12,DXC,2,Information Technology
2022-12,DXCM,1,Health Care
2022-12,EA,1,Communication Services
2022-12,EBAY,1,Consumer Discretionary
2022-12,EC,3,Unknown
2022-12,ECL,1,Materials
2022-12,ED,1,Utilities
2022-12,EFU,1,Unknown
2022-12,EFX,1,Industrials
2022-12,EG,3,Financials
2022-12,EHC,1,Health Care
2022-12,EIX,1,Utilities
2022-12,EL,1,Consumer Staples
2022-12,ELV,1,Health Care
2022-12,EME,1,Industrials
2022-12,EMN,1,Materials
2022-12,EMR,1,Industrials
2022-12,ENPH,2,Information Technology
2022-12,EOG,3,Energy
2022-12,EP,2,Unknown
2022-12,EPAM,3,Information Technology
2022-12,EQIX,1,Real Estate
2022-12,EQR,1,Real Estate
2022-12,EQT,2,Energy
2022-12,ERIE,1,Unknown
2022-12,ES,1,Utilities
2022-12,ESS,1,Real Estate
2022-12,ETN,1,Industrials
2022-12,ETR,1,Utilities
2022-12,ETSY,2,Consumer Discretionary
2022-12,EVRG,1,Utilities
2022-12,EW,1,Health Care
2022-12,EXC,1,Utilities
2022-12,EXPD,1,Industrials
2022-12,EXPE,2,Consumer Discretionary
2022-12,EXR,1,Real Estate
2022-12,F,2,Consumer Discretionary
2022-12,FANG,2,Energy
2022-12,FAST,1,Industrials
2022-12,FCPT,1,Unknown
2022-12,FCX,2,Materials
2022-12,FDS,1,Financials
2022-12,FDX,1,Industrials
2022-12,FE,1,Utilities
2022-12,FFIV,1,Information Technology
2022-12,FHN,3,Financials
2022-12,FICO,1,Information Technology
2022-12,FIS,3,Financials
2022-12,FISV,3,Financials
2022-12,FITB,3,Financials
2022-12,FIX,1,Industrials
2022-12,FLR,2,Unknown
2022-12,FLS,1,Industrials
2022-12,FMC,1,Materials
2022-12,FMCC,2,Unknown
2022-12,FNMA,2,Unknown
2022-12,FOSL,2,Unknown
2022-12,FRT,1,Real Estate
2022-12,FSLR,3,Information Technology
2022-12,FTI,3,Energy
2022-12,FTNT,1,Information Technology
2022-12,FTV,1,Industrials
2022-12,G,1,Industrials
2022-12,GD,3,Industrials
2022-12,GDDY,1,Information Technology
2022-12,GE,3,Industrials
2022-12,GEN,1,Information Technology
2022-12,GENZ,3,Unknown
2022-12,GHC,3,Unknown
2022-12,GILD,1,Health Care
2022-12,GIS,1,Consumer Staples
2022-12,GL,3,Financials
2022-12,GLW,1,Information Technology
2022-12,GM,2,Consumer Discretionary
2022-12,GNRC,3,Industrials
2022-12,GNW,2,Unknown
2022-12,GOOG,3,Communication Services
2022-12,GOOGL,3,Communication Services
2022-12,GPC,1,Consumer Discretionary
2022-12,GPN,3,Financials
2022-12,GRMN,1,Consumer Discretionary
2022-12,GS,3,Financials
2022-12,GT,3,Unknown
2022-12,GTE,3,Unknown
2022-12,GWW,1,Industrials
2022-12,H,3,Consumer Discretionary
2022-12,HAL,3,Energy
2022-12,HAS,1,Consumer Discretionary
2022-12,HBAN,3,Financials
2022-12,HCA,3,Health Care
2022-12,HD,1,Consumer Discretionary
2022-12,HIG,3,Financials
2022-12,HII,3,Industrials
2022-12,HLT,3,Consumer Discretionary
2022-12,HOG,2,Consumer Discretionary
2022-12,HON,1,Industrials
2022-12,HP,3,Unknown
2022-12,HPE,3,Information Technology
2022-12,HPQ,1,Information Technology
2022-12,HRB,3,Consumer Discretionary
2022-12,HRL,1,Consumer Staples
2022-12,HSIC,3,Health Care
2022-12,HST,3,Real Estate
2022-12,HSY,1,Consumer Staples
2022-12,HUBB,1,Industrials
2022-12,HUM,1,Health Care
2022-12,HWM,2,Industrials
2022-12,IBKR,3,Financials
2022-12,IBM,1,Information Technology
2022-12,ICE,1,Financials
2022-12,IDXX,1,Health Care
2022-12,IEX,1,Industrials
2022-12,IFF,1,Materials
2022-12,ILMN,1,Health Care
2022-12,INCY,1,Health Care
2022-12,INTC,1,Information Technology
2022-12,INTU,1,Information Technology
2022-12,INVH,1,Real Estate
2022-12,IP,3,Materials
2022-12,IPGP,1,Information Technology
2022-12,IQV,1,Health Care
2022-12,IR,3,Industrials
2022-12,IRM,1,Real Estate
2022-12,ISRG,1,Health Care
2022-12,IT,1,Information Technology
2022-12,ITT,1,Industrials
2022-12,ITW,1,Industrials
2022-12,IVZ,3,Financials
2022-12,J,1,Industrials
2022-12,JBHT,1,Industrials
2022-12,JBL,1,Information Technology
2022-12,JCI,1,Industrials
2022-12,JEF,3,Financials
2022-12,JKHY,1,Financials
2022-12,JNJ,1,Health Care
2022-12,JPM,3,Financials
2022-12,KBH,1,Unknown
2022-12,KDP,3,Consumer Staples
2022-12,KEY,3,Financials
2022-12,KEYS,1,Information Technology
2022-12,KG,3,Unknown
2022-12,KHC,1,Consumer Staples
2022-12,KIM,2,Real Estate
2022-12,KKR,3,Financials
2022-12,KLAC,1,Information Technology
2022-12,KMB,1,Consumer Staples
2022-12,KMI,3,Energy
2022-12,KMX,1,Consumer Discretionary
2022-12,KO,1,Consumer Staples
2022-12,KR,1,Consumer Staples
2022-12,KSS,2,Unknown
2022-12,L,3,Financials
2022-12,LDOS,3,Industrials
2022-12,LEG,1,Unknown
2022-12,LEN,1,Consumer Discretionary
2022-12,LH,1,Health Care
2022-12,LHX,3,Industrials
2022-12,LII,1,Industrials
2022-12,LIN,1,Materials
2022-12,LKQ,2,Consumer Discretionary
2022-12,LLY,1,Health Care
2022-12,LMT,3,Industrials
2022-12,LNC,3,Financials
2022-12,LNT,1,Utilities
2022-12,LOW,1,Consumer Discretionary
2022-12,LPX,2,Materials
2022-12,LRCX,2,Information Technology
2022-12,LULU,1,Consumer Discretionary
2022-12,LUMN,1,Unknown
2022-12,LUV,3,Industrials
2022-12,LVS,3,Consumer Discretionary
2022-12,LW,3,Consumer Staples
2022-12,LYB,3,Materials
2022-12,LYV,3,Communication Services
2022-12,M,2,Consumer Discretionary
2022-12,MA,1,Financials
2022-12,MAA,1,Real Estate
2022-12,MAC,2,Unknown
2022-12,MAR,3,Consumer Discretionary
2022-12,MAS,1,Industrials
2022-12,MAT,3,Consumer Discretionary
2022-12,MBI,1,Unknown
2022-12,MCD,1,Consumer Discretionary
2022-12,MCHP,2,Information Technology
2022-12,MCK,1,Health Care
2022-12,MCO,1,Financials
2022-12,MDLZ,1,Consumer Staples
2022-12,MDT,3,Health Care
2022-12,MET,3,Financials
2022-12,META,1,Communication Services
2022-12,MGM,3,Consumer Discretionary
2022-12,MHK,2,Consumer Discretionary
2022-12,MKC,1,Consumer Staples
2022-12,MKTX,1,Financials
2022-12,MLM,1,Materials
2022-12,MMI,3,Unknown
2022-12,MMM,1,Industrials
2022-12,MNST,1,Consumer Staples
2022-12,MO,1,Consumer Staples
2022-12,MOH,1,Health Care
2022-12,MOS,3,Materials
2022-12,MPC,3,Energy
2022-12,MPWR,3,Information Technology
2022-12,MRK,1,Health Care
2022-12,MS,3,Financials
2022-12,MSCI,3,Financials
2022-12,MSFT,1,Information Technology
2022-12,MSI,1,Information Technology
2022-12,MTB,3,Financials
2022-12,MTCH,1,Communication Services
2022-12,MTD,1,Health Care
2022-12,MTG,3,Financials
2022-12,MTW,2,Unknown
2022-12,MU,2,Information Technology
2022-12,MUR,2,Unknown
2022-12,NAVI,2,Unknown
2022-12,NBR,2,Unknown
2022-12,NC,3,Unknown
2022-12,NCLH,3,Consumer Discretionary
2022-12,NDAQ,1,Financials
2022-12,NDSN,1,Industrials
2022-12,NEE,1,Utilities
2022-12,NEM,1,Materials
2022-12,NFLX,3,Communication Services
2022-12,NI,1,Utilities
2022-12,NKE,1,Consumer Discretionary
2022-12,NKTR,2,Unknown
2022-12,NOC,1,Industrials
2022-12,NOV,3,Energy
2022-12,NOW,3,Information Technology
2022-12,NRG,1,Utilities
2022-12,NSC,1,Industrials
2022-12,NTAP,1,Information Technology
2022-12,NTRS,3,Financials
2022-12,NUE,1,Materials
2022-12,NVDA,1,Information Technology
2022-12,NVR,1,Consumer Discretionary
2022-12,NWL,1,Consumer Discretionary
2022-12,NWS,3,Communication Services
2022-12,NWSA,3,Communication Services
2022-12,NXPI,2,Unknown
2022-12,NYT,3,Communication Services
2022-12,O,1,Real Estate
2022-12,ODFL,1,Industrials
2022-12,OI,3,Unknown
2022-12,OKE,3,Energy
2022-12,OMC,3,Communication Services
2022-12,ON,3,Information Technology
2022-12,ORCL,1,Information Technology
2022-12,ORLY,1,Consumer Discretionary
2022-12,OXY,3,Energy
2022-12,PANW,1,Information Technology
2022-12,PAYC,3,Information Technology
2022-12,PAYX,1,Industrials
2022-12,PBI,2,Unknown
2022-12,PCAR,3,Industrials
2022-12,PCG,2,Utilities
2022-12,PEG,1,Utilities
2022-12,PENN,2,Consumer Discretionary
2022-12,PEP,1,Consumer Staples
2022-12,PFE,1,Health Care
2022-12,PFG,3,Financials
2022-12,PG,1,Consumer Staples
2022-12,PGR,1,Financials
2022-12,PH,1,Industrials
2022-12,PHM,1,Consumer Discretionary
2022-12,PKG,1,Materials
2022-12,PLD,1,Real Estate
2022-12,PM,1,Consumer Staples
2022-12,PNC,3,Financials
2022-12,PNR,1,Industrials
2022-12,PNW,1,Utilities
2022-12,PODD,1,Health Care
2022-12,POOL,1,Consumer Discretionary
2022-12,PPG,1,Materials
2022-12,PPL,1,Utilities
2022-12,PRGO,3,Health Care
2022-12,PRU,3,Financials
2022-12,PSA,1,Real Estate
2022-12,PSKY,3,Unknown
2022-12,PSX,3,Energy
2022-12,PTC,1,Information Technology
2022-12,PVH,2,Consumer Discretionary
2022-12,PWJ,1,Unknown
2022-12,PWR,1,Industrials
2022-12,PYPL,3,Financials
2022-12,QCOM,1,Information Technology
2022-12,QRVO,1,Information Technology
2022-12,R,2,Industrials
2022-12,RCL,3,Consumer Discretionary
2022-12,REG,1,Real Estate
2022-12,REGN,1,Health Care
2022-12,RF,3,Financials
2022-12,RHI,3,Industrials
2022-12,RJF,3,Financials
2022-12,RL,3,Consumer Discretionary
2022-12,RMD,1,Health Care
2022-12,ROK,1,Industrials
2022-12,ROL,1,Industrials
2022-12,ROP,1,Industrials
2022-12,ROST,1,Consumer Discretionary
2022-12,RRC,2,Energy
2022-12,RSG,1,Industrials
2022-12,RTX,3,Industrials
2022-12,RVTY,1,Health Care
2022-12,SANM,3,Unknown
2022-12,SBAC,1,Real Estate
2022-12,SBUX,1,Consumer Discretionary
2022-12,SCHW,3,Financials
2022-12,SCI,1,Consumer Discretionary
2022-12,SDS,1,Unknown
2022-12,SE,2,Unknown
2022-12,SEDG,2,Unknown
2022-12,SHW,1,Materials
2022-12,SIG,2,Unknown
2022-12,SII,1,Unknown
2022-12,SJM,1,Consumer Staples
2022-12,SLB,3,Energy
2022-12,SLG,3,Unknown
2022-12,SLM,3,Financials
2022-12,SMCI,1,Information Technology
2022-12,SNA,1,Industrials
2022-12,SNPS,1,Information Technology
2022-12,SO,1,Utilities
2022-12,SPG,2,Real Estate
2022-12,SPGI,1,Financials
2022-12,SRE,1,Utilities
2022-12,SSP,3,Unknown
2022-12,STE,1,Health Care
2022-12,STLD,3,Materials
2022-12,STT,3,Financials
2022-12,STX,1,Unknown
2022-12,STZ,1,Consumer Staples
2022-12,SUB,1,Unknown
2022-12,SUN,3,Unknown
2022-12,SW,1,Materials
2022-12,SWK,1,Industrials
2022-12,SWKS,1,Information Technology
2022-12,SYF,2,Financials
2022-12,SYK,3,Health Care
2022-12,SYY,1,Consumer Staples
2022-12,T,1,Communication Services
2022-12,TAP,3,Consumer Staples
2022-12,TDC,3,Information Technology
2022-12,TDG,3,Industrials
2022-12,TDY,1,Industrials
2022-12,TECH,1,Health Care
2022-12,TEL,1,Unknown
2022-12,TER,1,Information Technology
2022-12,TEX,2,Unknown
2022-12,TFC,3,Financials
2022-12,TFX,1,Health Care
2022-12,TGT,1,Consumer Staples
2022-12,THC,2,Health Care
2022-12,TJX,1,Consumer Discretionary
2022-12,TKO,1,Communication Services
2022-12,TKR,2,Industrials
2022-12,TMO,1,Health Care
2022-12,TMUS,1,Communication Services
2022-12,TPL,2,Energy
2022-12,TPR,3,Consumer Discretionary
2022-12,TRGP,2,Energy
2022-12,TRIP,3,Unknown
2022-12,TRMB,1,Information Technology
2022-12,TROW,1,Financials
2022-12,TRV,3,Financials
2022-12,TSCO,1,Consumer Discretionary
2022-12,TSLA,2,Consumer Discretionary
2022-12,TSN,1,Consumer Staples
2022-12,TT,1,Industrials
2022-12,TTD,2,Communication Services
2022-12,TTWO,1,Communication Services
2022-12,TX,1,Unknown
2022-12,TXN,1,Information Technology
2022-12,TXT,2,Industrials
2022-12,TYL,3,Information Technology
2022-12,UA,2,Consumer Discretionary
2022-12,UAA,2,Consumer Discretionary
2022-12,UAL,3,Industrials
2022-12,UDR,1,Real Estate
2022-12,UHS,1,Health Care
2022-12,UIS,2,Unknown
2022-12,ULTA,3,Consumer Discretionary
2022-12,UNH,1,Health Care
2022-12,UNM,3,Financials
2022-12,UNP,1,Industrials
2022-12,UPS,1,Industrials
2022-12,URBN,2,Unknown
2022-12,URI,3,Industrials
2022-12,USB,3,Financials
2022-12,UST,1,Unknown
2022-12,V,1,Financials
2022-12,VFC,1,Consumer Discretionary
2022-12,VIAV,3,Unknown
2022-12,VLO,3,Energy
2022-12,VMC,1,Materials
2022-12,VNO,3,Real Estate
2022-12,VO,1,Unknown
2022-12,VRSK,1,Industrials
2022-12,VRSN,1,Information Technology
2022-12,VRTS,3,Unknown
2022-12,VRTX,1,Health Care
2022-12,VST,1,Utilities
2022-12,VTR,3,Real Estate
2022-12,VTRS,1,Health Care
2022-12,VZ,1,Communication Services
2022-12,WAB,1,Industrials
2022-12,WAT,1,Health Care
2022-12,WB,2,Unknown
2022-12,WBD,3,Communication Services
2022-12,WDAY,3,Information Technology
2022-12,WDC,2,Information Technology
2022-12,WEC,1,Utilities
2022-12,WELL,1,Real Estate
2022-12,WEN,1,Consumer Discretionary
2022-12,WFC,3,Financials
2022-12,WHR,1,Consumer Discretionary
2022-12,WM,1,Industrials
2022-12,WMB,3,Energy
2022-12,WMT,1,Consumer Staples
2022-12,WOR,2,Unknown
2022-12,WRB,3,Financials
2022-12,WSM,2,Consumer Discretionary
2022-12,WST,1,Health Care
2022-12,WTW,3,Financials
2022-12,WU,3,Information Technology
2022-12,WY,1,Real Estate
2022-12,WYNN,3,Consumer Discretionary
2022-12,XEL,1,Utilities
2022-12,XOM,3,Energy
2022-12,XRAY,1,Health Care
2022-12,XRX,3,Unknown
2022-12,XYL,1,Industrials
2022-12,XYZ,2,Financials
2022-12,YUM,1,Consumer Discretionary
2022-12,ZBH,3,Health Care
2022-12,ZBRA,1,Information Technology
2022-12,ZION,3,Financials
2022-12,ZTS,1,Health Care
2023-12,A,2,Health Care
2023-12,AAL,2,Industrials
2023-12,AAP,2,Unknown
2023-12,AAPL,2,Information Technology
2023-12,ABBV,2,Health Care
2023-12,ABT,2,Health Care
2023-12,ACGL,2,Financials
2023-12,ACN,2,Information Technology
2023-12,ACV,3,Unknown
2023-12,ADBE,2,Information Technology
2023-12,ADI,2,Information Technology
2023-12,ADM,2,Consumer Staples
2023-12,ADP,2,Industrials
2023-12,ADSK,3,Information Technology
2023-12,ADT,1,Consumer Discretionary
2023-12,AEE,2,Utilities
2023-12,AEP,2,Utilities
2023-12,AES,2,Utilities
2023-12,AFL,2,Financials
2023-12,AIG,3,Financials
2023-12,AIV,2,Unknown
2023-12,AIZ,2,Financials
2023-12,AJG,2,Financials
2023-12,AKAM,2,Information Technology
2023-12,AL,2,Industrials
2023-12,ALB,3,Materials
2023-12,ALGN,1,Health Care
2023-12,ALK,2,Industrials
2023-12,ALL,2,Financials
2023-12,ALLE,2,Industrials
2023-12,AM,1,Energy
2023-12,AMAT,2,Information Technology
2023-12,AMCR,2,Materials
2023-12,AMD,3,Information Technology
2023-12,AME,2,Industrials
2023-12,AMG,2,Financials
2023-12,AMGN,2,Health Care
2023-12,AMP,3,Financials
2023-12,AMT,2,Real Estate
2023-12,AMZN,3,Consumer Discretionary
2023-12,AN,2,Consumer Discretionary
2023-12,ANET,2,Information Technology
2023-12,ANF,3,Unknown
2023-12,AON,2,Financials
2023-12,AOS,2,Industrials
2023-12,APA,1,Energy
2023-12,APD,2,Materials
2023-12,APH,2,Information Technology
2023-12,APO,3,Financials
2023-12,APTV,2,Consumer Discretionary
2023-12,ARE,2,Real Estate
2023-12,ARES,3,Financials
2023-12,ASH,2,Materials
2023-12,ATI,3,Industrials
2023-12,ATO,2,Utilities
2023-12,AVB,2,Real Estate
2023-12,AVGO,2,Information Technology
2023-12,AVY,2,Materials
2023-12,AWK,2,Utilities
2023-12,AXON,2,Industrials
2023-12,AXP,3,Financials
2023-12,AYI,2,Industrials
2023-12,AZO,2,Consumer Discretionary
2023-12,BA,2,Industrials
2023-12,BAC,3,Financials
2023-12,BALL,2,Materials
2023-12,BAX,2,Health Care
2023-12,BBBY,1,Unknown
2023-12,BBT,3,Unknown
2023-12,BBWI,2,Consumer Discretionary
2023-12,BBY,2,Consumer Discretionary
2023-12,BC,2,Consumer Discretionary
2023-12,BDX,2,Health Care
2023-12,BEN,2,Financials
2023-12,BF.B,2,Consumer Staples
2023-12,BG,2,Consumer Staples
2023-12,BHF,3,Financials
2023-12,BIIB,2,Health Care
2023-12,BIO,2,Health Care
2023-12,BK,3,Unknown
2023-12,BKNG,3,Consumer Discretionary
2023-12,BKR,3,Energy
2023-12,BLDR,2,Industrials
2023-12,BLK,2,Financials
2023-12,BMY,2,Health Care
2023-12,BR,2,Industrials
2023-12,BRK.B,2,Financials
2023-12,BRO,2,Financials
2023-12,BSX,2,Health Care
2023-12,BUD,2,Unknown
2023-12,BWA,2,Consumer Discretionary
2023-12,BX,3,Financials
2023-12,BXP,3,Real Estate
2023-12,C,3,Financials
2023-12,CAG,2,Consumer Staples
2023-12,CAH,2,Health Care
2023-12,CAR,1,Industrials
2023-12,CAT,2,Industrials
2023-12,CB,2,Financials
2023-12,CBOE,2,Financials
2023-12,CBRE,3,Real Estate
2023-12,CCEP,2,Unknown
2023-12,CCI,2,Real Estate
2023-12,CCK,2,Materials
2023-12,CCL,3,Consumer Discretionary
2023-12,CCU,2,Unknown
2023-12,CDNS,2,Information Technology
2023-12,CDW,2,Information Technology
2023-12,CE,3,Materials
2023-12,CF,3,Materials
2023-12,CFG,3,Financials
2023-12,CG,3,Financials
2023-12,CHD,2,Consumer Staples
2023-12,CHIR,2,Unknown
2023-12,CHRW,2,Industrials
2023-12,CHTR,2,Communication Services
2023-12,CI,2,Health Care
2023-12,CIEN,2,Information Technology
2023-12,CINF,2,Financials
2023-12,CL,2,Consumer Staples
2023-12,CLF,1,Materials
2023-12,CLX,2,Consumer Staples
2023-12,CMCSA,2,Communication Services
2023-12,CME,2,Financials
2023-12,CMG,2,Consumer Discretionary
2023-12,CMI,2,Industrials
2023-12,CMS,2,Utilities
2023-12,CNC,2,Health Care
2023-12,CNP,2,Utilities
2023-12,CNX,2,Unknown
2023-12,CNXT,2,Unknown
2023-12,COF,3,Financials
2023-12,COMS,1,Unknown
2023-12,COO,2,Health Care
2023-12,COP,3,Energy
2023-12,COR,2,Health Care
2023-12,COST,2,Consumer Staples
2023-12,COTY,1,Consumer Staples
2023-12,CPAY,3,Financials
2023-12,CPB,2,Consumer Staples
2023-12,CPRI,1,Unknown
2023-12,CPRT,2,Industrials
2023-12,CPT,2,Real Estate
2023-12,CRH,2,Materials
2023-12,CRL,3,Health Care
2023-12,CRM,3,Information Technology
2023-12,CSCO,2,Information Technology
2023-12,CSGP,2,Real Estate
2023-12,CSR,2,Unknown
2023-12,CSX,2,Industrials
2023-12,CTAS,2,Industrials
2023-12,CTRA,2,Unknown
2023-12,CTSH,2,Information Technology
2023-12,CVG,2,Unknown
2023-12,CVNA,3,Consumer Discretionary
2023-12,CVS,2,Health Care
2023-12,CVX,2,Energy
2023-12,CZR,1,Consumer Discretionary
2023-12,D,2,Utilities
2023-12,DAL,3,Industrials
2023-12,DD,2,Materials
2023-12,DDS,2,Consumer Discretionary
2023-12,DE,2,Industrials
2023-12,DECK,2,Consumer Discretionary
2023-12,DELL,2,Information Technology
2023-12,DG,2,Consumer Staples
2023-12,DGX,2,Health Care
2023-12,DHI,2,Consumer Discretionary
2023-12,DHR,2,Health Care
2023-12,DIS,3,Communication Services
2023-12,DLR,2,Real Estate
2023-12,DLTR,2,Consumer Staples
2023-12,DLX,2,Unknown
2023-12,DOC,2,Real Estate
2023-12,DOV,2,Industrials
2023-12,DPZ,2,Consumer Discretionary
2023-12,DRI,2,Consumer Discretionary
2023-12,DTE,2,Utilities
2023-12,DUK,2,Utilities
2023-12,DVA,2,Health Care
2023-12,DVN,3,Energy
2023-12,DXC,1,Information Technology
2023-12,DXCM,2,Health Care
2023-12,EA,2,Communication Services
2023-12,EBAY,2,Consumer Discretionary
2023-12,EC,3,Unknown
2023-12,ECL,2,Materials
2023-12,ED,2,Utilities
2023-12,EFU,2,Unknown
2023-12,EFX,2,Industrials
2023-12,EG,2,Financials
2023-12,EHC,2,Health Care
2023-12,EIX,2,Utilities
2023-12,EL,2,Consumer Staples
2023-12,ELV,2,Health Care
2023-12,EME,2,Industrials
2023-12,EMN,2,Materials
2023-12,EMR,2,Industrials
2023-12,ENPH,3,Information Technology
2023-12,EOG,3,Energy
2023-12,EP,1,Unknown
2023-12,EPAM,3,Information Technology
2023-12,EQ,3,Unknown
2023-12,EQIX,2,Real Estate
2023-12,EQR,2,Real Estate
2023-12,EQT,2,Energy
2023-12,ERIE,2,Unknown
2023-12,ES,2,Utilities
2023-12,ESS,2,Real Estate
2023-12,ETN,2,Industrials
2023-12,ETR,2,Utilities
2023-12,ETSY,1,Consumer Discretionary
2023-12,EVRG,2,Utilities
2023-12,EW,2,Health Care
2023-12,EXC,2,Utilities
2023-12,EXPD,2,Industrials
2023-12,EXPE,3,Consumer Discretionary
2023-12,EXR,2,Real Estate
2023-12,F,2,Consumer Discretionary
2023-12,FANG,3,Energy
2023-12,FAST,2,Industrials
2023-12,FCPT,2,Unknown
2023-12,FCX,1,Materials
2023-12,FDS,2,Financials
2023-12,FDX,2,Industrials
2023-12,FE,2,Utilities
2023-12,FFIV,2,Information Technology
2023-12,FHN,3,Financials
2023-12,FICO,2,Information Technology
2023-12,FIS,2,Financials
2023-12,FISV,2,Financials
2023-12,FITB,3,Financials
2023-12,FIX,2,Industrials
2023-12,FLR,1,Unknown
2023-12,FLS,2,Industrials
2023-12,FMC,2,Materials
2023-12,FMCC,1,Unknown
2023-12,FNMA,1,Unknown
2023-12,FOSL,1,Unknown
2023-12,FRT,2,Real Estate
2023-12,FSLR,3,Information Technology
2023-12,FTI,3,Energy
2023-12,FTNT,2,Information Technology
2023-12,FTV,2,Industrials
2023-12,G,2,Industrials
2023-12,GD,2,Industrials
2023-12,GDDY,3,Information Technology
2023-12,GE,3,Industrials
2023-12,GEN,2,Information Technology
2023-12,GENZ,2,Unknown
2023-12,GHC,2,Unknown
2023-12,GILD,2,Health Care
2023-12,GIS,2,Consumer Staples
2023-12,GL,2,Financials
2023-12,GLW,2,Information Technology
2023-12,GM,2,Consumer Discretionary
2023-12,GNRC,3,Industrials
2023-12,GNW,3,Unknown
2023-12,GOOG,2,Communication Services
2023-12,GOOGL,2,Communication Services
2023-12,GPC,2,Consumer Discretionary
2023-12,GPN,2,Financials
2023-12,GRMN,2,Consumer Discretionary
2023-12,GS,3,Financials
2023-12,GT,3,Unknown
2023-12,GTE,3,Unknown
2023-12,GWW,2,Industrials
2023-12,H,2,Consumer Discretionary
2023-12,HAL,3,Energy
2023-12,HAS,2,Consumer Discretionary
2023-12,HBAN,3,Financials
2023-12,HCA,2,Health Care
2023-12,HD,2,Consumer Discretionary
2023-12,HIG,2,Financials
2023-12,HII,2,Industrials
2023-12,HLT,3,Consumer Discretionary
2023-12,HOG,2,Consumer Discretionary
2023-12,HON,2,Industrials
2023-12,HP,3,Unknown
2023-12,HPE,2,Information Technology
2023-12,HPQ,2,Information Technology
2023-12,HRB,3,Consumer Discretionary
2023-12,HRL,2,Consumer Staples
2023-12,HSIC,2,Health Care
2023-12,HST,3,Real Estate
2023-12,HSY,2,Consumer Staples
2023-12,HUBB,2,Industrials
2023-12,HUM,2,Health Care
2023-12,HWM,2,Industrials
2023-12,IBKR,2,Financials
2023-12,IBM,2,Information Technology
2023-12,ICE,2,Financials
2023-12,IDXX,2,Health Care
2023-12,IEX,2,Industrials
2023-12,IFF,2,Materials
2023-12,ILMN,2,Health Care
2023-12,INCY,2,Health Care
2023-12,INTC,2,Information Technology
2023-12,INTU,2,Information Technology
2023-12,INVH,2,Real Estate
2023-12,IP,2,Materials
2023-12,IPGP,2,Information Technology
2023-12,IQV,2,Health Care
2023-12,IR,3,Industrials
2023-12,IRM,2,Real Estate
2023-12,ISRG,2,Health Care
2023-12,IT,3,Information Technology
2023-12,ITT,2,Industrials
2023-12,ITW,2,Industrials
2023-12,IVZ,3,Financials
2023-12,J,2,Industrials
2023-12,JBHT,2,Industrials
2023-12,JBL,2,Information Technology
2023-12,JCI,2,Industrials
2023-12,JEF,3,Financials
2023-12,JKHY,2,Financials
2023-12,JNJ,2,Health Care
2023-12,JPM,3,Financials
2023-12,KBH,2,Unknown
2023-12,KDP,2,Consumer Staples
2023-12,KEY,3,Financials
2023-12,KEYS,2,Information Technology
2023-12,KG,2,Unknown
2023-12,KHC,2,Consumer Staples
2023-12,KIM,2,Real Estate
2023-12,KKR,3,Financials
2023-12,KLAC,2,Information Technology
2023-12,KMB,2,Consumer Staples
2023-12,KMI,2,Energy
2023-12,KMX,2,Consumer Discretionary
2023-12,KO,2,Consumer Staples
2023-12,KR,2,Consumer Staples
2023-12,KSS,1,Unknown
2023-12,L,2,Financials
2023-12,LDOS,2,Industrials
2023-12,LEG,2,Unknown
2023-12,LEN,2,Consumer Discretionary
2023-12,LH,2,Health Care
2023-12,LHX,2,Industrials
2023-12,LII,2,Industrials
2023-12,LIN,2,Materials
2023-12,LKQ,2,Consumer Discretionary
2023-12,LLY,2,Health Care
2023-12,LMT,2,Industrials
2023-12,LNC,3,Financials
2023-12,LNT,2,Utilities
2023-12,LOW,2,Consumer Discretionary
2023-12,LPX,2,Materials
2023-12,LRCX,2,Information Technology
2023-12,LULU,2,Consumer Discretionary
2023-12,LUMN,2,Unknown
2023-12,LUV,3,Industrials
2023-12,LVS,3,Consumer Discretionary
2023-12,LW,2,Consumer Staples
2023-12,LYB,2,Materials
2023-12,LYV,3,Communication Services
2023-12,M,3,Consumer Discretionary
2023-12,MA,2,Financials
2023-12,MAA,2,Real Estate
2023-12,MAC,1,Unknown
2023-12,MAR,2,Consumer Discretionary
2023-12,MAS,2,Industrials
2023-12,MAT,3,Consumer Discretionary
2023-12,MBI,2,Unknown
2023-12,MCD,2,Consumer Discretionary
2023-12,MCHP,2,Information Technology
2023-12,MCK,2,Health Care
2023-12,MCO,2,Financials
2023-12,MDLZ,2,Consumer Staples
2023-12,MDT,2,Health Care
2023-12,MET,3,Financials
2023-12,META,2,Communication Services
2023-12,MGM,2,Consumer Discretionary
2023-12,MHK,1,Consumer Discretionary
2023-12,MKC,2,Consumer Staples
2023-12,MKTX,2,Financials
2023-12,MLM,2,Materials
2023-12,MMI,3,Unknown
2023-12,MMM,2,Industrials
2023-12,MNST,2,Consumer Staples
2023-12,MO,2,Consumer Staples
2023-12,MOH,2,Health Care
2023-12,MOS,3,Materials
2023-12,MPC,3,Energy
2023-12,MPWR,3,Information Technology
2023-12,MRK,2,Health Care
2023-12,MRNA,1,Health Care
2023-12,MS,3,Financials
2023-12,MSCI,3,Financials
2023-12,MSFT,2,Information Technology
2023-12,MSI,2,Information Technology
2023-12,MTB,3,Financials
2023-12,MTCH,2,Communication Services
2023-12,MTD,2,Health Care
2023-12,MTG,3,Financials
2023-12,MTW,2,Unknown
2023-12,MU,3,Information Technology
2023-12,MUR,3,Unknown
2023-12,NAVI,2,Unknown
2023-12,NBR,1,Unknown
2023-12,NC,2,Unknown
2023-12,NCLH,3,Consumer Discretionary
2023-12,NDAQ,2,Financials
2023-12,NDSN,2,Industrials
2023-12,NEE,2,Utilities
2023-12,NEM,2,Materials
2023-12,NFLX,3,Communication Services
2023-12,NI,2,Utilities
2023-12,NKE,2,Consumer Discretionary
2023-12,NKTR,2,Unknown
2023-12,NOC,2,Industrials
2023-12,NOV,3,Energy
2023-12,NOW,3,Information Technology
2023-12,NRG,2,Utilities
2023-12,NSC,2,Industrials
2023-12,NTAP,3,Information Technology
2023-12,NTRS,3,Financials
2023-12,NUE,2,Materials
2023-12,NVDA,2,Information Technology
2023-12,NVR,2,Consumer Discretionary
2023-12,NWL,2,Consumer Discretionary
2023-12,NWS,2,Communication Services
2023-12,NWSA,2,Communication Services
2023-12,NXPI,3,Unknown
2023-12,NYT,3,Communication Services
2023-12,O,2,Real Estate
2023-12,ODFL,2,Industrials
2023-12,OI,3,Unknown
2023-12,OKE,2,Energy
2023-12,OMC,2,Communication Services
2023-12,ON,2,Information Technology
2023-12,ORCL,2,Information Technology
2023-12,ORLY,2,Consumer Discretionary
2023-12,OXY,3,Energy
2023-12,PANW,3,Information Technology
2023-12,PAYC,3,Information Technology
2023-12,PAYX,2,Industrials
2023-12,PBI,1,Unknown
2023-12,PCAR,2,Industrials
2023-12,PCG,3,Utilities
2023-12,PEG,2,Utilities
2023-12,PENN,1,Consumer Discretionary
2023-12,PEP,2,Consumer Staples
2023-12,PFE,2,Health Care
2023-12,PFG,3,Financials
2023-12,PG,2,Consumer Staples
2023-12,PGR,2,Financials
2023-12,PH,2,Industrials
2023-12,PHM,2,Consumer Discretionary
2023-12,PKG,2,Materials
2023-12,PLD,2,Real Estate
2023-12,PM,2,Consumer Staples
2023-12,PNC,3,Financials
2023-12,PNR,2,Industrials
2023-12,PNW,2,Utilities
2023-12,PODD,2,Health Care
2023-12,POOL,2,Consumer Discretionary
2023-12,PPG,2,Materials
2023-12,PPL,2,Utilities
2023-12,PRGO,2,Health Care
2023-12,PRU,3,Financials
2023-12,PSA,2,Real Estate
2023-12,PSKY,3,Unknown
2023-12,PSX,3,Energy
2023-12,PTC,2,Information Technology
2023-12,PVH,2,Consumer Discretionary
2023-12,PWJ,2,Unknown
2023-12,PWR,3,Industrials
2023-12,PYPL,3,Financials
2023-12,QCOM,2,Information Technology
2023-12,QRVO,3,Information Technology
2023-12,R,2,Industrials
2023-12,RCL,3,Consumer Discretionary
2023-12,REG,2,Real Estate
2023-12,REGN,2,Health Care
2023-12,RF,3,Financials
2023-12,RHI,3,Industrials
2023-12,RIG,1,Unknown
2023-12,RJF,3,Financials
2023-12,RL,2,Consumer Discretionary
2023-12,RMD,2,Health Care
2023-12,ROK,2,Industrials
2023-12,ROL,2,Industrials
2023-12,ROP,2,Industrials
2023-12,ROST,2,Consumer Discretionary
2023-12,RRC,1,Energy
2023-12,RSG,2,Industrials
2023-12,RTX,2,Industrials
2023-12,RVTY,2,Health Care
2023-12,SANM,2,Unknown
2023-12,SBAC,2,Real Estate
2023-12,SBUX,2,Consumer Discretionary
2023-12,SCHW,3,Financials
2023-12,SCI,2,Consumer Discretionary
2023-12,SDS,2,Unknown
2023-12,SE,1,Unknown
2023-12,SEDG,1,Unknown
2023-12,SHW,2,Materials
2023-12,SIG,1,Unknown
2023-12,SII,2,Unknown
2023-12,SJM,2,Consumer Staples
2023-12,SLB,3,Energy
2023-12,SLG,3,Unknown
2023-12,SLM,3,Financials
2023-12,SMCI,1,Information Technology
2023-12,SNA,2,Industrials
2023-12,SNPS,2,Information Technology
2023-12,SO,2,Utilities
2023-12,SPG,2,Real Estate
2023-12,SPGI,2,Financials
2023-12,SRE,2,Utilities
2023-12,SSP,3,Unknown
2023-12,STE,2,Health Care
2023-12,STLD,2,Materials
2023-12,STT,3,Financials
2023-12,STX,2,Unknown
2023-12,STZ,2,Consumer Staples
2023-12,SUB,2,Unknown
2023-12,SUN,2,Unknown
2023-12,SW,2,Materials
2023-12,SWK,2,Industrials
2023-12,SWKS,3,Information Technology
2023-12,SYF,2,Financials
2023-12,SYK,2,Health Care
2023-12,SYY,2,Consumer Staples
2023-12,T,2,Communication Services
2023-12,TAP,2,Consumer Staples
2023-12,TDC,3,Information Technology
2023-12,TDG,3,Industrials
2023-12,TDY,2,Industrials
2023-12,TECH,2,Health Care
2023-12,TEL,2,Unknown
2023-12,TER,2,Information Technology
2023-12,TEX,2,Unknown
2023-12,TFC,3,Financials
2023-12,TFX,2,Health Care
2023-12,TGT,2,Consumer Staples
2023-12,THC,1,Health Care
2023-12,TJX,2,Consumer Discretionary
2023-12,TKO,2,Communication Services
2023-12,TKR,2,Industrials
2023-12,TMO,2,Health Care
2023-12,TMUS,2,Communication Services
2023-12,TPL,1,Energy
2023-12,TPR,2,Consumer Discretionary
2023-12,TRGP,1,Energy
2023-12,TRIP,3,Unknown
2023-12,TRMB,2,Information Technology
2023-12,TROW,3,Financials
2023-12,TRV,2,Financials
2023-12,TSCO,2,Consumer Discretionary
2023-12,TSLA,3,Consumer Discretionary
2023-12,TSN,2,Consumer Staples
2023-12,TT,2,Industrials
2023-12,TTD,1,Communication Services
2023-12,TTWO,2,Communication Services
2023-12,TX,2,Unknown
2023-12,TXN,2,Information Technology
2023-12,TXT,2,Industrials
2023-12,TYL,2,Information Technology
2023-12,UA,2,Consumer Discretionary
2023-12,UAA,2,Consumer Discretionary
2023-12,UAL,2,Industrials
2023-12,UDR,2,Real Estate
2023-12,UHS,2,Health Care
2023-12,UIS,3,Unknown
2023-12,ULTA,2,Consumer Discretionary
2023-12,UNH,2,Health Care
2023-12,UNM,3,Financials
2023-12,UNP,2,Industrials
2023-12,UPS,2,Industrials
2023-12,URBN,2,Unknown
2023-12,URI,2,Industrials
2023-12,USB,3,Financials
2023-12,UST,2,Unknown
2023-12,V,2,Financials
2023-12,VFC,2,Consumer Discretionary
2023-12,VIAV,3,Unknown
2023-12,VICI,2,Real Estate
2023-12,VLO,3,Energy
2023-12,VMC,2,Materials
2023-12,VNO,3,Real Estate
2023-12,VO,2,Unknown
2023-12,VRSK,2,Industrials
2023-12,VRSN,2,Information Technology
2023-12,VRTS,3,Unknown
2023-12,VRTX,2,Health Care
2023-12,VST,2,Utilities
2023-12,VTR,2,Real Estate
2023-12,VTRS,2,Health Care
2023-12,VZ,2,Communication Services
2023-12,WAB,2,Industrials
2023-12,WAT,2,Health Care
2023-12,WB,2,Unknown
2023-12,WBD,3,Communication Services
2023-12,WDAY,3,Information Technology
2023-12,WDC,2,Information Technology
2023-12,WEC,2,Utilities
2023-12,WELL,2,Real Estate
2023-12,WEN,2,Consumer Discretionary
2023-12,WFC,3,Financials
2023-12,WHR,2,Consumer Discretionary
2023-12,WM,2,Industrials
2023-12,WMB,2,Energy
2023-12,WMT,2,Consumer Staples
2023-12,WOR,2,Unknown
2023-12,WRB,2,Financials
2023-12,WSM,2,Consumer Discretionary
2023-12,WST,2,Health Care
2023-12,WTW,2,Financials
2023-12,WU,2,Information Technology
2023-12,WY,2,Real Estate
2023-12,WYNN,2,Consumer Discretionary
2023-12,XEL,2,Utilities
2023-12,XOM,2,Energy
2023-12,XRAY,2,Health Care
2023-12,XRX,2,Unknown
2023-12,XYL,2,Industrials
2023-12,XYZ,3,Financials
2023-12,YUM,2,Consumer Discretionary
2023-12,ZBH,2,Health Care
2023-12,ZBRA,2,Information Technology
2023-12,ZION,3,Financials
2023-12,ZTS,2,Health Care
2024-12,A,3,Health Care
2024-12,AAL,2,Industrials
2024-12,AAP,1,Unknown
2024-12,AAPL,3,Information Technology
2024-12,ABBV,3,Health Care
2024-12,ABT,3,Health Care
2024-12,ACGL,2,Financials
2024-12,ACN,3,Information Technology
2024-12,ACV,3,Unknown
2024-12,ADBE,3,Information Technology
2024-12,ADI,3,Information Technology
2024-12,ADM,3,Consumer Staples
2024-12,ADP,3,Industrials
2024-12,ADSK,3,Information Technology
2024-12,ADT,1,Consumer Discretionary
2024-12,AEE,3,Utilities
2024-12,AEP,3,Utilities
2024-12,AES,1,Utilities
2024-12,AFL,3,Financials
2024-12,AIG,2,Financials
2024-12,AIV,2,Unknown
2024-12,AIZ,3,Financials
2024-12,AJG,2,Financials
2024-12,AKAM,3,Information Technology
2024-12,AL,1,Industrials
2024-12,ALB,1,Materials
2024-12,ALGN,1,Health Care
2024-12,ALK,2,Industrials
2024-12,ALL,3,Financials
2024-12,ALLE,3,Industrials
2024-12,AM,1,Energy
2024-12,AMAT,3,Information Technology
2024-12,AMCR,3,Materials
2024-12,AMD,3,Information Technology
2024-12,AME,3,Industrials
2024-12,AMG,1,Financials
2024-12,AMGN,3,Health Care
2024-12,AMP,2,Financials
2024-12,AMT,3,Real Estate
2024-12,AMZN,3,Consumer Discretionary
2024-12,AN,1,Consumer Discretionary
2024-12,ANET,3,Information Technology
2024-12,ANF,2,Unknown
2024-12,AON,2,Financials
2024-12,AOS,3,Industrials
2024-12,APA,1,Energy
2024-12,APD,3,Materials
2024-12,APH,2,Information Technology
2024-12,APO,2,Financials
2024-12,APTV,1,Consumer Discretionary
2024-12,ARE,3,Real Estate
2024-12,ARES,2,Financials
2024-12,ASH,3,Materials
2024-12,ATI,1,Industrials
2024-12,ATO,3,Utilities
2024-12,AVB,2,Real Estate
2024-12,AVGO,3,Information Technology
2024-12,AVY,2,Materials
2024-12,AWK,3,Utilities
2024-12,AXON,1,Industrials
2024-12,AXP,2,Financials
2024-12,AYI,2,Industrials
2024-12,AZO,3,Consumer Discretionary
2024-12,BA,1,Industrials
2024-12,BAC,2,Financials
2024-12,BALL,2,Materials
2024-12,BAX,3,Health Care
2024-12,BBBY,1,Unknown
2024-12,BBT,2,Unknown
2024-12,BBWI,1,Consumer Discretionary
2024-12,BBY,3,Consumer Discretionary
2024-12,BC,1,Consumer Discretionary
2024-12,BDX,3,Health Care
2024-12,BEN,3,Financials
2024-12,BF.B,3,Consumer Staples
2024-12,BG,3,Consumer Staples
2024-12,BHF,2,Financials
2024-12,BIIB,3,Health Care
2024-12,BIO,1,Health Care
2024-12,BK,2,Unknown
2024-12,BKNG,2,Consumer Discretionary
2024-12,BKR,2,Energy
2024-12,BLDR,1,Industrials
2024-12,BLK,3,Financials
2024-12,BMY,3,Health Care
2024-12,BR,3,Industrials
2024-12,BRK.B,3,Financials
2024-12,BRO,2,Financials
2024-12,BSX,3,Health Care
2024-12,BUD,3,Unknown
2024-12,BWA,1,Consumer Discretionary
2024-12,BX,2,Financials
2024-12,BXP,1,Real Estate
2024-12,C,2,Financials
2024-12,CAG,3,Consumer Staples
2024-12,CAH,3,Health Care
2024-12,CAR,1,Industrials
2024-12,CAT,3,Industrials
2024-12,CB,2,Financials
2024-12,CBOE,2,Financials
2024-12,CBRE,2,Real Estate
2024-12,CCEP,3,Unknown
2024-12,CCI,3,Real Estate
2024-12,CCK,2,Materials
2024-12,CCL,2,Consumer Discretionary
2024-12,CCU,1,Unknown
2024-12,CDNS,3,Information Technology
2024-12,CDW,2,Information Technology
2024-12,CE,2,Materials
2024-12,CF,1,Materials
2024-12,CFG,2,Financials
2024-12,CG,2,Financials
2024-12,CHD,3,Consumer Staples
2024-12,CHRW,3,Industrials
2024-12,CHTR,3,Communication Services
2024-12,CI,3,Health Care
2024-12,CIEN,1,Information Technology
2024-12,CINF,3,Financials
2024-12,CL,3,Consumer Staples
2024-12,CLF,1,Materials
2024-12,CLX,3,Consumer Staples
2024-12,CMCSA,3,Communication Services
2024-12,CME,3,Financials
2024-12,CMG,3,Consumer Discretionary
2024-12,CMI,3,Industrials
2024-12,CMS,3,Utilities
2024-12,CNC,3,Health Care
2024-12,CNP,3,Utilities
2024-12,CNX,1,Unknown
2024-12,CNXT,3,Unknown
2024-12,COF,2,Financials
2024-12,COMS,1,Unknown
2024-12,COO,3,Health Care
2024-12,COP,2,Energy
2024-12,COR,3,Health Care
2024-12,COST,3,Consumer Staples
2024-12,COTY,1,Consumer Staples
2024-12,CPAY,2,Financials
2024-12,CPB,3,Consumer Staples
2024-12,CPRI,1,Unknown
2024-12,CPRT,2,Industrials
2024-12,CPT,3,Real Estate
2024-12,CRH,3,Materials
2024-12,CRL,2,Health Care
2024-12,CRM,3,Information Technology
2024-12,CRWD,2,Information Technology
2024-12,CSCO,3,Information Technology
2024-12,CSGP,3,Real Estate
2024-12,CSR,3,Unknown
2024-12,CSX,3,Industrials
2024-12,CTAS,2,Industrials
2024-12,CTRA,3,Unknown
2024-12,CTSH,3,Information Technology
2024-12,CTVA,3,Materials
2024-12,CVG,3,Unknown
2024-12,CVNA,2,Consumer Discretionary
2024-12,CVS,3,Health Care
2024-12,CVX,3,Energy
2024-12,CZR,1,Consumer Discretionary
2024-12,D,3,Utilities
2024-12,DAL,2,Industrials
2024-12,DD,1,Materials
2024-12,DDOG,2,Information Technology
2024-12,DDS,1,Consumer Discretionary
2024-12,DE,3,Industrials
2024-12,DECK,2,Consumer Discretionary
2024-12,DELL,3,Information Technology
2024-12,DG,3,Consumer Staples
2024-12,DGX,3,Health Care
2024-12,DHI,1,Consumer Discretionary
2024-12,DHR,3,Health Care
2024-12,DIS,3,Communication Services
2024-12,DLR,3,Real Estate
2024-12,DLTR,1,Consumer Staples
2024-12,DLX,1,Unknown
2024-12,DOC,3,Real Estate
2024-12,DOV,2,Industrials
2024-12,DOW,3,Materials
2024-12,DPZ,3,Consumer Discretionary
2024-12,DRI,2,Consumer Discretionary
2024-12,DTE,3,Utilities
2024-12,DUK,3,Utilities
2024-12,DVA,3,Health Care
2024-12,DVN,2,Energy
2024-12,DXC,1,Information Technology
2024-12,DXCM,3,Health Care
2024-12,EA,3,Communication Services
2024-12,EBAY,1,Consumer Discretionary
2024-12,EC,2,Unknown
2024-12,ECL,3,Materials
2024-12,ED,3,Utilities
2024-12,EFU,3,Unknown
2024-12,EFX,3,Industrials
2024-12,EG,2,Financials
2024-12,EHC,3,Health Care
2024-12,EIX,3,Utilities
2024-12,EL,1,Consumer Staples
2024-12,ELV,3,Health Care
2024-12,EME,2,Industrials
2024-12,EMN,3,Materials
2024-12,EMR,3,Industrials
2024-12,ENPH,1,Information Technology
2024-12,EOG,2,Energy
2024-12,EP,1,Unknown
2024-12,EPAM,3,Information Technology
2024-12,EQIX,3,Real Estate
2024-12,EQR,3,Real Estate
2024-12,EQT,1,Energy
2024-12,ERIE,3,Unknown
2024-12,ES,3,Utilities
2024-12,ESS,3,Real Estate
2024-12,ETN,2,Industrials
2024-12,ETR,3,Utilities
2024-12,ETSY,1,Consumer Discretionary
2024-12,EVRG,3,Utilities
2024-12,EW,3,Health Care
2024-12,EXC,3,Utilities
2024-12,EXPD,3,Industrials
2024-12,EXPE,2,Consumer Discretionary
2024-12,EXR,3,Real Estate
2024-12,F,1,Consumer Discretionary
2024-12,FANG,2,Energy
2024-12,FAST,3,Industrials
2024-12,FCPT,3,Unknown
2024-12,FCX,1,Materials
2024-12,FDS,3,Financials
2024-12,FDX,3,Industrials
2024-12,FE,3,Utilities
2024-12,FFIV,1,Information Technology
2024-12,FHN,1,Financials
2024-12,FICO,2,Information Technology
2024-12,FIS,2,Financials
2024-12,FISV,2,Financials
2024-12,FITB,2,Financials
2024-12,FIX,2,Industrials
2024-12,FLR,1,Unknown
2024-12,FLS,2,Industrials
2024-12,FMC,1,Materials
2024-12,FMCC,2,Unknown
2024-12,FNMA,2,Unknown
2024-12,FOSL,1,Unknown
2024-12,FOX,2,Communication Services
2024-12,FOXA,2,Communication Services
2024-12,FRT,3,Real Estate
2024-12,FSLR,1,Information Technology
2024-12,FTI,2,Energy
2024-12,FTNT,3,Information Technology
2024-12,FTV,2,Industrials
2024-12,G,3,Industrials
2024-12,GD,3,Industrials
2024-12,GDDY,3,Information Technology
2024-12,GE,2,Industrials
2024-12,GEN,3,Information Technology
2024-12,GENZ,3,Unknown
2024-12,GHC,3,Unknown
2024-12,GILD,3,Health Care
2024-12,GIS,3,Consumer Staples
2024-12,GL,2,Financials
2024-12,GLW,3,Information Technology
2024-12,GM,1,Consumer Discretionary
2024-12,GNRC,2,Industrials
2024-12,GNW,2,Unknown
2024-12,GOOG,2,Communication Services
2024-12,GOOGL,2,Communication Services
2024-12,GPC,3,Consumer Discretionary
2024-12,GPN,2,Financials
2024-12,GRMN,3,Consumer Discretionary
2024-12,GS,2,Financials
2024-12,GT,2,Unknown
2024-12,GTE,2,Unknown
2024-12,GWW,3,Industrials
2024-12,H,2,Consumer Discretionary
2024-12,HAL,2,Energy
2024-12,HAS,3,Consumer Discretionary
2024-12,HBAN,2,Financials
2024-12,HCA,3,Health Care
2024-12,HD,3,Consumer Discretionary
2024-12,HIG,2,Financials
2024-12,HII,2,Industrials
2024-12,HLT,2,Consumer Discretionary
2024-12,HOG,1,Consumer Discretionary
2024-12,HON,3,Industrials
2024-12,HP,2,Unknown
2024-12,HPE,2,Information Technology
2024-12,HPQ,3,Information Technology
2024-12,HRB,2,Consumer Discretionary
2024-12,HRL,3,Consumer Staples
2024-12,HSIC,3,Health Care
2024-12,HST,2,Real Estate
2024-12,HSY,3,Consumer Staples
2024-12,HUBB,2,Industrials
2024-12,HUM,1,Health Care
2024-12,HWM,1,Industrials
2024-12,IBKR,3,Financials
2024-12,IBM,3,Information Technology
2024-12,ICE,3,Financials
2024-12,IDXX,1,Health Care
2024-12,IEX,3,Industrials
2024-12,IFF,3,Materials
2024-12,ILMN,1,Health Care
2024-12,INCY,1,Health Care
2024-12,INTC,1,Information Technology
2024-12,INTU,3,Information Technology
2024-12,INVH,2,Real Estate
2024-12,IP,2,Materials
2024-12,IPGP,1,Information Technology
2024-12,IQV,3,Health Care
2024-12,IR,2,Industrials
2024-12,IRM,3,Real Estate
2024-12,ISRG,3,Health Care
2024-12,IT,2,Information Technology
2024-12,ITT,3,Industrials
2024-12,ITW,3,Industrials
2024-12,IVZ,1,Financials
2024-12,J,2,Industrials
2024-12,JBHT,3,Industrials
2024-12,JBL,3,Information Technology
2024-12,JCI,3,Industrials
2024-12,JEF,2,Financials
2024-12,JKHY,3,Financials
2024-12,JNJ,3,Health Care
2024-12,JPM,2,Financials
2024-12,KBH,1,Unknown
2024-12,KDP,3,Consumer Staples
2024-12,KEY,2,Financials
2024-12,KEYS,1,Information Technology
2024-12,KG,1,Unknown
2024-12,KHC,3,Consumer Staples
2024-12,KIM,3,Real Estate
2024-12,KKR,2,Financials
2024-12,KLAC,3,Information Technology
2024-12,KMB,3,Consumer Staples
2024-12,KMI,3,Energy
2024-12,KMX,1,Consumer Discretionary
2024-12,KO,3,Consumer Staples
2024-12,KR,3,Consumer Staples
2024-12,KSS,1,Unknown
2024-12,L,3,Financials
2024-12,LDOS,3,Industrials
2024-12,LEG,2,Unknown
2024-12,LEN,1,Consumer Discretionary
2024-12,LH,3,Health Care
2024-12,LHX,3,Industrials
2024-12,LII,3,Industrials
2024-12,LIN,3,Materials
2024-12,LKQ,3,Consumer Discretionary
2024-12,LLY,3,Health Care
2024-12,LMT,3,Industrials
2024-12,LNC,2,Financials
2024-12,LNT,3,Utilities
2024-12,LOW,3,Consumer Discretionary
2024-12,LPX,1,Materials
2024-12,LRCX,3,Information Technology
2024-12,LULU,3,Consumer Discretionary
2024-12,LUMN,1,Unknown
2024-12,LUV,2,Industrials
2024-12,LVS,2,Consumer Discretionary
2024-12,LW,3,Consumer Staples
2024-12,LYB,2,Materials
2024-12,LYV,2,Communication Services
2024-12,M,1,Consumer Discretionary
2024-12,MA,3,Financials
2024-12,MAA,3,Real Estate
2024-12,MAC,1,Unknown
2024-12,MAR,2,Consumer Discretionary
2024-12,MAS,3,Industrials
2024-12,MAT,2,Consumer Discretionary
2024-12,MBI,2,Unknown
2024-12,MCD,3,Consumer Discretionary
2024-12,MCHP,1,Information Technology
2024-12,MCK,3,Health Care
2024-12,MCO,3,Financials
2024-12,MDLZ,3,Consumer Staples
2024-12,MDT,3,Health Care
2024-12,MET,2,Financials
2024-12,META,3,Communication Services
2024-12,MGM,1,Consumer Discretionary
2024-12,MHK,1,Consumer Discretionary
2024-12,MKC,3,Consumer Staples
2024-12,MKTX,1,Financials
2024-12,MLM,2,Materials
2024-12,MMI,1,Unknown
2024-12,MMM,3,Industrials
2024-12,MNST,3,Consumer Staples
2024-12,MO,3,Consumer Staples
2024-12,MOH,3,Health Care
2024-12,MOS,2,Materials
2024-12,MPC,2,Energy
2024-12,MPWR,3,Information Technology
2024-12,MRK,3,Health Care
2024-12,MRNA,1,Health Care
2024-12,MS,2,Financials
2024-12,MSCI,3,Financials
2024-12,MSFT,3,Information Technology
2024-12,MSI,3,Information Technology
2024-12,MTB,2,Financials
2024-12,MTCH,1,Communication Services
2024-12,MTD,1,Health Care
2024-12,MTG,2,Financials
2024-12,MTW,1,Unknown
2024-12,MU,1,Information Technology
2024-12,MUR,2,Unknown
2024-12,NAVI,1,Unknown
2024-12,NBR,1,Unknown
2024-12,NC,1,Unknown
2024-12,NCLH,2,Consumer Discretionary
2024-12,NDAQ,3,Financials
2024-12,NDSN,3,Industrials
2024-12,NEE,3,Utilities
2024-12,NEM,1,Materials
2024-12,NFLX,3,Communication Services
2024-12,NI,3,Utilities
2024-12,NKE,1,Consumer Discretionary
2024-12,NKTR,1,Unknown
2024-12,NOC,3,Industrials
2024-12,NOV,2,Energy
2024-12,NOW,3,Information Technology
2024-12,NRG,3,Utilities
2024-12,NSC,3,Industrials
2024-12,NTAP,3,Information Technology
2024-12,NTRS,2,Financials
2024-12,NUE,1,Materials
2024-12,NVDA,3,Information Technology
2024-12,NVR,3,Consumer Discretionary
2024-12,NWL,1,Consumer Discretionary
2024-12,NWS,3,Communication Services
2024-12,NWSA,3,Communication Services
2024-12,NXPI,2,Unknown
2024-12,NYT,3,Communication Services
2024-12,O,3,Real Estate
2024-12,ODFL,1,Industrials
2024-12,OI,1,Unknown
2024-12,OKE,2,Energy
2024-12,OMC,3,Communication Services
2024-12,ON,1,Information Technology
2024-12,ORCL,3,Information Technology
2024-12,ORLY,3,Consumer Discretionary
2024-12,OXY,2,Energy
2024-12,PANW,3,Information Technology
2024-12,PAYC,1,Information Technology
2024-12,PAYX,3,Industrials
2024-12,PBI,1,Unknown
2024-12,PCAR,3,Industrials
2024-12,PCG,2,Utilities
2024-12,PD,1,Unknown
2024-12,PEG,3,Utilities
2024-12,PENN,1,Consumer Discretionary
2024-12,PEP,3,Consumer Staples
2024-12,PFE,1,Health Care
2024-12,PFG,2,Financials
2024-12,PG,3,Consumer Staples
2024-12,PGR,3,Financials
2024-12,PH,3,Industrials
2024-12,PHM,1,Consumer Discretionary
2024-12,PKG,3,Materials
2024-12,PLD,3,Real Estate
2024-12,PM,3,Consumer Staples
2024-12,PNC,2,Financials
2024-12,PNR,3,Industrials
2024-12,PNW,3,Utilities
2024-12,PODD,3,Health Care
2024-12,POOL,1,Consumer Discretionary
2024-12,PPG,3,Materials
2024-12,PPL,3,Utilities
2024-12,PRGO,3,Health Care
2024-12,PRU,2,Financials
2024-12,PSA,3,Real Estate
2024-12,PSKY,2,Unknown
2024-12,PSX,2,Energy
2024-12,PTC,3,Information Technology
2024-12,PVH,1,Consumer Discretionary
2024-12,PWJ,3,Unknown
2024-12,PWR,2,Industrials
2024-12,PYPL,3,Financials
2024-12,QCOM,1,Information Technology
2024-12,QRVO,3,Information Technology
2024-12,R,2,Industrials
2024-12,RCL,2,Consumer Discretionary
2024-12,REG,3,Real Estate
2024-12,RF,2,Financials
2024-12,RHI,2,Industrials
2024-12,RIG,1,Unknown
2024-12,RJF,2,Financials
2024-12,RL,2,Consumer Discretionary
2024-12,RMD,3,Health Care
2024-12,ROK,1,Industrials
2024-12,ROL,3,Industrials
2024-12,ROP,3,Industrials
2024-12,ROST,3,Consumer Discretionary
2024-12,RRC,1,Energy
2024-12,RSG,3,Industrials
2024-12,RTX,2,Industrials
2024-12,RVTY,1,Health Care
2024-12,SANM,3,Unknown
2024-12,SBAC,3,Real Estate
2024-12,SBUX,3,Consumer Discretionary
2024-12,SCHW,2,Financials
2024-12,SCI,3,Consumer Discretionary
2024-12,SDS,3,Unknown
2024-12,SE,1,Unknown
2024-12,SEDG,1,Unknown
2024-12,SHW,3,Materials
2024-12,SIG,1,Unknown
2024-12,SII,1,Unknown
2024-12,SJM,3,Consumer Staples
2024-12,SLB,2,Energy
2024-12,SLG,2,Unknown
2024-12,SLM,1,Financials
2024-12,SMCI,2,Information Technology
2024-12,SNA,3,Industrials
2024-12,SNPS,3,Information Technology
2024-12,SO,3,Utilities
2024-12,SPG,2,Real Estate
2024-12,SPGI,3,Financials
2024-12,SRE,3,Utilities
2024-12,SSP,2,Unknown
2024-12,STE,3,Health Care
2024-12,STLD,2,Materials
2024-12,STT,2,Financials
2024-12,STX,2,Unknown
2024-12,STZ,3,Consumer Staples
2024-12,SUB,3,Unknown
2024-12,SUN,2,Unknown
2024-12,SW,3,Materials
2024-12,SWK,1,Industrials
2024-12,SWKS,3,Information Technology
2024-12,SYF,2,Financials
2024-12,SYK,3,Health Care
2024-12,SYY,3,Consumer Staples
2024-12,T,3,Communication Services
2024-12,TAP,3,Consumer Staples
2024-12,TDC,3,Information Technology
2024-12,TDG,2,Industrials
2024-12,TDY,3,Industrials
2024-12,TECH,1,Health Care
2024-12,TEL,3,Unknown
2024-12,TER,1,Information Technology
2024-12,TEX,1,Unknown
2024-12,TFC,2,Financials
2024-12,TFX,1,Health Care
2024-12,TGT,3,Consumer Staples
2024-12,THC,1,Health Care
2024-12,TJX,3,Consumer Discretionary
2024-12,TKO,1,Communication Services
2024-12,TKR,1,Industrials
2024-12,TMO,3,Health Care
2024-12,TMUS,3,Communication Services
2024-12,TPL,1,Energy
2024-12,TPR,2,Consumer Discretionary
2024-12,TRGP,2,Energy
2024-12,TRIP,2,Unknown
2024-12,TRMB,3,Information Technology
2024-12,TROW,3,Financials
2024-12,TRV,3,Financials
2024-12,TSCO,3,Consumer Discretionary
2024-12,TSLA,1,Consumer Discretionary
2024-12,TSN,3,Consumer Staples
2024-12,TT,2,Industrials
2024-12,TTD,1,Communication Services
2024-12,TTWO,3,Communication Services
2024-12,TX,1,Unknown
2024-12,TXN,3,Information Technology
2024-12,TXT,3,Industrials
2024-12,TYL,3,Information Technology
2024-12,UA,1,Consumer Discretionary
2024-12,UAA,1,Consumer Discretionary
2024-12,UAL,2,Industrials
2024-12,UBER,2,Industrials
2024-12,UDR,3,Real Estate
2024-12,UHS,3,Health Care
2024-12,UIS,2,Unknown
2024-12,UK,2,Unknown
2024-12,ULTA,3,Consumer Discretionary
2024-12,UNH,3,Health Care
2024-12,UNM,2,Financials
2024-12,UNP,3,Industrials
2024-12,UPS,3,Industrials
2024-12,URBN,1,Unknown
2024-12,URI,1,Industrials
2024-12,USB,2,Financials
2024-12,UST,3,Unknown
2024-12,V,3,Financials
2024-12,VFC,1,Consumer Discretionary
2024-12,VIAV,1,Unknown
2024-12,VICI,3,Real Estate
2024-12,VLO,2,Energy
2024-12,VMC,2,Materials
2024-12,VNO,2,Real Estate
2024-12,VO,3,Unknown
2024-12,VRSK,3,Industrials
2024-12,VRSN,3,Information Technology
2024-12,VRTS,2,Unknown
2024-12,VRTX,3,Health Care
2024-12,VST,3,Utilities
2024-12,VTR,2,Real Estate
2024-12,VTRS,3,Health Care
2024-12,VZ,3,Communication Services
2024-12,WAB,3,Industrials
2024-12,WAT,3,Health Care
2024-12,WB,3,Unknown
2024-12,WBD,1,Communication Services
2024-12,WDAY,3,Information Technology
2024-12,WDC,2,Information Technology
2024-12,WEC,3,Utilities
2024-12,WELL,2,Real Estate
2024-12,WEN,3,Consumer Discretionary
2024-12,WFC,2,Financials
2024-12,WHR,1,Consumer Discretionary
2024-12,WM,3,Industrials
2024-12,WMB,2,Energy
2024-12,WMT,3,Consumer Staples
2024-12,WOR,1,Unknown
2024-12,WRB,3,Financials
2024-12,WSM,1,Consumer Discretionary
2024-12,WST,3,Health Care
2024-12,WTW,3,Financials
2024-12,WU,3,Information Technology
2024-12,WY,3,Real Estate
2024-12,WYNN,1,Consumer Discretionary
2024-12,XEL,3,Utilities
2024-12,XOM,3,Energy
2024-12,XRAY,3,Health Care
2024-12,XRX,1,Unknown
2024-12,XYL,2,Industrials
2024-12,XYZ,2,Financials
2024-12,YUM,3,Consumer Discretionary
2024-12,ZBH,3,Health Care
2024-12,ZBRA,1,Information Technology
2024-12,ZION,2,Financials
2024-12,ZTS,3,Health Care
